Linux 6.8.0-71-generic (r8s-cp-wlp7h-lhvgq) 	02/03/26 	_x86_64_	(2 CPU)

# Time        UID      TGID       TID    %usr %system  %guest   %wait    %CPU   CPU  minflt/s  majflt/s     VSZ     RSS   %MEM StkSize  StkRef   kB_rd/s   kB_wr/s kB_ccwr/s iodelay  Command
05:39:12        0         1         -    0.00    0.00    0.00    0.00    0.00     1      0.00      0.00   23608   12776   0.32     132      52      0.00      0.00      0.00       0  systemd
05:39:12        0         -         1    0.00    0.00    0.00    0.00    0.00     1      0.00      0.00   23608   12776   0.32     132      52      0.00      0.00      0.00       0  |__systemd
05:39:12        0         2         -    0.00    0.00    0.00    0.00    0.00     0      0.00      0.00       0       0   0.00       0       0      0.00      0.00      0.00       0  kthreadd
05:39:12        0         -         2    0.00    0.00    0.00    0.00    0.00     0      0.00      0.00       0       0   0.00       0       0      0.00      0.00      0.00       0  |__kthreadd
05:39:12        0         3         -    0.00    0.00    0.00    0.00    0.00     0      0.00      0.00       0       0   0.00       0       0      0.00      0.00      0.00       0  pool_workqueue_release
05:39:12        0         -         3    0.00    0.00    0.00    0.00    0.00     0      0.00      0.00       0       0   0.00       0       0      0.00      0.00      0.00       0  |__pool_workqueue_release
05:39:12        0         4         -    0.00    0.00    0.00    0.00    0.00     0      0.00      0.00       0       0   0.00       0       0      0.00      0.00      0.00       0  kworker/R-rcu_g
05:39:12        0         -         4    0.00    0.00    0.00    0.00    0.00     0      0.00      0.00       0       0   0.00       0       0      0.00      0.00      0.00       0  |__kworker/R-rcu_g
05:39:12        0         5         -    0.00    0.00    0.00    0.00    0.00     0      0.00      0.00       0       0   0.00       0       0      0.00      0.00      0.00       0  kworker/R-rcu_p
05:39:12        0         -         5    0.00    0.00    0.00    0.00    0.00     0      0.00      0.00       0       0   0.00       0       0      0.00      0.00      0.00       0  |__kworker/R-rcu_p
05:39:12        0         6         -    0.00    0.00    0.00    0.00    0.00     0      0.00      0.00       0       0   0.00       0       0      0.00      0.00      0.00       0  kworker/R-slub_
05:39:12        0         -         6    0.00    0.00    0.00    0.00    0.00     0      0.00      0.00       0       0   0.00       0       0      0.00      0.00      0.00       0  |__kworker/R-slub_
05:39:12        0         7         -    0.00    0.00    0.00    0.00    0.00     0      0.00      0.00       0       0   0.00       0       0      0.00      0.00      0.00       0  kworker/R-netns
05:39:12        0         -         7    0.00    0.00    0.00    0.00    0.00     0      0.00      0.00       0       0   0.00       0       0      0.00      0.00      0.00       0  |__kworker/R-netns
05:39:12        0         9         -    0.00    0.00    0.00    0.00    0.00     0      0.00      0.00       0       0   0.00       0       0      0.00      0.00      0.00       0  kworker/0:0H-events_highpri
05:39:12        0         -         9    0.00    0.00    0.00    0.00    0.00     0      0.00      0.00       0       0   0.00       0       0      0.00      0.00      0.00       0  |__kworker/0:0H-events_highpri
05:39:12        0        11         -    0.00    0.00    0.00    0.00    0.00     0      0.00      0.00       0       0   0.00       0       0      0.00      0.00      0.00       0  kworker/u4:0-ext4-rsv-conversion
05:39:12        0         -        11    0.00    0.00    0.00    0.00    0.00     0      0.00      0.00       0       0   0.00       0       0      0.00      0.00      0.00       0  |__kworker/u4:0-ext4-rsv-conversion
05:39:12        0        12         -    0.00    0.00    0.00    0.00    0.00     0      0.00      0.00       0       0   0.00       0       0      0.00      0.00      0.00       0  kworker/R-mm_pe
05:39:12        0         -        12    0.00    0.00    0.00    0.00    0.00     0      0.00      0.00       0       0   0.00       0       0      0.00      0.00      0.00       0  |__kworker/R-mm_pe
05:39:12        0        13         -    0.00    0.00    0.00    0.00    0.00     0      0.00      0.00       0       0   0.00       0       0      0.00      0.00      0.00       0  rcu_tasks_kthread
05:39:12        0         -        13    0.00    0.00    0.00    0.00    0.00     0      0.00      0.00       0       0   0.00       0       0      0.00      0.00      0.00       0  |__rcu_tasks_kthread
05:39:12        0        14         -    0.00    0.00    0.00    0.00    0.00     0      0.00      0.00       0       0   0.00       0       0      0.00      0.00      0.00       0  rcu_tasks_rude_kthread
05:39:12        0         -        14    0.00    0.00    0.00    0.00    0.00     0      0.00      0.00       0       0   0.00       0       0      0.00      0.00      0.00       0  |__rcu_tasks_rude_kthread
05:39:12        0        15         -    0.00    0.00    0.00    0.00    0.00     1      0.00      0.00       0       0   0.00       0       0      0.00      0.00      0.00       0  rcu_tasks_trace_kthread
05:39:12        0         -        15    0.00    0.00    0.00    0.00    0.00     1      0.00      0.00       0       0   0.00       0       0      0.00      0.00      0.00       0  |__rcu_tasks_trace_kthread
05:39:12        0        16         -    0.00    0.00    0.00    0.00    0.00     0      0.00      0.00       0       0   0.00       0       0      0.00      0.00      0.00       0  ksoftirqd/0
05:39:12        0         -        16    0.00    0.00    0.00    0.00    0.00     0      0.00      0.00       0       0   0.00       0       0      0.00      0.00      0.00       0  |__ksoftirqd/0
05:39:12        0        17         -    0.00    0.00    0.00    0.39    0.00     0      0.00      0.00       0       0   0.00       0       0      0.00      0.00      0.00       0  rcu_preempt
05:39:12        0         -        17    0.00    0.00    0.00    0.39    0.00     0      0.00      0.00       0       0   0.00       0       0      0.00      0.00      0.00       0  |__rcu_preempt
05:39:12        0        18         -    0.00    0.00    0.00    0.00    0.00     0      0.00      0.00       0       0   0.00       0       0      0.00      0.00      0.00       0  migration/0
05:39:12        0         -        18    0.00    0.00    0.00    0.00    0.00     0      0.00      0.00       0       0   0.00       0       0      0.00      0.00      0.00       0  |__migration/0
05:39:12        0        19         -    0.00    0.00    0.00    0.00    0.00     0      0.00      0.00       0       0   0.00       0       0      0.00      0.00      0.00       0  idle_inject/0
05:39:12        0         -        19    0.00    0.00    0.00    0.00    0.00     0      0.00      0.00       0       0   0.00       0       0      0.00      0.00      0.00       0  |__idle_inject/0
05:39:12        0        20         -    0.00    0.00    0.00    0.00    0.00     0      0.00      0.00       0       0   0.00       0       0      0.00      0.00      0.00       0  cpuhp/0
05:39:12        0         -        20    0.00    0.00    0.00    0.00    0.00     0      0.00      0.00       0       0   0.00       0       0      0.00      0.00      0.00       0  |__cpuhp/0
05:39:12        0        21         -    0.00    0.00    0.00    0.00    0.00     1      0.00      0.00       0       0   0.00       0       0      0.00      0.00      0.00       0  cpuhp/1
05:39:12        0         -        21    0.00    0.00    0.00    0.00    0.00     1      0.00      0.00       0       0   0.00       0       0      0.00      0.00      0.00       0  |__cpuhp/1
05:39:12        0        22         -    0.00    0.00    0.00    0.00    0.00     1      0.00      0.00       0       0   0.00       0       0      0.00      0.00      0.00       0  idle_inject/1
05:39:12        0         -        22    0.00    0.00    0.00    0.00    0.00     1      0.00      0.00       0       0   0.00       0       0      0.00      0.00      0.00       0  |__idle_inject/1
05:39:12        0        23         -    0.00    0.00    0.00    0.00    0.00     1      0.00      0.00       0       0   0.00       0       0      0.00      0.00      0.00       0  migration/1
05:39:12        0         -        23    0.00    0.00    0.00    0.00    0.00     1      0.00      0.00       0       0   0.00       0       0      0.00      0.00      0.00       0  |__migration/1
05:39:12        0        24         -    0.00    0.00    0.00    0.00    0.00     1      0.00      0.00       0       0   0.00       0       0      0.00      0.00      0.00       0  ksoftirqd/1
05:39:12        0         -        24    0.00    0.00    0.00    0.00    0.00     1      0.00      0.00       0       0   0.00       0       0      0.00      0.00      0.00       0  |__ksoftirqd/1
05:39:12        0        26         -    0.00    0.00    0.00    0.00    0.00     1      0.00      0.00       0       0   0.00       0       0      0.00      0.00      0.00       0  kworker/1:0H-kblockd
05:39:12        0         -        26    0.00    0.00    0.00    0.00    0.00     1      0.00      0.00       0       0   0.00       0       0      0.00      0.00      0.00       0  |__kworker/1:0H-kblockd
05:39:12        0        27         -    0.00    0.00    0.00    0.00    0.00     1      0.00      0.00       0       0   0.00       0       0      0.00      0.00      0.00       0  kworker/u5:0-events_power_efficient
05:39:12        0         -        27    0.00    0.00    0.00    0.00    0.00     1      0.00      0.00       0       0   0.00       0       0      0.00      0.00      0.00       0  |__kworker/u5:0-events_power_efficient
05:39:12        0        29         -    0.00    0.00    0.00    0.00    0.00     0      0.00      0.00       0       0   0.00       0       0      0.00      0.00      0.00       0  kdevtmpfs
05:39:12        0         -        29    0.00    0.00    0.00    0.00    0.00     0      0.00      0.00       0       0   0.00       0       0      0.00      0.00      0.00       0  |__kdevtmpfs
05:39:12        0        30         -    0.00    0.00    0.00    0.00    0.00     1      0.00      0.00       0       0   0.00       0       0      0.00      0.00      0.00       0  kworker/R-inet_
05:39:12        0         -        30    0.00    0.00    0.00    0.00    0.00     1      0.00      0.00       0       0   0.00       0       0      0.00      0.00      0.00       0  |__kworker/R-inet_
05:39:12        0        31         -    0.00    0.00    0.00    0.00    0.00     0      0.00      0.00       0       0   0.00       0       0      0.00      0.00      0.00       0  kworker/u5:1-events_power_efficient
05:39:12        0         -        31    0.00    0.00    0.00    0.00    0.00     0      0.00      0.00       0       0   0.00       0       0      0.00      0.00      0.00       0  |__kworker/u5:1-events_power_efficient
05:39:12        0        32         -    0.00    0.00    0.00    0.00    0.00     1      0.00      0.00       0       0   0.00       0       0      0.00      0.00      0.00       0  kauditd
05:39:12        0         -        32    0.00    0.00    0.00    0.00    0.00     1      0.00      0.00       0       0   0.00       0       0      0.00      0.00      0.00       0  |__kauditd
05:39:12        0        33         -    0.00    0.00    0.00    0.00    0.00     1      0.00      0.00       0       0   0.00       0       0      0.00      0.00      0.00       0  khungtaskd
05:39:12        0         -        33    0.00    0.00    0.00    0.00    0.00     1      0.00      0.00       0       0   0.00       0       0      0.00      0.00      0.00       0  |__khungtaskd
05:39:12        0        34         -    0.00    0.00    0.00    0.00    0.00     0      0.00      0.00       0       0   0.00       0       0      0.00      0.00      0.00       0  oom_reaper
05:39:12        0         -        34    0.00    0.00    0.00    0.00    0.00     0      0.00      0.00       0       0   0.00       0       0      0.00      0.00      0.00       0  |__oom_reaper
05:39:12        0        35         -    0.00    0.00    0.00    0.00    0.00     0      0.00      0.00       0       0   0.00       0       0      0.00      0.00      0.00       0  kworker/u5:2-events_power_efficient
05:39:12        0         -        35    0.00    0.00    0.00    0.00    0.00     0      0.00      0.00       0       0   0.00       0       0      0.00      0.00      0.00       0  |__kworker/u5:2-events_power_efficient
05:39:12        0        36         -    0.00    0.00    0.00    0.00    0.00     0      0.00      0.00       0       0   0.00       0       0      0.00      0.00      0.00       0  kworker/R-write
05:39:12        0         -        36    0.00    0.00    0.00    0.00    0.00     0      0.00      0.00       0       0   0.00       0       0      0.00      0.00      0.00       0  |__kworker/R-write
05:39:12        0        37         -    0.00    0.00    0.00    0.00    0.00     0      0.00      0.00       0       0   0.00       0       0      0.00      0.00      0.00       0  kcompactd0
05:39:12        0         -        37    0.00    0.00    0.00    0.00    0.00     0      0.00      0.00       0       0   0.00       0       0      0.00      0.00      0.00       0  |__kcompactd0
05:39:12        0        38         -    0.00    0.00    0.00    0.00    0.00     0      0.00      0.00       0       0   0.00       0       0      0.00      0.00      0.00       0  ksmd
05:39:12        0         -        38    0.00    0.00    0.00    0.00    0.00     0      0.00      0.00       0       0   0.00       0       0      0.00      0.00      0.00       0  |__ksmd
05:39:12        0        39         -    0.00    0.00    0.00    0.00    0.00     0      0.00      0.00       0       0   0.00       0       0      0.00      0.00      0.00       0  khugepaged
05:39:12        0         -        39    0.00    0.00    0.00    0.00    0.00     0      0.00      0.00       0       0   0.00       0       0      0.00      0.00      0.00       0  |__khugepaged
05:39:12        0        40         -    0.00    0.00    0.00    0.00    0.00     0      0.00      0.00       0       0   0.00       0       0      0.00      0.00      0.00       0  kworker/R-kinte
05:39:12        0         -        40    0.00    0.00    0.00    0.00    0.00     0      0.00      0.00       0       0   0.00       0       0      0.00      0.00      0.00       0  |__kworker/R-kinte
05:39:12        0        41         -    0.00    0.00    0.00    0.00    0.00     0      0.00      0.00       0       0   0.00       0       0      0.00      0.00      0.00       0  kworker/R-kbloc
05:39:12        0         -        41    0.00    0.00    0.00    0.00    0.00     0      0.00      0.00       0       0   0.00       0       0      0.00      0.00      0.00       0  |__kworker/R-kbloc
05:39:12        0        42         -    0.00    0.00    0.00    0.00    0.00     0      0.00      0.00       0       0   0.00       0       0      0.00      0.00      0.00       0  kworker/R-blkcg
05:39:12        0         -        42    0.00    0.00    0.00    0.00    0.00     0      0.00      0.00       0       0   0.00       0       0      0.00      0.00      0.00       0  |__kworker/R-blkcg
05:39:12        0        43         -    0.00    0.00    0.00    0.00    0.00     1      0.00      0.00       0       0   0.00       0       0      0.00      0.00      0.00       0  irq/9-acpi
05:39:12        0         -        43    0.00    0.00    0.00    0.00    0.00     1      0.00      0.00       0       0   0.00       0       0      0.00      0.00      0.00       0  |__irq/9-acpi
05:39:12        0        44         -    0.00    0.00    0.00    0.00    0.00     1      0.00      0.00       0       0   0.00       0       0      0.00      0.00      0.00       0  kworker/R-tpm_d
05:39:12        0         -        44    0.00    0.00    0.00    0.00    0.00     1      0.00      0.00       0       0   0.00       0       0      0.00      0.00      0.00       0  |__kworker/R-tpm_d
05:39:12        0        45         -    0.00    0.00    0.00    0.00    0.00     1      0.00      0.00       0       0   0.00       0       0      0.00      0.00      0.00       0  kworker/R-ata_s
05:39:12        0         -        45    0.00    0.00    0.00    0.00    0.00     1      0.00      0.00       0       0   0.00       0       0      0.00      0.00      0.00       0  |__kworker/R-ata_s
05:39:12        0        46         -    0.00    0.00    0.00    0.00    0.00     1      0.00      0.00       0       0   0.00       0       0      0.00      0.00      0.00       0  kworker/R-md
05:39:12        0         -        46    0.00    0.00    0.00    0.00    0.00     1      0.00      0.00       0       0   0.00       0       0      0.00      0.00      0.00       0  |__kworker/R-md
05:39:12        0        47         -    0.00    0.00    0.00    0.00    0.00     1      0.00      0.00       0       0   0.00       0       0      0.00      0.00      0.00       0  kworker/R-md_bi
05:39:12        0         -        47    0.00    0.00    0.00    0.00    0.00     1      0.00      0.00       0       0   0.00       0       0      0.00      0.00      0.00       0  |__kworker/R-md_bi
05:39:12        0        48         -    0.00    0.00    0.00    0.00    0.00     1      0.00      0.00       0       0   0.00       0       0      0.00      0.00      0.00       0  kworker/R-edac-
05:39:12        0         -        48    0.00    0.00    0.00    0.00    0.00     1      0.00      0.00       0       0   0.00       0       0      0.00      0.00      0.00       0  |__kworker/R-edac-
05:39:12        0        49         -    0.00    0.00    0.00    0.00    0.00     1      0.00      0.00       0       0   0.00       0       0      0.00      0.00      0.00       0  kworker/R-devfr
05:39:12        0         -        49    0.00    0.00    0.00    0.00    0.00     1      0.00      0.00       0       0   0.00       0       0      0.00      0.00      0.00       0  |__kworker/R-devfr
05:39:12        0        50         -    0.00    0.00    0.00    0.00    0.00     1      0.00      0.00       0       0   0.00       0       0      0.00      0.00      0.00       0  watchdogd
05:39:12        0         -        50    0.00    0.00    0.00    0.00    0.00     1      0.00      0.00       0       0   0.00       0       0      0.00      0.00      0.00       0  |__watchdogd
05:39:12        0        52         -    0.00    0.00    0.00    0.00    0.00     0      0.00      0.00       0       0   0.00       0       0      0.00      0.00      0.00       0  kworker/0:1H-kblockd
05:39:12        0         -        52    0.00    0.00    0.00    0.00    0.00     0      0.00      0.00       0       0   0.00       0       0      0.00      0.00      0.00       0  |__kworker/0:1H-kblockd
05:39:12        0        53         -    0.00    0.00    0.00    0.00    0.00     1      0.00      0.00       0       0   0.00       0       0      0.00      0.00      0.00       0  kswapd0
05:39:12        0         -        53    0.00    0.00    0.00    0.00    0.00     1      0.00      0.00       0       0   0.00       0       0      0.00      0.00      0.00       0  |__kswapd0
05:39:12        0        54         -    0.00    0.00    0.00    0.00    0.00     1      0.00      0.00       0       0   0.00       0       0      0.00      0.00      0.00       0  ecryptfs-kthread
05:39:12        0         -        54    0.00    0.00    0.00    0.00    0.00     1      0.00      0.00       0       0   0.00       0       0      0.00      0.00      0.00       0  |__ecryptfs-kthread
05:39:12        0        55         -    0.00    0.00    0.00    0.00    0.00     1      0.00      0.00       0       0   0.00       0       0      0.00      0.00      0.00       0  kworker/R-kthro
05:39:12        0         -        55    0.00    0.00    0.00    0.00    0.00     1      0.00      0.00       0       0   0.00       0       0      0.00      0.00      0.00       0  |__kworker/R-kthro
05:39:12        0        56         -    0.00    0.00    0.00    0.00    0.00     1      0.00      0.00       0       0   0.00       0       0      0.00      0.00      0.00       0  kworker/R-acpi_
05:39:12        0         -        56    0.00    0.00    0.00    0.00    0.00     1      0.00      0.00       0       0   0.00       0       0      0.00      0.00      0.00       0  |__kworker/R-acpi_
05:39:12        0        58         -    0.00    0.00    0.00    0.00    0.00     1      0.00      0.00       0       0   0.00       0       0      0.00      0.00      0.00       0  kworker/1:1H-kblockd
05:39:12        0         -        58    0.00    0.00    0.00    0.00    0.00     1      0.00      0.00       0       0   0.00       0       0      0.00      0.00      0.00       0  |__kworker/1:1H-kblockd
05:39:12        0        59         -    0.00    0.00    0.00    0.00    0.00     0      0.00      0.00       0       0   0.00       0       0      0.00      0.00      0.00       0  scsi_eh_0
05:39:12        0         -        59    0.00    0.00    0.00    0.00    0.00     0      0.00      0.00       0       0   0.00       0       0      0.00      0.00      0.00       0  |__scsi_eh_0
05:39:12        0        60         -    0.00    0.00    0.00    0.00    0.00     0      0.00      0.00       0       0   0.00       0       0      0.00      0.00      0.00       0  kworker/R-scsi_
05:39:12        0         -        60    0.00    0.00    0.00    0.00    0.00     0      0.00      0.00       0       0   0.00       0       0      0.00      0.00      0.00       0  |__kworker/R-scsi_
05:39:12        0        61         -    0.00    0.00    0.00    0.00    0.00     0      0.00      0.00       0       0   0.00       0       0      0.00      0.00      0.00       0  scsi_eh_1
05:39:12        0         -        61    0.00    0.00    0.00    0.00    0.00     0      0.00      0.00       0       0   0.00       0       0      0.00      0.00      0.00       0  |__scsi_eh_1
05:39:12        0        62         -    0.00    0.00    0.00    0.00    0.00     0      0.00      0.00       0       0   0.00       0       0      0.00      0.00      0.00       0  kworker/R-scsi_
05:39:12        0         -        62    0.00    0.00    0.00    0.00    0.00     0      0.00      0.00       0       0   0.00       0       0      0.00      0.00      0.00       0  |__kworker/R-scsi_
05:39:12        0        63         -    0.00    0.00    0.00    0.00    0.00     1      0.00      0.00       0       0   0.00       0       0      0.00      0.00      0.00       0  scsi_eh_2
05:39:12        0         -        63    0.00    0.00    0.00    0.00    0.00     1      0.00      0.00       0       0   0.00       0       0      0.00      0.00      0.00       0  |__scsi_eh_2
05:39:12        0        64         -    0.00    0.00    0.00    0.00    0.00     0      0.00      0.00       0       0   0.00       0       0      0.00      0.00      0.00       0  kworker/R-scsi_
05:39:12        0         -        64    0.00    0.00    0.00    0.00    0.00     0      0.00      0.00       0       0   0.00       0       0      0.00      0.00      0.00       0  |__kworker/R-scsi_
05:39:12        0        65         -    0.00    0.00    0.00    0.00    0.00     1      0.00      0.00       0       0   0.00       0       0      0.00      0.00      0.00       0  kworker/u6:2-events_power_efficient
05:39:12        0         -        65    0.00    0.00    0.00    0.00    0.00     1      0.00      0.00       0       0   0.00       0       0      0.00      0.00      0.00       0  |__kworker/u6:2-events_power_efficient
05:39:12        0        67         -    0.00    0.00    0.00    0.00    0.00     0      0.00      0.00       0       0   0.00       0       0      0.00      0.00      0.00       0  kworker/R-mld
05:39:12        0         -        67    0.00    0.00    0.00    0.00    0.00     0      0.00      0.00       0       0   0.00       0       0      0.00      0.00      0.00       0  |__kworker/R-mld
05:39:12        0        68         -    0.00    0.00    0.00    0.00    0.00     0      0.00      0.00       0       0   0.00       0       0      0.00      0.00      0.00       0  kworker/R-ipv6_
05:39:12        0         -        68    0.00    0.00    0.00    0.00    0.00     0      0.00      0.00       0       0   0.00       0       0      0.00      0.00      0.00       0  |__kworker/R-ipv6_
05:39:12        0        75         -    0.00    0.00    0.00    0.00    0.00     1      0.00      0.00       0       0   0.00       0       0      0.00      0.00      0.00       0  kworker/R-kstrp
05:39:12        0         -        75    0.00    0.00    0.00    0.00    0.00     1      0.00      0.00       0       0   0.00       0       0      0.00      0.00      0.00       0  |__kworker/R-kstrp
05:39:12        0        77         -    0.00    0.00    0.00    0.00    0.00     0      0.00      0.00       0       0   0.00       0       0      0.00      0.00      0.00       0  kworker/u7:0
05:39:12        0         -        77    0.00    0.00    0.00    0.00    0.00     0      0.00      0.00       0       0   0.00       0       0      0.00      0.00      0.00       0  |__kworker/u7:0
05:39:12        0        78         -    0.00    0.00    0.00    0.00    0.00     0      0.00      0.00       0       0   0.00       0       0      0.00      0.00      0.00       0  kworker/u8:0
05:39:12        0         -        78    0.00    0.00    0.00    0.00    0.00     0      0.00      0.00       0       0   0.00       0       0      0.00      0.00      0.00       0  |__kworker/u8:0
05:39:12        0        79         -    0.00    0.00    0.00    0.00    0.00     1      0.00      0.00       0       0   0.00       0       0      0.00      0.00      0.00       0  kworker/u9:0
05:39:12        0         -        79    0.00    0.00    0.00    0.00    0.00     1      0.00      0.00       0       0   0.00       0       0      0.00      0.00      0.00       0  |__kworker/u9:0
05:39:12        0        84         -    0.00    0.00    0.00    0.00    0.00     0      0.00      0.00       0       0   0.00       0       0      0.00      0.00      0.00       0  kworker/R-crypt
05:39:12        0         -        84    0.00    0.00    0.00    0.00    0.00     0      0.00      0.00       0       0   0.00       0       0      0.00      0.00      0.00       0  |__kworker/R-crypt
05:39:12        0        85         -    0.00    0.00    0.00    0.39    0.00     1      0.00      0.00       0       0   0.00       0       0      0.00      0.00      0.00       0  kworker/1:2-events
05:39:12        0         -        85    0.00    0.00    0.00    0.39    0.00     1      0.00      0.00       0       0   0.00       0       0      0.00      0.00      0.00       0  |__kworker/1:2-events
05:39:12        0        94         -    0.00    0.00    0.00    0.00    0.00     1      0.00      0.00       0       0   0.00       0       0      0.00      0.00      0.00       0  kworker/R-charg
05:39:12        0         -        94    0.00    0.00    0.00    0.00    0.00     1      0.00      0.00       0       0   0.00       0       0      0.00      0.00      0.00       0  |__kworker/R-charg
05:39:12        0       143         -    0.00    0.00    0.00    0.00    0.00     0      0.00      0.00       0       0   0.00       0       0      0.00      0.00      0.00       0  kworker/0:2-events
05:39:12        0         -       143    0.00    0.00    0.00    0.00    0.00     0      0.00      0.00       0       0   0.00       0       0      0.00      0.00      0.00       0  |__kworker/0:2-events
05:39:12        0       188         -    0.00    0.00    0.00    0.00    0.00     0      0.00      0.00       0       0   0.00       0       0      0.00      0.00      0.00       0  kworker/R-raid5
05:39:12        0         -       188    0.00    0.00    0.00    0.00    0.00     0      0.00      0.00       0       0   0.00       0       0      0.00      0.00      0.00       0  |__kworker/R-raid5
05:39:12        0       225         -    0.00    0.00    0.00    0.00    0.00     1      0.00      0.00       0       0   0.00       0       0      0.00      6.23      0.00       0  jbd2/vda1-8
05:39:12        0         -       225    0.00    0.00    0.00    0.00    0.00     1      0.00      0.00       0       0   0.00       0       0      0.00      6.23      0.00       0  |__jbd2/vda1-8
05:39:12        0       226         -    0.00    0.00    0.00    0.00    0.00     1      0.00      0.00       0       0   0.00       0       0      0.00      0.00      0.00       0  kworker/R-ext4-
05:39:12        0         -       226    0.00    0.00    0.00    0.00    0.00     1      0.00      0.00       0       0   0.00       0       0      0.00      0.00      0.00       0  |__kworker/R-ext4-
05:39:12        0       298         -    0.00    0.00    0.00    0.00    0.00     1      0.00      0.00   34396    8584   0.21     132      12      0.00      0.00      0.00       0  systemd-journal
05:39:12        0         -       298    0.00    0.00    0.00    0.00    0.00     1      0.00      0.00   34396    8584   0.21     132      12      0.00      0.00      0.00       0  |__systemd-journal
05:39:12        0       318         -    0.00    0.00    0.00    0.00    0.00     0      0.00      0.00       0       0   0.00       0       0      0.00      0.00      0.00       0  kworker/R-kmpat
05:39:12        0         -       318    0.00    0.00    0.00    0.00    0.00     0      0.00      0.00       0       0   0.00       0       0      0.00      0.00      0.00       0  |__kworker/R-kmpat
05:39:12        0       319         -    0.00    0.00    0.00    0.00    0.00     1      0.00      0.00       0       0   0.00       0       0      0.00      0.00      0.00       0  kworker/R-kmpat
05:39:12        0         -       319    0.00    0.00    0.00    0.00    0.00     1      0.00      0.00       0       0   0.00       0       0      0.00      0.00      0.00       0  |__kworker/R-kmpat
05:39:12        0       353         -    0.00    0.00    0.00    0.00    0.00     0      0.00      0.00  288952   27136   0.68     132     120      0.00      0.00      0.00       0  multipathd
05:39:12        0         -       353    0.00    0.00    0.00    0.00    0.00     0      0.00      0.00  288952   27136   0.68     132     120      0.00      0.00      0.00       0  |__multipathd
05:39:12        0         -       365    0.00    0.00    0.00    0.00    0.00     0      0.00      0.00  288952   27136   0.68     132     120      0.00      0.00      0.00       0  |__multipathd
05:39:12        0         -       366    0.00    0.00    0.00    0.00    0.00     0      0.00      0.00  288952   27136   0.68     132     120      0.00      0.00      0.00       0  |__multipathd
05:39:12        0         -       367    0.00    0.00    0.00    0.00    0.00     0      0.00      0.00  288952   27136   0.68     132     120      0.00      0.00      0.00       0  |__multipathd
05:39:12        0         -       368    0.00    0.00    0.00    0.00    0.00     0      0.00      0.00  288952   27136   0.68     132     120      0.00      0.00      0.00       0  |__multipathd
05:39:12        0         -       369    0.00    0.00    0.00    0.00    0.00     1      0.00      0.00  288952   27136   0.68     132     120      0.00      0.00      0.00       0  |__multipathd
05:39:12        0         -       370    0.00    0.00    0.00    0.00    0.00     1      0.00      0.00  288952   27136   0.68     132     120      0.00      0.00      0.00       0  |__multipathd
05:39:12        0       354         -    0.00    0.00    0.00    0.00    0.00     1      0.00      0.00       0       0   0.00       0       0      0.00      0.00      0.00       0  kworker/u4:1-ext4-rsv-conversion
05:39:12        0         -       354    0.00    0.00    0.00    0.00    0.00     1      0.00      0.00       0       0   0.00       0       0      0.00      0.00      0.00       0  |__kworker/u4:1-ext4-rsv-conversion
05:39:12        0       435         -    0.00    0.00    0.00    0.00    0.00     0      0.00      0.00       0       0   0.00       0       0      0.00      0.00      0.00       0  jbd2/vda16-8
05:39:12        0         -       435    0.00    0.00    0.00    0.00    0.00     0      0.00      0.00       0       0   0.00       0       0      0.00      0.00      0.00       0  |__jbd2/vda16-8
05:39:12        0       436         -    0.00    0.00    0.00    0.00    0.00     1      0.00      0.00       0       0   0.00       0       0      0.00      0.00      0.00       0  kworker/R-ext4-
05:39:12        0         -       436    0.00    0.00    0.00    0.00    0.00     1      0.00      0.00       0       0   0.00       0       0      0.00      0.00      0.00       0  |__kworker/R-ext4-
05:39:12      996       504         -    0.00    0.00    0.00    0.00    0.00     0      0.00      0.00   91024    6400   0.16     132      16      0.00      0.00      0.00       0  systemd-timesyn
05:39:12      996         -       504    0.00    0.00    0.00    0.00    0.00     0      0.00      0.00   91024    6400   0.16     132      16      0.00      0.00      0.00       0  |__systemd-timesyn
05:39:12      996         -       541    0.00    0.00    0.00    0.00    0.00     0      0.00      0.00   91024    6400   0.16     132      16      0.00      0.00      0.00       0  |__sd-resolve
05:39:12      998       676         -    0.00    0.00    0.00    0.00    0.00     1      0.00      0.00   22428    7040   0.18     132      40      0.00      0.00      0.00       0  systemd-network
05:39:12      998         -       676    0.00    0.00    0.00    0.00    0.00     1      0.00      0.00   22428    7040   0.18     132      40      0.00      0.00      0.00       0  |__systemd-network
05:39:12      991       711         -    0.00    0.00    0.00    0.00    0.00     0      0.00      0.00   21724    8192   0.20     132      36      0.00      0.00      0.00       0  systemd-resolve
05:39:12      991         -       711    0.00    0.00    0.00    0.00    0.00     0      0.00      0.00   21724    8192   0.20     132      36      0.00      0.00      0.00       0  |__systemd-resolve
05:39:12        0       737         -    0.00    0.00    0.00    0.00    0.00     0      0.00      0.00   26056    6628   0.17     132      12      0.00      0.00      0.00       0  systemd-udevd
05:39:12        0         -       737    0.00    0.00    0.00    0.00    0.00     0      0.00      0.00   26056    6628   0.17     132      12      0.00      0.00      0.00       0  |__systemd-udevd
05:39:12        0       738         -    0.00    0.00    0.00    0.00    0.00     0      0.00      0.00       0       0   0.00       0       0      0.00      0.00      0.00       0  psimon
05:39:12        0         -       738    0.00    0.00    0.00    0.00    0.00     0      0.00      0.00       0       0   0.00       0       0      0.00      0.00      0.00       0  |__psimon
05:39:12        0       861         -    0.00    0.00    0.00    0.00    0.00     1      0.00      0.00    7224    2688   0.07     132      40      0.00      0.00      0.00       0  cron
05:39:12        0         -       861    0.00    0.00    0.00    0.00    0.00     1      0.00      0.00    7224    2688   0.07     132      40      0.00      0.00      0.00       0  |__cron
05:39:12      101       862         -    0.00    0.00    0.00    0.00    0.00     1      0.00      0.00    9900    4864   0.12     132       8      0.00      0.00      0.00       0  dbus-daemon
05:39:12      101         -       862    0.00    0.00    0.00    0.00    0.00     1      0.00      0.00    9900    4864   0.12     132       8      0.00      0.00      0.00       0  |__dbus-daemon
05:39:12      989       867         -    0.00    0.00    0.00    0.00    0.00     0      0.00      0.00  308164    5760   0.14     132      16      0.00      0.00      0.00       0  polkitd
05:39:12      989         -       867    0.00    0.00    0.00    0.00    0.00     0      0.00      0.00  308164    5760   0.14     132      16      0.00      0.00      0.00       0  |__polkitd
05:39:12      989         -       939    0.00    0.00    0.00    0.00    0.00     0      0.00      0.00  308164    5760   0.14     132      16      0.00      0.00      0.00       0  |__gmain
05:39:12      989         -       940    0.00    0.00    0.00    0.00    0.00     0      0.00      0.00  308164    5760   0.14     132      16      0.00      0.00      0.00       0  |__pool-spawner
05:39:12      989         -       941    0.00    0.00    0.00    0.00    0.00     0      0.00      0.00  308164    5760   0.14     132      16      0.00      0.00      0.00       0  |__gdbus
05:39:12        0       874         -    0.00    0.00    0.00    0.00    0.00     1      0.00      0.00   17984    7296   0.18     132      16      0.00      0.00      0.00       0  systemd-logind
05:39:12        0         -       874    0.00    0.00    0.00    0.00    0.00     1      0.00      0.00   17984    7296   0.18     132      16      0.00      0.00      0.00       0  |__systemd-logind
05:39:12        0       886         -    0.00    0.00    0.00    0.00    0.00     0      0.00      0.00  468952    8576   0.21     132      28      0.00      0.00      0.00       0  udisksd
05:39:12        0         -       886    0.00    0.00    0.00    0.00    0.00     0      0.00      0.00  468952    8576   0.21     132      28      0.00      0.00      0.00       0  |__udisksd
05:39:12        0         -       891    0.00    0.00    0.00    0.00    0.00     1      0.00      0.00  468952    8576   0.21     132      28      0.00      0.00      0.00       0  |__gmain
05:39:12        0         -       892    0.00    0.00    0.00    0.00    0.00     1      0.00      0.00  468952    8576   0.21     132      28      0.00      0.00      0.00       0  |__pool-spawner
05:39:12        0         -       894    0.00    0.00    0.00    0.00    0.00     0      0.00      0.00  468952    8576   0.21     132      28      0.00      0.00      0.00       0  |__gdbus
05:39:12        0         -       972    0.00    0.00    0.00    0.00    0.00     0      0.00      0.00  468952    8576   0.21     132      28      0.00      0.00      0.00       0  |__probing-thread
05:39:12        0         -       991    0.00    0.00    0.00    0.00    0.00     0      0.00      0.00  468952    8576   0.21     132      28      0.00      0.00      0.00       0  |__cleanup
05:39:12        0       917         -    0.00    0.00    0.00    0.00    0.00     1      0.00      0.00  110000   13952   0.35     132      84      0.00      0.00      0.00       0  unattended-upgr
05:39:12        0         -       917    0.00    0.00    0.00    0.00    0.00     1      0.00      0.00  110000   13952   0.35     132      84      0.00      0.00      0.00       0  |__unattended-upgr
05:39:12        0         -      1021    0.00    0.00    0.00    0.00    0.00     0      0.00      0.00  110000   13952   0.35     132      84      0.00      0.00      0.00       0  |__gmain
05:39:12      102       922         -    0.00    0.00    0.00    0.00    0.00     1      0.00      0.00  222508    4992   0.12     132      56      0.00      0.00      0.00       0  rsyslogd
05:39:12      102         -       922    0.00    0.00    0.00    0.00    0.00     1      0.00      0.00  222508    4992   0.12     132      56      0.00      0.00      0.00       0  |__rsyslogd
05:39:12      102         -      1010    0.00    0.00    0.00    0.00    0.00     1      0.00      0.00  222508    4992   0.12     132      56      0.00      0.00      0.00       0  |__in:imuxsock
05:39:12      102         -      1011    0.00    0.00    0.00    0.00    0.00     1      0.00      0.00  222508    4992   0.12     132      56      0.00      0.00      0.00       0  |__in:imklog
05:39:12      102         -      1012    0.00    0.00    0.00    0.00    0.00     1      0.00      0.00  222508    4992   0.12     132      56      0.00      0.00      0.00       0  |__rs:main Q:Reg
05:39:12        0       978         -    0.00    0.00    0.00    0.00    0.00     0      0.00      0.00  392088    7040   0.18     132      12      0.00      0.00      0.00       0  ModemManager
05:39:12        0         -       978    0.00    0.00    0.00    0.00    0.00     0      0.00      0.00  392088    7040   0.18     132      12      0.00      0.00      0.00       0  |__ModemManager
05:39:12        0         -       993    0.00    0.00    0.00    0.00    0.00     1      0.00      0.00  392088    7040   0.18     132      12      0.00      0.00      0.00       0  |__gmain
05:39:12        0         -       994    0.00    0.00    0.00    0.00    0.00     1      0.00      0.00  392088    7040   0.18     132      12      0.00      0.00      0.00       0  |__pool-spawner
05:39:12        0         -       997    0.00    0.00    0.00    0.00    0.00     0      0.00      0.00  392088    7040   0.18     132      12      0.00      0.00      0.00       0  |__gdbus
05:39:12        0       989         -    0.00    0.00    0.00    0.00    0.00     1      0.00      0.00    6148    2048   0.05     132      20      0.00      0.00      0.00       0  agetty
05:39:12        0         -       989    0.00    0.00    0.00    0.00    0.00     1      0.00      0.00    6148    2048   0.05     132      20      0.00      0.00      0.00       0  |__agetty
05:39:12        0      1020         -    0.00    0.00    0.00    0.00    0.00     0      0.00      0.00    6104    1920   0.05     132      20      0.00      0.00      0.00       0  agetty
05:39:12        0         -      1020    0.00    0.00    0.00    0.00    0.00     0      0.00      0.00    6104    1920   0.05     132      20      0.00      0.00      0.00       0  |__agetty
05:39:12        0      1192         -    0.00    0.00    0.00    0.00    0.00     1      0.00      0.00       0       0   0.00       0       0      0.00      0.00      0.00       0  kworker/R-tls-s
05:39:12        0         -      1192    0.00    0.00    0.00    0.00    0.00     1      0.00      0.00       0       0   0.00       0       0      0.00      0.00      0.00       0  |__kworker/R-tls-s
05:39:12        0      1765         -    0.00    0.00    0.00    0.00    0.00     0      0.00      0.00 1239988    2432   0.06     132      16      0.00      0.00      0.00       0  droplet-agent
05:39:12        0         -      1765    0.00    0.00    0.00    0.00    0.00     0      0.00      0.00 1239988    2432   0.06     132      16      0.00      0.00      0.00       0  |__droplet-agent
05:39:12        0         -      1768    0.00    0.00    0.00    0.00    0.00     1      0.00      0.00 1239988    2432   0.06     132      16      0.00      0.00      0.00       0  |__droplet-agent
05:39:12        0         -      1769    0.00    0.00    0.00    0.00    0.00     0      0.00      0.00 1239988    2432   0.06     132      16      0.00      0.00      0.00       0  |__droplet-agent
05:39:12        0         -      1770    0.00    0.00    0.00    0.00    0.00     0      0.00      0.00 1239988    2432   0.06     132      16      0.00      0.00      0.00       0  |__droplet-agent
05:39:12        0         -      1772    0.00    0.00    0.00    0.00    0.00     0      0.00      0.00 1239988    2432   0.06     132      16      0.00      0.00      0.00       0  |__droplet-agent
05:39:12        0         -      1773    0.00    0.00    0.00    0.00    0.00     1      0.00      0.00 1239988    2432   0.06     132      16      0.00      0.00      0.00       0  |__droplet-agent
05:39:12        0         -      1774    0.00    0.00    0.00    0.00    0.00     1      0.00      0.00 1239988    2432   0.06     132      16      0.00      0.00      0.00       0  |__droplet-agent
05:39:12        0         -      1775    0.00    0.00    0.00    0.00    0.00     0      0.00      0.00 1239988    2432   0.06     132      16      0.00      0.00      0.00       0  |__droplet-agent
05:39:12        0         -      1776    0.00    0.00    0.00    0.00    0.00     1      0.00      0.00 1239988    2432   0.06     132      16      0.00      0.00      0.00       0  |__droplet-agent
05:39:12        0      2208         -    0.39    0.00    0.00    0.00    0.39     0      0.00      0.00 1617716   69408   1.73     132      12      0.00      1.56      0.00       0  rke2
05:39:12        0         -      2208    0.00    0.00    0.00    0.00    0.00     0      0.00      0.00 1617716   69408   1.73     132      12      0.00      0.00      0.00       0  |__rke2
05:39:12        0         -      2209    0.00    0.00    0.00    0.39    0.00     1      0.00      0.00 1617716   69408   1.73     132      12      0.00      0.00      0.00       0  |__rke2
05:39:12        0         -      2210    0.00    0.00    0.00    0.39    0.00     1      0.00      0.00 1617716   69408   1.73     132      12      0.00      1.56      0.00       0  |__rke2
05:39:12        0         -      2211    0.00    0.00    0.00    0.00    0.00     1      0.00      0.00 1617716   69408   1.73     132      12      0.00      0.00      0.00       0  |__rke2
05:39:12        0         -      2212    0.00    0.00    0.00    0.00    0.00     1      0.00      0.00 1617716   69408   1.73     132      12      0.00      0.00      0.00       0  |__rke2
05:39:12        0         -      2213    0.00    0.00    0.00    0.00    0.00     1      0.00      0.00 1617716   69408   1.73     132      12      0.00      0.00      0.00       0  |__rke2
05:39:12        0         -      2214    0.00    0.00    0.00    0.00    0.00     1      0.00      0.00 1617716   69408   1.73     132      12      0.00      0.00      0.00       0  |__rke2
05:39:12        0         -      2232    0.00    0.00    0.00    0.00    0.00     1      0.00      0.00 1617716   69408   1.73     132      12      0.00      0.00      0.00       0  |__rke2
05:39:12        0         -      2289    0.00    0.00    0.00    0.00    0.00     1      0.00      0.00 1617716   69408   1.73     132      12      0.00      0.00      0.00       0  |__rke2
05:39:12        0         -      2456    0.00    0.00    0.00    0.39    0.00     0      0.00      0.00 1617716   69408   1.73     132      12      0.00      0.00      0.00       0  |__rke2
05:39:12        0         -      2515    0.00    0.00    0.00    0.00    0.00     1      0.00      0.00 1617716   69408   1.73     132      12      0.00      0.00      0.00       0  |__rke2
05:39:12        0      2233         -   19.46   18.68    0.00    0.00   38.13     1    675.10      0.00 1303816   70404   1.76     132      16      0.00      0.00      0.00       0  containerd
05:39:12        0         -      2233    0.00    0.00    0.00    0.00    0.00     1      0.00      0.00 1303816   70404   1.76     132      16      0.00      0.00      0.00       0  |__containerd
05:39:12        0         -      2234    0.39    0.78    0.00    1.95    1.17     1      0.00      0.00 1303816   70404   1.76     132      16      0.00      0.00      0.00       0  |__containerd
05:39:12        0         -      2237    0.00    0.00    0.00    0.00    0.00     1      0.00      0.00 1303816   70404   1.76     132      16      0.00      0.00      0.00       0  |__containerd
05:39:12        0         -      2252    0.00    0.00    0.00    0.00    0.00     0      0.00      0.00 1303816   70404   1.76     132      16      0.00      0.00      0.00       0  |__containerd
05:39:12        0         -      5453    0.00    0.00    0.00    0.00    0.00     0      0.00      0.00 1303816   70404   1.76     132      16      0.00      0.00      0.00       0  |__containerd
05:39:12        0         -      7819    3.11    2.33    0.00    1.17    5.45     1     54.47      0.00 1303816   70404   1.76     132      16      0.00      0.00      0.00       0  |__containerd
05:39:12        0         -      7933    6.23    5.45    0.00    1.56   11.67     0    114.01      0.00 1303816   70404   1.76     132      16      0.00      0.00      0.00       0  |__containerd
05:39:12        0         -      7968    6.23    6.23    0.00    1.56   12.45     1     74.32      0.00 1303816   70404   1.76     132      16      0.00      0.00      0.00       0  |__containerd
05:39:12        0         -      9234    3.50    3.89    0.00    1.17    7.39     0    432.30      0.00 1303816   70404   1.76     132      16      0.00      0.00      0.00       0  |__containerd
05:39:12        0         -      9241    0.00    0.00    0.00    0.00    0.00     1      0.00      0.00 1303816   70404   1.76     132      16      0.00      0.00      0.00       0  |__containerd
05:39:12        0         -     10596    0.00    0.00    0.00    0.00    0.00     1      0.00      0.00 1303816   70404   1.76     132      16      0.00      0.00      0.00       0  |__containerd
05:39:12        0      2254         -    1.17    0.78    0.00    0.00    1.95     1      0.00      0.00 1312768   79548   1.98     132      12      0.00      0.00      0.00       0  kubelet
05:39:12        0         -      2254    0.00    0.00    0.00    0.00    0.00     1      0.00      0.00 1312768   79548   1.98     132      12      0.00      0.00      0.00       0  |__kubelet
05:39:12        0         -      2255    0.39    0.00    0.00    0.39    0.39     1      0.00      0.00 1312768   79548   1.98     132      12      0.00      0.00      0.00       0  |__kubelet
05:39:12        0         -      2256    0.00    0.00    0.00    0.00    0.00     0      0.00      0.00 1312768   79548   1.98     132      12      0.00      0.00      0.00       0  |__kubelet
05:39:12        0         -      2257    0.00    0.00    0.00    0.00    0.00     0      0.00      0.00 1312768   79548   1.98     132      12      0.00      0.00      0.00       0  |__kubelet
05:39:12        0         -      2258    0.00    0.00    0.00    0.00    0.00     1      0.00      0.00 1312768   79548   1.98     132      12      0.00      0.00      0.00       0  |__kubelet
05:39:12        0         -      2259    0.00    0.00    0.00    0.00    0.00     0      0.00      0.00 1312768   79548   1.98     132      12      0.00      0.00      0.00       0  |__kubelet
05:39:12        0         -      2262    0.00    0.39    0.00    0.39    0.39     0      0.00      0.00 1312768   79548   1.98     132      12      0.00      0.00      0.00       0  |__kubelet
05:39:12        0         -      2275    0.39    0.39    0.00    0.39    0.78     1      0.00      0.00 1312768   79548   1.98     132      12      0.00      0.00      0.00       0  |__kubelet
05:39:12        0         -      2276    0.00    0.00    0.00    0.00    0.00     1      0.00      0.00 1312768   79548   1.98     132      12      0.00      0.00      0.00       0  |__kubelet
05:39:12        0         -      2277    0.39    0.39    0.00    0.39    0.78     1      0.00      0.00 1312768   79548   1.98     132      12      0.00      0.00      0.00       0  |__kubelet
05:39:12        0         -      3023    0.00    0.00    0.00    0.00    0.00     0      0.00      0.00 1312768   79548   1.98     132      12      0.00      0.00      0.00       0  |__kubelet
05:39:12        0         -      3053    0.00    0.00    0.00    0.00    0.00     0      0.00      0.00 1312768   79548   1.98     132      12      0.00      0.00      0.00       0  |__kubelet
05:39:12        0      2303         -    0.00    0.00    0.00    0.00    0.00     0      0.00      0.00 1243560   17672   0.44     132      16      0.00      0.00      0.00       0  containerd-shim
05:39:12        0         -      2303    0.00    0.00    0.00    0.00    0.00     0      0.00      0.00 1243560   17672   0.44     132      16      0.00      0.00      0.00       0  |__containerd-shim
05:39:12        0         -      2307    0.00    0.00    0.00    0.00    0.00     1      0.00      0.00 1243560   17672   0.44     132      16      0.00      0.00      0.00       0  |__containerd-shim
05:39:12        0         -      2308    0.00    0.00    0.00    0.00    0.00     0      0.00      0.00 1243560   17672   0.44     132      16      0.00      0.00      0.00       0  |__containerd-shim
05:39:12        0         -      2309    0.00    0.00    0.00    0.00    0.00     1      0.00      0.00 1243560   17672   0.44     132      16      0.00      0.00      0.00       0  |__containerd-shim
05:39:12        0         -      2310    0.00    0.00    0.00    0.00    0.00     1      0.00      0.00 1243560   17672   0.44     132      16      0.00      0.00      0.00       0  |__containerd-shim
05:39:12        0         -      2312    0.00    0.00    0.00    0.00    0.00     0      0.00      0.00 1243560   17672   0.44     132      16      0.00      0.00      0.00       0  |__containerd-shim
05:39:12        0         -      2314    0.00    0.00    0.00    0.00    0.00     0      0.00      0.00 1243560   17672   0.44     132      16      0.00      0.00      0.00       0  |__containerd-shim
05:39:12        0         -      2316    0.00    0.00    0.00    0.00    0.00     1      0.00      0.00 1243560   17672   0.44     132      16      0.00      0.00      0.00       0  |__containerd-shim
05:39:12        0         -      2317    0.00    0.00    0.00    0.00    0.00     0      0.00      0.00 1243560   17672   0.44     132      16      0.00      0.00      0.00       0  |__containerd-shim
05:39:12        0         -      2323    0.00    0.00    0.00    0.00    0.00     1      0.00      0.00 1243560   17672   0.44     132      16      0.00      0.00      0.00       0  |__containerd-shim
05:39:12        0         -      2435    0.00    0.00    0.00    0.00    0.00     0      0.00      0.00 1243560   17672   0.44     132      16      0.00      0.00      0.00       0  |__containerd-shim
05:39:12        0         -      5956    0.00    0.00    0.00    0.00    0.00     0      0.00      0.00 1243560   17672   0.44     132      16      0.00      0.00      0.00       0  |__containerd-shim
05:39:12        0         -      5957    0.00    0.00    0.00    0.00    0.00     0      0.00      0.00 1243560   17672   0.44     132      16      0.00      0.00      0.00       0  |__containerd-shim
05:39:12        0         -     26803    0.00    0.00    0.00    0.00    0.00     1      0.00      0.00 1243560   17672   0.44     132      16      0.00      0.00      0.00       0  |__containerd-shim
05:39:12        0      2311         -    0.00    0.00    0.00    0.00    0.00     0      0.00      0.00 1243164   17656   0.44     132      16      0.00      0.00      0.00       0  containerd-shim
05:39:12        0         -      2311    0.00    0.00    0.00    0.00    0.00     0      0.00      0.00 1243164   17656   0.44     132      16      0.00      0.00      0.00       0  |__containerd-shim
05:39:12        0         -      2315    0.00    0.00    0.00    0.00    0.00     1      0.00      0.00 1243164   17656   0.44     132      16      0.00      0.00      0.00       0  |__containerd-shim
05:39:12        0         -      2318    0.00    0.00    0.00    0.00    0.00     0      0.00      0.00 1243164   17656   0.44     132      16      0.00      0.00      0.00       0  |__containerd-shim
05:39:12        0         -      2319    0.00    0.00    0.00    0.00    0.00     1      0.00      0.00 1243164   17656   0.44     132      16      0.00      0.00      0.00       0  |__containerd-shim
05:39:12        0         -      2320    0.00    0.00    0.00    0.00    0.00     0      0.00      0.00 1243164   17656   0.44     132      16      0.00      0.00      0.00       0  |__containerd-shim
05:39:12        0         -      2321    0.00    0.00    0.00    0.00    0.00     0      0.00      0.00 1243164   17656   0.44     132      16      0.00      0.00      0.00       0  |__containerd-shim
05:39:12        0         -      2325    0.00    0.00    0.00    0.00    0.00     0      0.00      0.00 1243164   17656   0.44     132      16      0.00      0.00      0.00       0  |__containerd-shim
05:39:12        0         -      2326    0.00    0.00    0.00    0.00    0.00     1      0.00      0.00 1243164   17656   0.44     132      16      0.00      0.00      0.00       0  |__containerd-shim
05:39:12        0         -      2327    0.00    0.00    0.00    0.00    0.00     0      0.00      0.00 1243164   17656   0.44     132      16      0.00      0.00      0.00       0  |__containerd-shim
05:39:12        0         -      2328    0.00    0.00    0.00    0.00    0.00     1      0.00      0.00 1243164   17656   0.44     132      16      0.00      0.00      0.00       0  |__containerd-shim
05:39:12        0         -      2440    0.00    0.00    0.00    0.00    0.00     1      0.00      0.00 1243164   17656   0.44     132      16      0.00      0.00      0.00       0  |__containerd-shim
05:39:12        0         -      2535    0.00    0.00    0.00    0.00    0.00     0      0.00      0.00 1243164   17656   0.44     132      16      0.00      0.00      0.00       0  |__containerd-shim
05:39:12        0         -      5958    0.00    0.00    0.00    0.00    0.00     1      0.00      0.00 1243164   17656   0.44     132      16      0.00      0.00      0.00       0  |__containerd-shim
05:39:12    65535      2354         -    0.00    0.00    0.00    0.00    0.00     1      0.00      0.00     972     512   0.01     132       8      0.00      0.00      0.00       0  pause
05:39:12    65535         -      2354    0.00    0.00    0.00    0.00    0.00     1      0.00      0.00     972     512   0.01     132       8      0.00      0.00      0.00       0  |__pause
05:39:12    65535      2361         -    0.00    0.00    0.00    0.00    0.00     1      0.00      0.00     972     512   0.01     132      12      0.00      0.00      0.00       0  pause
05:39:12    65535         -      2361    0.00    0.00    0.00    0.00    0.00     1      0.00      0.00     972     512   0.01     132      12      0.00      0.00      0.00       0  |__pause
05:39:12        0      2402         -    0.00    0.00    0.00    0.00    0.00     0      0.00      0.00 1299988   29724   0.74     132      16      0.00      0.00      0.00       0  kube-proxy
05:39:12        0         -      2402    0.00    0.00    0.00    0.00    0.00     0      0.00      0.00 1299988   29724   0.74     132      16      0.00      0.00      0.00       0  |__kube-proxy
05:39:12        0         -      2436    0.00    0.00    0.00    0.00    0.00     0      0.00      0.00 1299988   29724   0.74     132      16      0.00      0.00      0.00       0  |__kube-proxy
05:39:12        0         -      2437    0.00    0.00    0.00    0.00    0.00     0      0.00      0.00 1299988   29724   0.74     132      16      0.00      0.00      0.00       0  |__kube-proxy
05:39:12        0         -      2438    0.00    0.00    0.00    0.00    0.00     1      0.00      0.00 1299988   29724   0.74     132      16      0.00      0.00      0.00       0  |__kube-proxy
05:39:12        0         -      2439    0.00    0.00    0.00    0.00    0.00     0      0.00      0.00 1299988   29724   0.74     132      16      0.00      0.00      0.00       0  |__kube-proxy
05:39:12        0         -      2442    0.00    0.00    0.00    0.00    0.00     1      0.00      0.00 1299988   29724   0.74     132      16      0.00      0.00      0.00       0  |__kube-proxy
05:39:12        0         -      2445    0.00    0.00    0.00    0.00    0.00     0      0.00      0.00 1299988   29724   0.74     132      16      0.00      0.00      0.00       0  |__kube-proxy
05:39:12        0      2414         -    1.56    1.17    0.00    1.56    2.72     1      0.39      0.00 11809520  116348   2.90     132      16      0.00    119.84      0.00       0  etcd
05:39:12        0         -      2414    0.39    0.39    0.00    1.56    0.78     1      0.39      0.00 11809520  116348   2.90     132      16      0.00     32.68      0.00       0  |__etcd
05:39:12        0         -      2441    0.39    0.39    0.00    2.33    0.78     1      0.00      0.00 11809520  116348   2.90     132      16      0.00      0.00      0.00       0  |__etcd
05:39:12        0         -      2443    0.39    0.39    0.00    1.17    0.78     1      0.00      0.00 11809520  116348   2.90     132      16      0.00     52.92      0.00       0  |__etcd
05:39:12        0         -      2444    0.00    0.00    0.00    0.00    0.00     0      0.00      0.00 11809520  116348   2.90     132      16      0.00      0.00      0.00       0  |__etcd
05:39:12        0         -      2446    0.00    0.00    0.00    0.00    0.00     0      0.00      0.00 11809520  116348   2.90     132      16      0.00      0.00      0.00       0  |__etcd
05:39:12        0         -      2447    0.00    0.00    0.00    0.00    0.00     0      0.00      0.00 11809520  116348   2.90     132      16      0.00      0.00      0.00       0  |__etcd
05:39:12        0         -      2455    0.00    0.00    0.00    0.00    0.00     0      0.00      0.00 11809520  116348   2.90     132      16      0.00      0.00      0.00       0  |__etcd
05:39:12        0         -      2533    0.00    0.00    0.00    0.00    0.00     1      0.00      0.00 11809520  116348   2.90     132      16      0.00      0.00      0.00       0  |__etcd
05:39:12        0         -      2534    0.00    0.00    0.00    0.00    0.00     1      0.00      0.00 11809520  116348   2.90     132      16      0.00     18.68      0.00       0  |__etcd
05:39:12        0         -      4399    0.39    0.39    0.00    0.78    0.78     1      0.00      0.00 11809520  116348   2.90     132      16      0.00     23.35      0.00       0  |__etcd
05:39:12        0      2465         -    0.00    0.00    0.00    0.00    0.00     0      0.00      0.00 1243816   18904   0.47     132      12      0.00      0.00      0.00       0  containerd-shim
05:39:12        0         -      2465    0.00    0.00    0.00    0.00    0.00     0      0.00      0.00 1243816   18904   0.47     132      12      0.00      0.00      0.00       0  |__containerd-shim
05:39:12        0         -      2466    0.00    0.00    0.00    0.00    0.00     1      0.00      0.00 1243816   18904   0.47     132      12      0.00      0.00      0.00       0  |__containerd-shim
05:39:12        0         -      2467    0.00    0.00    0.00    0.00    0.00     0      0.00      0.00 1243816   18904   0.47     132      12      0.00      0.00      0.00       0  |__containerd-shim
05:39:12        0         -      2468    0.00    0.00    0.00    0.00    0.00     1      0.00      0.00 1243816   18904   0.47     132      12      0.00      0.00      0.00       0  |__containerd-shim
05:39:12        0         -      2469    0.00    0.00    0.00    0.00    0.00     1      0.00      0.00 1243816   18904   0.47     132      12      0.00      0.00      0.00       0  |__containerd-shim
05:39:12        0         -      2470    0.00    0.00    0.00    0.00    0.00     1      0.00      0.00 1243816   18904   0.47     132      12      0.00      0.00      0.00       0  |__containerd-shim
05:39:12        0         -      2471    0.00    0.00    0.00    0.00    0.00     1      0.00      0.00 1243816   18904   0.47     132      12      0.00      0.00      0.00       0  |__containerd-shim
05:39:12        0         -      2472    0.00    0.00    0.00    0.00    0.00     1      0.00      0.00 1243816   18904   0.47     132      12      0.00      0.00      0.00       0  |__containerd-shim
05:39:12        0         -      2473    0.00    0.00    0.00    0.00    0.00     1      0.00      0.00 1243816   18904   0.47     132      12      0.00      0.00      0.00       0  |__containerd-shim
05:39:12        0         -      2474    0.00    0.00    0.00    0.00    0.00     0      0.00      0.00 1243816   18904   0.47     132      12      0.00      0.00      0.00       0  |__containerd-shim
05:39:12        0         -      2966    0.00    0.00    0.00    0.00    0.00     0      0.00      0.00 1243816   18904   0.47     132      12      0.00      0.00      0.00       0  |__containerd-shim
05:39:12        0         -      2967    0.00    0.00    0.00    0.00    0.00     0      0.00      0.00 1243816   18904   0.47     132      12      0.00      0.00      0.00       0  |__containerd-shim
05:39:12        0         -      2968    0.00    0.00    0.00    0.00    0.00     0      0.00      0.00 1243816   18904   0.47     132      12      0.00      0.00      0.00       0  |__containerd-shim
05:39:12        0         -     11864    0.00    0.00    0.00    0.00    0.00     1      0.00      0.00 1243816   18904   0.47     132      12      0.00      0.00      0.00       0  |__containerd-shim
05:39:12    65535      2489         -    0.00    0.00    0.00    0.00    0.00     1      0.00      0.00     972     512   0.01     132      12      0.00      0.00      0.00       0  pause
05:39:12    65535         -      2489    0.00    0.00    0.00    0.00    0.00     1      0.00      0.00     972     512   0.01     132      12      0.00      0.00      0.00       0  |__pause
05:39:12        0      2514         -    5.06    1.95    0.00    0.00    7.00     1      0.00      0.00 2073184  760884  18.97     132      16      0.00      0.00      0.00       0  kube-apiserver
05:39:12        0         -      2514    0.00    0.00    0.00    0.00    0.00     1      0.00      0.00 2073184  760884  18.97     132      16      0.00      0.00      0.00       0  |__kube-apiserver
05:39:12        0         -      2526    0.39    0.78    0.00    3.89    1.17     1      0.00      0.00 2073184  760884  18.97     132      16      0.00      0.00      0.00       0  |__kube-apiserver
05:39:12        0         -      2527    0.00    0.00    0.00    0.00    0.00     0      0.00      0.00 2073184  760884  18.97     132      16      0.00      0.00      0.00       0  |__kube-apiserver
05:39:12        0         -      2528    1.17    0.39    0.00    1.56    1.56     1      0.00      0.00 2073184  760884  18.97     132      16      0.00      0.00      0.00       0  |__kube-apiserver
05:39:12        0         -      2529    0.00    0.00    0.00    0.00    0.00     1      0.00      0.00 2073184  760884  18.97     132      16      0.00      0.00      0.00       0  |__kube-apiserver
05:39:12        0         -      2530    0.00    0.00    0.00    0.00    0.00     1      0.00      0.00 2073184  760884  18.97     132      16      0.00      0.00      0.00       0  |__kube-apiserver
05:39:12        0         -      2531    0.78    0.39    0.00    1.56    1.17     1      0.00      0.00 2073184  760884  18.97     132      16      0.00      0.00      0.00       0  |__kube-apiserver
05:39:12        0         -      2532    0.39    0.00    0.00    0.39    0.39     1      0.00      0.00 2073184  760884  18.97     132      16      0.00      0.00      0.00       0  |__kube-apiserver
05:39:12        0         -      2690    1.56    0.39    0.00    1.56    1.95     1      0.00      0.00 2073184  760884  18.97     132      16      0.00      0.00      0.00       0  |__kube-apiserver
05:39:12        0         -      2767    1.17    0.39    0.00    1.17    1.56     1      0.00      0.00 2073184  760884  18.97     132      16      0.00      0.00      0.00       0  |__kube-apiserver
05:39:12        0         -      3840    0.00    0.00    0.00    0.00    0.00     1      0.00      0.00 2073184  760884  18.97     132      16      0.00      0.00      0.00       0  |__kube-apiserver
05:39:12        0      2549         -    0.00    0.00    0.00    0.00    0.00     0      0.00      0.00 1243676   17744   0.44     132      16      0.00      0.00      0.00       0  containerd-shim
05:39:12        0         -      2549    0.00    0.00    0.00    0.00    0.00     0      0.00      0.00 1243676   17744   0.44     132      16      0.00      0.00      0.00       0  |__containerd-shim
05:39:12        0         -      2550    0.00    0.00    0.00    0.00    0.00     1      0.00      0.00 1243676   17744   0.44     132      16      0.00      0.00      0.00       0  |__containerd-shim
05:39:12        0         -      2551    0.00    0.00    0.00    0.00    0.00     1      0.00      0.00 1243676   17744   0.44     132      16      0.00      0.00      0.00       0  |__containerd-shim
05:39:12        0         -      2552    0.00    0.00    0.00    0.00    0.00     0      0.00      0.00 1243676   17744   0.44     132      16      0.00      0.00      0.00       0  |__containerd-shim
05:39:12        0         -      2553    0.00    0.00    0.00    0.00    0.00     0      0.00      0.00 1243676   17744   0.44     132      16      0.00      0.00      0.00       0  |__containerd-shim
05:39:12        0         -      2554    0.00    0.00    0.00    0.00    0.00     1      0.00      0.00 1243676   17744   0.44     132      16      0.00      0.00      0.00       0  |__containerd-shim
05:39:12        0         -      2555    0.00    0.00    0.00    0.00    0.00     1      0.00      0.00 1243676   17744   0.44     132      16      0.00      0.00      0.00       0  |__containerd-shim
05:39:12        0         -      2556    0.00    0.00    0.00    0.00    0.00     0      0.00      0.00 1243676   17744   0.44     132      16      0.00      0.00      0.00       0  |__containerd-shim
05:39:12        0         -      2557    0.00    0.00    0.00    0.00    0.00     0      0.00      0.00 1243676   17744   0.44     132      16      0.00      0.00      0.00       0  |__containerd-shim
05:39:12        0         -      2558    0.00    0.00    0.00    0.00    0.00     1      0.00      0.00 1243676   17744   0.44     132      16      0.00      0.00      0.00       0  |__containerd-shim
05:39:12        0         -      2625    0.00    0.00    0.00    0.00    0.00     0      0.00      0.00 1243676   17744   0.44     132      16      0.00      0.00      0.00       0  |__containerd-shim
05:39:12        0         -      2970    0.00    0.00    0.00    0.00    0.00     0      0.00      0.00 1243676   17744   0.44     132      16      0.00      0.00      0.00       0  |__containerd-shim
05:39:12        0         -     13819    0.00    0.00    0.00    0.00    0.00     1      0.00      0.00 1243676   17744   0.44     132      16      0.00      0.00      0.00       0  |__containerd-shim
05:39:12        0      2563         -    0.00    0.00    0.00    0.00    0.00     0      0.00      0.00 1243676   17772   0.44     132      16      0.00      0.00      0.00       0  containerd-shim
05:39:12        0         -      2563    0.00    0.00    0.00    0.00    0.00     0      0.00      0.00 1243676   17772   0.44     132      16      0.00      0.00      0.00       0  |__containerd-shim
05:39:12        0         -      2566    0.00    0.00    0.00    0.00    0.00     0      0.00      0.00 1243676   17772   0.44     132      16      0.00      0.00      0.00       0  |__containerd-shim
05:39:12        0         -      2567    0.00    0.00    0.00    0.00    0.00     0      0.00      0.00 1243676   17772   0.44     132      16      0.00      0.00      0.00       0  |__containerd-shim
05:39:12        0         -      2568    0.00    0.00    0.00    0.00    0.00     1      0.00      0.00 1243676   17772   0.44     132      16      0.00      0.00      0.00       0  |__containerd-shim
05:39:12        0         -      2569    0.00    0.00    0.00    0.00    0.00     1      0.00      0.00 1243676   17772   0.44     132      16      0.00      0.00      0.00       0  |__containerd-shim
05:39:12        0         -      2570    0.00    0.00    0.00    0.00    0.00     1      0.00      0.00 1243676   17772   0.44     132      16      0.00      0.00      0.00       0  |__containerd-shim
05:39:12        0         -      2582    0.00    0.00    0.00    0.00    0.00     1      0.00      0.00 1243676   17772   0.44     132      16      0.00      0.00      0.00       0  |__containerd-shim
05:39:12        0         -      2583    0.00    0.00    0.00    0.00    0.00     1      0.00      0.00 1243676   17772   0.44     132      16      0.00      0.00      0.00       0  |__containerd-shim
05:39:12        0         -      2584    0.00    0.00    0.00    0.00    0.00     0      0.00      0.00 1243676   17772   0.44     132      16      0.00      0.00      0.00       0  |__containerd-shim
05:39:12        0         -      2585    0.00    0.00    0.00    0.00    0.00     1      0.00      0.00 1243676   17772   0.44     132      16      0.00      0.00      0.00       0  |__containerd-shim
05:39:12        0         -      2620    0.00    0.00    0.00    0.00    0.00     1      0.00      0.00 1243676   17772   0.44     132      16      0.00      0.00      0.00       0  |__containerd-shim
05:39:12        0         -      2965    0.00    0.00    0.00    0.00    0.00     0      0.00      0.00 1243676   17772   0.44     132      16      0.00      0.00      0.00       0  |__containerd-shim
05:39:12        0         -      5391    0.00    0.00    0.00    0.00    0.00     0      0.00      0.00 1243676   17772   0.44     132      16      0.00      0.00      0.00       0  |__containerd-shim
05:39:12    65535      2594         -    0.00    0.00    0.00    0.00    0.00     1      0.00      0.00     972     512   0.01     132      12      0.00      0.00      0.00       0  pause
05:39:12    65535         -      2594    0.00    0.00    0.00    0.00    0.00     1      0.00      0.00     972     512   0.01     132      12      0.00      0.00      0.00       0  |__pause
05:39:12    65535      2606         -    0.00    0.00    0.00    0.00    0.00     1      0.00      0.00     972     512   0.01     132      12      0.00      0.00      0.00       0  pause
05:39:12    65535         -      2606    0.00    0.00    0.00    0.00    0.00     1      0.00      0.00     972     512   0.01     132      12      0.00      0.00      0.00       0  |__pause
05:39:12        0      2645         -    0.00    0.39    0.00    0.39    0.39     0      0.78      0.00 1299852   45824   1.14     132      16      0.00      0.00      0.00       0  kube-scheduler
05:39:12        0         -      2645    0.39    0.00    0.00    0.39    0.39     0      0.00      0.00 1299852   45824   1.14     132      16      0.00      0.00      0.00       0  |__kube-scheduler
05:39:12        0         -      2672    0.00    0.00    0.00    0.78    0.00     0      0.00      0.00 1299852   45824   1.14     132      16      0.00      0.00      0.00       0  |__kube-scheduler
05:39:12        0         -      2673    0.00    0.00    0.00    0.39    0.00     0      0.00      0.00 1299852   45824   1.14     132      16      0.00      0.00      0.00       0  |__kube-scheduler
05:39:12        0         -      2674    0.00    0.00    0.00    0.00    0.00     1      0.00      0.00 1299852   45824   1.14     132      16      0.00      0.00      0.00       0  |__kube-scheduler
05:39:12        0         -      2675    0.00    0.00    0.00    0.00    0.00     1      0.00      0.00 1299852   45824   1.14     132      16      0.00      0.00      0.00       0  |__kube-scheduler
05:39:12        0         -      2681    0.00    0.00    0.00    0.00    0.00     1      0.00      0.00 1299852   45824   1.14     132      16      0.00      0.00      0.00       0  |__kube-scheduler
05:39:12        0         -      2686    0.00    0.39    0.00    0.00    0.39     1      0.78      0.00 1299852   45824   1.14     132      16      0.00      0.00      0.00       0  |__kube-scheduler
05:39:12        0         -      2687    0.00    0.00    0.00    0.00    0.00     0      0.00      0.00 1299852   45824   1.14     132      16      0.00      0.00      0.00       0  |__kube-scheduler
05:39:12        0         -      8556    0.00    0.00    0.00    0.00    0.00     0      0.00      0.00 1299852   45824   1.14     132      16      0.00      0.00      0.00       0  |__kube-scheduler
05:39:12        0      2657         -    0.78    0.78    0.00    0.78    1.56     0      7.39      0.00 1387092  106524   2.66     132      20      0.00      0.00      0.00       0  kube-controller
05:39:12        0         -      2657    0.39    0.39    0.00    0.78    0.78     0      1.17      0.00 1387092  106524   2.66     132      20      0.00      0.00      0.00       0  |__kube-controller
05:39:12        0         -      2682    0.00    0.39    0.00    1.17    0.39     1      0.00      0.00 1387092  106524   2.66     132      20      0.00      0.00      0.00       0  |__kube-controller
05:39:12        0         -      2683    0.00    0.00    0.00    0.00    0.00     1      0.00      0.00 1387092  106524   2.66     132      20      0.00      0.00      0.00       0  |__kube-controller
05:39:12        0         -      2684    0.00    0.00    0.00    0.00    0.00     1      0.00      0.00 1387092  106524   2.66     132      20      0.00      0.00      0.00       0  |__kube-controller
05:39:12        0         -      2685    0.00    0.00    0.00    0.00    0.00     1      0.00      0.00 1387092  106524   2.66     132      20      0.00      0.00      0.00       0  |__kube-controller
05:39:12        0         -      2688    0.39    0.00    0.00    0.39    0.39     1      2.33      0.00 1387092  106524   2.66     132      20      0.00      0.00      0.00       0  |__kube-controller
05:39:12        0         -      2689    0.39    0.00    0.00    0.39    0.39     1      3.89      0.00 1387092  106524   2.66     132      20      0.00      0.00      0.00       0  |__kube-controller
05:39:12        0      2699         -    0.00    0.00    0.00    0.00    0.00     0      0.00      0.00 1243740   17792   0.44     132      16      0.00      0.00      0.00       0  containerd-shim
05:39:12        0         -      2699    0.00    0.00    0.00    0.00    0.00     0      0.00      0.00 1243740   17792   0.44     132      16      0.00      0.00      0.00       0  |__containerd-shim
05:39:12        0         -      2701    0.00    0.00    0.00    0.00    0.00     1      0.00      0.00 1243740   17792   0.44     132      16      0.00      0.00      0.00       0  |__containerd-shim
05:39:12        0         -      2702    0.00    0.00    0.00    0.00    0.00     1      0.00      0.00 1243740   17792   0.44     132      16      0.00      0.00      0.00       0  |__containerd-shim
05:39:12        0         -      2703    0.00    0.00    0.00    0.00    0.00     0      0.00      0.00 1243740   17792   0.44     132      16      0.00      0.00      0.00       0  |__containerd-shim
05:39:12        0         -      2704    0.00    0.00    0.00    0.00    0.00     1      0.00      0.00 1243740   17792   0.44     132      16      0.00      0.00      0.00       0  |__containerd-shim
05:39:12        0         -      2705    0.00    0.00    0.00    0.00    0.00     0      0.00      0.00 1243740   17792   0.44     132      16      0.00      0.00      0.00       0  |__containerd-shim
05:39:12        0         -      2706    0.00    0.00    0.00    0.00    0.00     1      0.00      0.00 1243740   17792   0.44     132      16      0.00      0.00      0.00       0  |__containerd-shim
05:39:12        0         -      2707    0.00    0.00    0.00    0.00    0.00     0      0.00      0.00 1243740   17792   0.44     132      16      0.00      0.00      0.00       0  |__containerd-shim
05:39:12        0         -      2708    0.00    0.00    0.00    0.00    0.00     1      0.00      0.00 1243740   17792   0.44     132      16      0.00      0.00      0.00       0  |__containerd-shim
05:39:12        0         -      2728    0.00    0.00    0.00    0.00    0.00     0      0.00      0.00 1243740   17792   0.44     132      16      0.00      0.00      0.00       0  |__containerd-shim
05:39:12        0         -      2760    0.00    0.00    0.00    0.00    0.00     1      0.00      0.00 1243740   17792   0.44     132      16      0.00      0.00      0.00       0  |__containerd-shim
05:39:12        0         -      2976    0.00    0.00    0.00    0.00    0.00     1      0.00      0.00 1243740   17792   0.44     132      16      0.00      0.00      0.00       0  |__containerd-shim
05:39:12        0         -     10082    0.00    0.00    0.00    0.00    0.00     0      0.00      0.00 1243740   17792   0.44     132      16      0.00      0.00      0.00       0  |__containerd-shim
05:39:12    65535      2722         -    0.00    0.00    0.00    0.00    0.00     0      0.00      0.00     972     512   0.01     132      12      0.00      0.00      0.00       0  pause
05:39:12    65535         -      2722    0.00    0.00    0.00    0.00    0.00     0      0.00      0.00     972     512   0.01     132      12      0.00      0.00      0.00       0  |__pause
05:39:12        0      2746         -    0.00    0.00    0.00    0.00    0.00     0      0.00      0.00 1307632   31980   0.80     132      16      0.00      0.00      0.00       0  cloud-controlle
05:39:12        0         -      2746    0.00    0.00    0.00    0.00    0.00     0      0.00      0.00 1307632   31980   0.80     132      16      0.00      0.00      0.00       0  |__cloud-controlle
05:39:12        0         -      2761    0.00    0.00    0.00    0.00    0.00     1      0.00      0.00 1307632   31980   0.80     132      16      0.00      0.00      0.00       0  |__cloud-controlle
05:39:12        0         -      2762    0.00    0.00    0.00    0.00    0.00     0      0.00      0.00 1307632   31980   0.80     132      16      0.00      0.00      0.00       0  |__cloud-controlle
05:39:12        0         -      2763    0.00    0.00    0.00    0.39    0.00     0      0.00      0.00 1307632   31980   0.80     132      16      0.00      0.00      0.00       0  |__cloud-controlle
05:39:12        0         -      2764    0.00    0.00    0.00    0.00    0.00     0      0.00      0.00 1307632   31980   0.80     132      16      0.00      0.00      0.00       0  |__cloud-controlle
05:39:12        0         -      2765    0.00    0.00    0.00    0.00    0.00     1      0.00      0.00 1307632   31980   0.80     132      16      0.00      0.00      0.00       0  |__cloud-controlle
05:39:12        0         -      2766    0.00    0.00    0.00    0.00    0.00     0      0.00      0.00 1307632   31980   0.80     132      16      0.00      0.00      0.00       0  |__cloud-controlle
05:39:12        0      3719         -    0.00    0.00    0.00    0.00    0.00     1      0.00      0.00 1243164   17472   0.44     132       8      0.00      0.00      0.00       0  containerd-shim
05:39:12        0         -      3719    0.00    0.00    0.00    0.00    0.00     1      0.00      0.00 1243164   17472   0.44     132       8      0.00      0.00      0.00       0  |__containerd-shim
05:39:12        0         -      3720    0.00    0.00    0.00    0.00    0.00     0      0.00      0.00 1243164   17472   0.44     132       8      0.00      0.00      0.00       0  |__containerd-shim
05:39:12        0         -      3721    0.00    0.00    0.00    0.00    0.00     0      0.00      0.00 1243164   17472   0.44     132       8      0.00      0.00      0.00       0  |__containerd-shim
05:39:12        0         -      3722    0.00    0.00    0.00    0.00    0.00     1      0.00      0.00 1243164   17472   0.44     132       8      0.00      0.00      0.00       0  |__containerd-shim
05:39:12        0         -      3723    0.00    0.00    0.00    0.00    0.00     0      0.00      0.00 1243164   17472   0.44     132       8      0.00      0.00      0.00       0  |__containerd-shim
05:39:12        0         -      3724    0.00    0.00    0.00    0.00    0.00     0      0.00      0.00 1243164   17472   0.44     132       8      0.00      0.00      0.00       0  |__containerd-shim
05:39:12        0         -      3725    0.00    0.00    0.00    0.00    0.00     1      0.00      0.00 1243164   17472   0.44     132       8      0.00      0.00      0.00       0  |__containerd-shim
05:39:12        0         -      3726    0.00    0.00    0.00    0.00    0.00     0      0.00      0.00 1243164   17472   0.44     132       8      0.00      0.00      0.00       0  |__containerd-shim
05:39:12        0         -      3727    0.00    0.00    0.00    0.00    0.00     1      0.00      0.00 1243164   17472   0.44     132       8      0.00      0.00      0.00       0  |__containerd-shim
05:39:12        0         -      3728    0.00    0.00    0.00    0.00    0.00     0      0.00      0.00 1243164   17472   0.44     132       8      0.00      0.00      0.00       0  |__containerd-shim
05:39:12        0         -      3888    0.00    0.00    0.00    0.00    0.00     0      0.00      0.00 1243164   17472   0.44     132       8      0.00      0.00      0.00       0  |__containerd-shim
05:39:12        0         -      4277    0.00    0.00    0.00    0.00    0.00     0      0.00      0.00 1243164   17472   0.44     132       8      0.00      0.00      0.00       0  |__containerd-shim
05:39:12        0         -      4278    0.00    0.00    0.00    0.00    0.00     1      0.00      0.00 1243164   17472   0.44     132       8      0.00      0.00      0.00       0  |__containerd-shim
05:39:12    65535      3743         -    0.00    0.00    0.00    0.00    0.00     0      0.00      0.00     972     512   0.01     132      12      0.00      0.00      0.00       0  pause
05:39:12    65535         -      3743    0.00    0.00    0.00    0.00    0.00     0      0.00      0.00     972     512   0.01     132      12      0.00      0.00      0.00       0  |__pause
05:39:12    10001      3874         -    0.00    0.00    0.00    0.00    0.00     1      0.00      0.00 1903772   56448   1.41     132      16      0.00      0.00      0.00       0  operator
05:39:12    10001         -      3874    0.00    0.00    0.00    0.00    0.00     1      0.00      0.00 1903772   56448   1.41     132      16      0.00      0.00      0.00       0  |__operator
05:39:12    10001         -      3889    0.00    0.00    0.00    0.00    0.00     0      0.00      0.00 1903772   56448   1.41     132      16      0.00      0.00      0.00       0  |__operator
05:39:12    10001         -      3890    0.00    0.00    0.00    0.00    0.00     1      0.00      0.00 1903772   56448   1.41     132      16      0.00      0.00      0.00       0  |__operator
05:39:12    10001         -      3891    0.00    0.00    0.00    0.00    0.00     1      0.00      0.00 1903772   56448   1.41     132      16      0.00      0.00      0.00       0  |__operator
05:39:12    10001         -      3892    0.00    0.00    0.00    0.00    0.00     0      0.00      0.00 1903772   56448   1.41     132      16      0.00      0.00      0.00       0  |__operator
05:39:12    10001         -      3893    0.00    0.00    0.00    0.00    0.00     0      0.00      0.00 1903772   56448   1.41     132      16      0.00      0.00      0.00       0  |__operator
05:39:12    10001         -      3894    0.00    0.00    0.00    0.39    0.00     1      0.00      0.00 1903772   56448   1.41     132      16      0.00      0.00      0.00       0  |__operator
05:39:12    10001         -      3895    0.00    0.00    0.00    0.39    0.00     1      0.00      0.00 1903772   56448   1.41     132      16      0.00      0.00      0.00       0  |__operator
05:39:12    10001         -      3896    0.00    0.00    0.00    0.00    0.00     1      0.00      0.00 1903772   56448   1.41     132      16      0.00      0.00      0.00       0  |__operator
05:39:12        0      3914         -    0.00    0.00    0.00    0.00    0.00     1      0.00      0.00 1243420   18708   0.47     132      12      0.00      0.00      0.00       0  containerd-shim
05:39:12        0         -      3914    0.00    0.00    0.00    0.00    0.00     1      0.00      0.00 1243420   18708   0.47     132      12      0.00      0.00      0.00       0  |__containerd-shim
05:39:12        0         -      3915    0.00    0.00    0.00    0.00    0.00     0      0.00      0.00 1243420   18708   0.47     132      12      0.00      0.00      0.00       0  |__containerd-shim
05:39:12        0         -      3916    0.00    0.00    0.00    0.00    0.00     1      0.00      0.00 1243420   18708   0.47     132      12      0.00      0.00      0.00       0  |__containerd-shim
05:39:12        0         -      3917    0.00    0.00    0.00    0.00    0.00     1      0.00      0.00 1243420   18708   0.47     132      12      0.00      0.00      0.00       0  |__containerd-shim
05:39:12        0         -      3918    0.00    0.00    0.00    0.00    0.00     1      0.00      0.00 1243420   18708   0.47     132      12      0.00      0.00      0.00       0  |__containerd-shim
05:39:12        0         -      3919    0.00    0.00    0.00    0.00    0.00     0      0.00      0.00 1243420   18708   0.47     132      12      0.00      0.00      0.00       0  |__containerd-shim
05:39:12        0         -      3920    0.00    0.00    0.00    0.00    0.00     1      0.00      0.00 1243420   18708   0.47     132      12      0.00      0.00      0.00       0  |__containerd-shim
05:39:12        0         -      3921    0.00    0.00    0.00    0.00    0.00     1      0.00      0.00 1243420   18708   0.47     132      12      0.00      0.00      0.00       0  |__containerd-shim
05:39:12        0         -      3922    0.00    0.00    0.00    0.00    0.00     1      0.00      0.00 1243420   18708   0.47     132      12      0.00      0.00      0.00       0  |__containerd-shim
05:39:12        0         -      3923    0.00    0.00    0.00    0.00    0.00     0      0.00      0.00 1243420   18708   0.47     132      12      0.00      0.00      0.00       0  |__containerd-shim
05:39:12        0         -      4106    0.00    0.00    0.00    0.00    0.00     0      0.00      0.00 1243420   18708   0.47     132      12      0.00      0.00      0.00       0  |__containerd-shim
05:39:12        0         -      4107    0.00    0.00    0.00    0.00    0.00     0      0.00      0.00 1243420   18708   0.47     132      12      0.00      0.00      0.00       0  |__containerd-shim
05:39:12        0         -      6822    0.00    0.00    0.00    0.00    0.00     1      0.00      0.00 1243420   18708   0.47     132      12      0.00      0.00      0.00       0  |__containerd-shim
05:39:12    65535      3938         -    0.00    0.00    0.00    0.00    0.00     0      0.00      0.00     972     512   0.01     132      12      0.00      0.00      0.00       0  pause
05:39:12    65535         -      3938    0.00    0.00    0.00    0.00    0.00     0      0.00      0.00     972     512   0.01     132      12      0.00      0.00      0.00       0  |__pause
05:39:12        0      4418         -    0.00    0.00    0.00    0.00    0.00     1      0.00      0.00    4480    1152   0.03     132      12      0.00      0.00      0.00       0  runsvdir
05:39:12        0         -      4418    0.00    0.00    0.00    0.00    0.00     1      0.00      0.00    4480    1152   0.03     132      12      0.00      0.00      0.00       0  |__runsvdir
05:39:12        0      4530         -    0.00    0.00    0.00    0.00    0.00     0      0.00      0.00 1243420   17832   0.44     132      16      0.00      0.00      0.00       0  containerd-shim
05:39:12        0         -      4530    0.00    0.00    0.00    0.00    0.00     0      0.00      0.00 1243420   17832   0.44     132      16      0.00      0.00      0.00       0  |__containerd-shim
05:39:12        0         -      4533    0.00    0.00    0.00    0.00    0.00     0      0.00      0.00 1243420   17832   0.44     132      16      0.00      0.00      0.00       0  |__containerd-shim
05:39:12        0         -      4534    0.00    0.00    0.00    0.00    0.00     0      0.00      0.00 1243420   17832   0.44     132      16      0.00      0.00      0.00       0  |__containerd-shim
05:39:12        0         -      4535    0.00    0.00    0.00    0.00    0.00     1      0.00      0.00 1243420   17832   0.44     132      16      0.00      0.00      0.00       0  |__containerd-shim
05:39:12        0         -      4536    0.00    0.00    0.00    0.00    0.00     1      0.00      0.00 1243420   17832   0.44     132      16      0.00      0.00      0.00       0  |__containerd-shim
05:39:12        0         -      4537    0.00    0.00    0.00    0.00    0.00     0      0.00      0.00 1243420   17832   0.44     132      16      0.00      0.00      0.00       0  |__containerd-shim
05:39:12        0         -      4539    0.00    0.00    0.00    0.00    0.00     0      0.00      0.00 1243420   17832   0.44     132      16      0.00      0.00      0.00       0  |__containerd-shim
05:39:12        0         -      4540    0.00    0.00    0.00    0.00    0.00     0      0.00      0.00 1243420   17832   0.44     132      16      0.00      0.00      0.00       0  |__containerd-shim
05:39:12        0         -      4541    0.00    0.00    0.00    0.00    0.00     0      0.00      0.00 1243420   17832   0.44     132      16      0.00      0.00      0.00       0  |__containerd-shim
05:39:12        0         -      4543    0.00    0.00    0.00    0.00    0.00     1      0.00      0.00 1243420   17832   0.44     132      16      0.00      0.00      0.00       0  |__containerd-shim
05:39:12        0         -      4610    0.00    0.00    0.00    0.00    0.00     0      0.00      0.00 1243420   17832   0.44     132      16      0.00      0.00      0.00       0  |__containerd-shim
05:39:12        0         -      5674    0.00    0.00    0.00    0.00    0.00     0      0.00      0.00 1243420   17832   0.44     132      16      0.00      0.00      0.00       0  |__containerd-shim
05:39:12        0         -      6826    0.00    0.00    0.00    0.00    0.00     1      0.00      0.00 1243420   17832   0.44     132      16      0.00      0.00      0.00       0  |__containerd-shim
05:39:12    65535      4574         -    0.00    0.00    0.00    0.00    0.00     0      0.00      0.00     972     512   0.01     132      12      0.00      0.00      0.00       0  pause
05:39:12    65535         -      4574    0.00    0.00    0.00    0.00    0.00     0      0.00      0.00     972     512   0.01     132      12      0.00      0.00      0.00       0  |__pause
05:39:12        0      4698         -    0.00    0.00    0.00    0.00    0.00     0      0.00      0.00    4328    1152   0.03     132      12      0.00      0.00      0.00       0  runsv
05:39:12        0         -      4698    0.00    0.00    0.00    0.00    0.00     0      0.00      0.00    4328    1152   0.03     132      12      0.00      0.00      0.00       0  |__runsv
05:39:12        0      4699         -    0.00    0.00    0.00    0.00    0.00     1      0.00      0.00    4328    1152   0.03     132      12      0.00      0.00      0.00       0  runsv
05:39:12        0         -      4699    0.00    0.00    0.00    0.00    0.00     1      0.00      0.00    4328    1152   0.03     132      12      0.00      0.00      0.00       0  |__runsv
05:39:12        0      4700         -    0.00    0.00    0.00    0.00    0.00     0      0.00      0.00    4328    1152   0.03     132      16      0.00      0.00      0.00       0  runsv
05:39:12        0         -      4700    0.00    0.00    0.00    0.00    0.00     0      0.00      0.00    4328    1152   0.03     132      16      0.00      0.00      0.00       0  |__runsv
05:39:12        0      4701         -    0.00    0.00    0.00    0.00    0.00     0      0.00      0.00    4328    1152   0.03     132      12      0.00      0.00      0.00       0  runsv
05:39:12        0         -      4701    0.00    0.00    0.00    0.00    0.00     0      0.00      0.00    4328    1152   0.03     132      12      0.00      0.00      0.00       0  |__runsv
05:39:12        0      4702         -    0.00    0.00    0.00    0.00    0.00     0      0.00      0.00    4328    1152   0.03     132      12      0.00      0.00      0.00       0  runsv
05:39:12        0         -      4702    0.00    0.00    0.00    0.00    0.00     0      0.00      0.00    4328    1152   0.03     132      12      0.00      0.00      0.00       0  |__runsv
05:39:12        0      4703         -    0.00    0.00    0.00    0.00    0.00     1      0.00      0.00    4328    1152   0.03     132      16      0.00      0.00      0.00       0  runsv
05:39:12        0         -      4703    0.00    0.00    0.00    0.00    0.00     1      0.00      0.00    4328    1152   0.03     132      16      0.00      0.00      0.00       0  |__runsv
05:39:12        0      4704         -    0.00    0.00    0.00    0.00    0.00     1      0.00      0.00    4472    1152   0.03     132      12      0.00      0.00      0.00       0  svlogd
05:39:12        0         -      4704    0.00    0.00    0.00    0.00    0.00     1      0.00      0.00    4472    1152   0.03     132      12      0.00      0.00      0.00       0  |__svlogd
05:39:12        0      4705         -    0.00    0.00    0.00    0.00    0.00     1      0.00      0.00 1753800   53112   1.32     132      16      0.00      0.00      0.00       0  calico-node
05:39:12        0         -      4705    0.00    0.00    0.00    0.00    0.00     1      0.00      0.00 1753800   53112   1.32     132      16      0.00      0.00      0.00       0  |__calico-node
05:39:12        0         -      4747    0.00    0.00    0.00    0.00    0.00     0      0.00      0.00 1753800   53112   1.32     132      16      0.00      0.00      0.00       0  |__calico-node
05:39:12        0         -      4748    0.00    0.00    0.00    0.00    0.00     1      0.00      0.00 1753800   53112   1.32     132      16      0.00      0.00      0.00       0  |__calico-node
05:39:12        0         -      4749    0.00    0.00    0.00    0.00    0.00     0      0.00      0.00 1753800   53112   1.32     132      16      0.00      0.00      0.00       0  |__calico-node
05:39:12        0         -      4750    0.00    0.00    0.00    0.00    0.00     0      0.00      0.00 1753800   53112   1.32     132      16      0.00      0.00      0.00       0  |__calico-node
05:39:12        0         -      4765    0.00    0.00    0.00    0.00    0.00     1      0.00      0.00 1753800   53112   1.32     132      16      0.00      0.00      0.00       0  |__calico-node
05:39:12        0      4706         -    0.00    0.00    0.00    0.00    0.00     0      0.00      0.00   12004    1792   0.04     132      12      0.00      0.00      0.00       0  run
05:39:12        0         -      4706    0.00    0.00    0.00    0.00    0.00     0      0.00      0.00   12004    1792   0.04     132      12      0.00      0.00      0.00       0  |__run
05:39:12        0      4707         -    0.00    0.00    0.00    0.00    0.00     0      0.00      0.00   12004    1792   0.04     132      12      0.00      0.00      0.00       0  run
05:39:12        0         -      4707    0.00    0.00    0.00    0.00    0.00     0      0.00      0.00   12004    1792   0.04     132      12      0.00      0.00      0.00       0  |__run
05:39:12        0      4709         -    0.00    0.00    0.00    0.00    0.00     1      0.00      0.00   12004    1920   0.05     132      12      0.00      0.00      0.00       0  run
05:39:12        0         -      4709    0.00    0.00    0.00    0.00    0.00     1      0.00      0.00   12004    1920   0.05     132      12      0.00      0.00      0.00       0  |__run
05:39:12        0      4710         -    0.00    0.00    0.00    0.00    0.00     1      0.00      0.00 1827276   47596   1.19     132      16      0.00      0.00      0.00       0  calico-node
05:39:12        0         -      4710    0.00    0.00    0.00    0.00    0.00     1      0.00      0.00 1827276   47596   1.19     132      16      0.00      0.00      0.00       0  |__calico-node
05:39:12        0         -      4753    0.00    0.00    0.00    0.00    0.00     1      0.00      0.00 1827276   47596   1.19     132      16      0.00      0.00      0.00       0  |__calico-node
05:39:12        0         -      4754    0.00    0.00    0.00    0.00    0.00     0      0.00      0.00 1827276   47596   1.19     132      16      0.00      0.00      0.00       0  |__calico-node
05:39:12        0         -      4755    0.00    0.00    0.00    0.00    0.00     1      0.00      0.00 1827276   47596   1.19     132      16      0.00      0.00      0.00       0  |__calico-node
05:39:12        0         -      4759    0.00    0.00    0.00    0.00    0.00     1      0.00      0.00 1827276   47596   1.19     132      16      0.00      0.00      0.00       0  |__calico-node
05:39:12        0         -      4761    0.00    0.00    0.00    0.00    0.00     1      0.00      0.00 1827276   47596   1.19     132      16      0.00      0.00      0.00       0  |__calico-node
05:39:12        0         -      4763    0.00    0.00    0.00    0.00    0.00     1      0.00      0.00 1827276   47596   1.19     132      16      0.00      0.00      0.00       0  |__calico-node
05:39:12        0      4711         -    0.00    0.00    0.00    0.00    0.00     1      0.00      0.00   12004    1920   0.05     132      16      0.00      0.00      0.00       0  run
05:39:12        0         -      4711    0.00    0.00    0.00    0.00    0.00     1      0.00      0.00   12004    1920   0.05     132      16      0.00      0.00      0.00       0  |__run
05:39:12        0      4713         -    0.00    0.00    0.00    0.00    0.00     1      0.00      0.00 1827532   48240   1.20     132      20      0.00      0.00      0.00       0  calico-node
05:39:12        0         -      4713    0.00    0.00    0.00    0.00    0.00     1      0.00      0.00 1827532   48240   1.20     132      20      0.00      0.00      0.00       0  |__calico-node
05:39:12        0         -      4731    0.00    0.00    0.00    0.00    0.00     1      0.00      0.00 1827532   48240   1.20     132      20      0.00      0.00      0.00       0  |__calico-node
05:39:12        0         -      4732    0.00    0.00    0.00    0.00    0.00     1      0.00      0.00 1827532   48240   1.20     132      20      0.00      0.00      0.00       0  |__calico-node
05:39:12        0         -      4733    0.00    0.00    0.00    0.00    0.00     0      0.00      0.00 1827532   48240   1.20     132      20      0.00      0.00      0.00       0  |__calico-node
05:39:12        0         -      4734    0.00    0.00    0.00    0.00    0.00     0      0.00      0.00 1827532   48240   1.20     132      20      0.00      0.00      0.00       0  |__calico-node
05:39:12        0         -      4762    0.00    0.00    0.00    0.00    0.00     1      0.00      0.00 1827532   48240   1.20     132      20      0.00      0.00      0.00       0  |__calico-node
05:39:12        0         -      4764    0.00    0.00    0.00    0.00    0.00     1      0.00      0.00 1827532   48240   1.20     132      20      0.00      0.00      0.00       0  |__calico-node
05:39:12        0      4736         -    0.00    0.00    0.00    0.00    0.00     0      0.00      0.00   12004     912   0.02     132      12      0.00      0.00      0.00       0  run
05:39:12        0         -      4736    0.00    0.00    0.00    0.00    0.00     0      0.00      0.00   12004     912   0.02     132      12      0.00      0.00      0.00       0  |__run
05:39:12        0      4737         -    0.00    0.00    0.00    0.00    0.00     0      0.00      0.00   23148    1920   0.05     132      16      0.00      0.00      0.00       0  tee
05:39:12        0         -      4737    0.00    0.00    0.00    0.00    0.00     0      0.00      0.00   23148    1920   0.05     132      16      0.00      0.00      0.00       0  |__tee
05:39:12        0      4738         -    0.00    0.00    0.00    0.00    0.00     0      0.00      0.00    4472    1024   0.03     132      12      0.00      0.00      0.00       0  svlogd
05:39:12        0         -      4738    0.00    0.00    0.00    0.00    0.00     0      0.00      0.00    4472    1024   0.03     132      12      0.00      0.00      0.00       0  |__svlogd
05:39:12        0      4739         -    0.00    0.00    0.00    0.00    0.00     1      0.00      0.00   12004    1040   0.03     132      12      0.00      0.00      0.00       0  run
05:39:12        0         -      4739    0.00    0.00    0.00    0.00    0.00     1      0.00      0.00   12004    1040   0.03     132      12      0.00      0.00      0.00       0  |__run
05:39:12        0      4740         -    0.00    0.00    0.00    0.00    0.00     0      0.00      0.00   23148    1536   0.04     132      16      0.00      0.00      0.00       0  tee
05:39:12        0         -      4740    0.00    0.00    0.00    0.00    0.00     0      0.00      0.00   23148    1536   0.04     132      16      0.00      0.00      0.00       0  |__tee
05:39:12        0      4741         -    0.00    0.00    0.00    0.00    0.00     1      0.00      0.00    4472    1152   0.03     132      12      0.00      0.00      0.00       0  svlogd
05:39:12        0         -      4741    0.00    0.00    0.00    0.00    0.00     1      0.00      0.00    4472    1152   0.03     132      12      0.00      0.00      0.00       0  |__svlogd
05:39:12        0      4742         -    0.00    0.00    0.00    0.00    0.00     1      0.00      0.00   12004    1040   0.03     132      12      0.00      0.00      0.00       0  run
05:39:12        0         -      4742    0.00    0.00    0.00    0.00    0.00     1      0.00      0.00   12004    1040   0.03     132      12      0.00      0.00      0.00       0  |__run
05:39:12        0      4743         -    0.00    0.00    0.00    0.00    0.00     1      0.00      0.00   23148    1664   0.04     132      20      0.00      0.00      0.00       0  tee
05:39:12        0         -      4743    0.00    0.00    0.00    0.00    0.00     1      0.00      0.00   23148    1664   0.04     132      20      0.00      0.00      0.00       0  |__tee
05:39:12        0      4744         -    0.00    0.00    0.00    0.00    0.00     1      0.00      0.00   12004    1040   0.03     132      12      0.00      0.00      0.00       0  run
05:39:12        0         -      4744    0.00    0.00    0.00    0.00    0.00     1      0.00      0.00   12004    1040   0.03     132      12      0.00      0.00      0.00       0  |__run
05:39:12        0      4745         -    0.00    0.00    0.00    0.00    0.00     0      0.00      0.00   23148    1792   0.04     132      16      0.00      0.00      0.00       0  tee
05:39:12        0         -      4745    0.00    0.00    0.00    0.00    0.00     0      0.00      0.00   23148    1792   0.04     132      16      0.00      0.00      0.00       0  |__tee
05:39:12        0      4746         -    0.00    0.00    0.00    0.00    0.00     0      0.00      0.00    4472    1152   0.03     132      16      0.00      0.00      0.00       0  svlogd
05:39:12        0         -      4746    0.00    0.00    0.00    0.00    0.00     0      0.00      0.00    4472    1152   0.03     132      16      0.00      0.00      0.00       0  |__svlogd
05:39:12        0      4751         -    0.00    0.00    0.00    0.00    0.00     0      0.00      0.00    4472    1152   0.03     132      12      0.00      0.00      0.00       0  svlogd
05:39:12        0         -      4751    0.00    0.00    0.00    0.00    0.00     0      0.00      0.00    4472    1152   0.03     132      12      0.00      0.00      0.00       0  |__svlogd
05:39:12    10001      4865         -    0.00    0.00    0.00    0.00    0.00     0      0.00      0.00 1285120   41532   1.04     132      16      0.00      0.00      0.00       0  calico-typha
05:39:12    10001         -      4865    0.00    0.00    0.00    0.00    0.00     0      0.00      0.00 1285120   41532   1.04     132      16      0.00      0.00      0.00       0  |__calico-typha
05:39:12    10001         -      4877    0.00    0.39    0.00    0.39    0.39     0      0.00      0.00 1285120   41532   1.04     132      16      0.00      0.00      0.00       0  |__calico-typha
05:39:12    10001         -      4878    0.00    0.00    0.00    0.00    0.00     1      0.00      0.00 1285120   41532   1.04     132      16      0.00      0.00      0.00       0  |__calico-typha
05:39:12    10001         -      4879    0.00    0.00    0.00    0.00    0.00     1      0.00      0.00 1285120   41532   1.04     132      16      0.00      0.00      0.00       0  |__calico-typha
05:39:12    10001         -      4880    0.00    0.00    0.00    0.00    0.00     1      0.00      0.00 1285120   41532   1.04     132      16      0.00      0.00      0.00       0  |__calico-typha
05:39:12    10001         -      4881    0.00    0.00    0.00    0.00    0.00     1      0.00      0.00 1285120   41532   1.04     132      16      0.00      0.00      0.00       0  |__calico-typha
05:39:12    10001         -      4882    0.00    0.00    0.00    0.00    0.00     0      0.00      0.00 1285120   41532   1.04     132      16      0.00      0.00      0.00       0  |__calico-typha
05:39:12    10001         -      4883    0.00    0.00    0.00    0.00    0.00     1      0.00      0.00 1285120   41532   1.04     132      16      0.00      0.00      0.00       0  |__calico-typha
05:39:12    10001         -     10535    0.00    0.00    0.00    0.00    0.00     0      0.00      0.00 1285120   41532   1.04     132      16      0.00      0.00      0.00       0  |__calico-typha
05:39:12        0      4899         -    0.78    0.39    0.00    0.00    1.17     1      0.00      0.00 2049240   67320   1.68     132      16      0.00      0.00      0.00       0  calico-node
05:39:12        0         -      4899    0.00    0.00    0.00    0.00    0.00     1      0.00      0.00 2049240   67320   1.68     132      16      0.00      0.00      0.00       0  |__calico-node
05:39:12        0         -      4900    0.00    0.39    0.00    0.78    0.39     1      0.00      0.00 2049240   67320   1.68     132      16      0.00      0.00      0.00       0  |__calico-node
05:39:12        0         -      4901    0.00    0.00    0.00    0.00    0.00     0      0.00      0.00 2049240   67320   1.68     132      16      0.00      0.00      0.00       0  |__calico-node
05:39:12        0         -      4902    0.00    0.00    0.00    0.00    0.00     1      0.00      0.00 2049240   67320   1.68     132      16      0.00      0.00      0.00       0  |__calico-node
05:39:12        0         -      4903    0.00    0.00    0.00    0.00    0.00     1      0.00      0.00 2049240   67320   1.68     132      16      0.00      0.00      0.00       0  |__calico-node
05:39:12        0         -      4904    0.39    0.00    0.00    0.78    0.39     1      0.00      0.00 2049240   67320   1.68     132      16      0.00      0.00      0.00       0  |__calico-node
05:39:12        0         -      4941    0.00    0.00    0.00    0.00    0.00     0      0.00      0.00 2049240   67320   1.68     132      16      0.00      0.00      0.00       0  |__calico-node
05:39:12        0         -      4945    0.00    0.39    0.00    1.17    0.39     1      0.00      0.00 2049240   67320   1.68     132      16      0.00      0.00      0.00       0  |__calico-node
05:39:12        0         -      4946    0.00    0.00    0.00    0.00    0.00     1      0.00      0.00 2049240   67320   1.68     132      16      0.00      0.00      0.00       0  |__calico-node
05:39:12        0         -      4947    0.39    0.00    0.00    0.78    0.39     1      0.00      0.00 2049240   67320   1.68     132      16      0.00      0.00      0.00       0  |__calico-node
05:39:12        0      4916         -    0.00    0.00    0.00    0.00    0.00     1      0.00      0.00 1753800   49408   1.23     132      12      0.00      0.00      0.00       0  calico-node
05:39:12        0         -      4916    0.00    0.00    0.00    0.00    0.00     1      0.00      0.00 1753800   49408   1.23     132      12      0.00      0.00      0.00       0  |__calico-node
05:39:12        0         -      4918    0.00    0.00    0.00    0.00    0.00     0      0.00      0.00 1753800   49408   1.23     132      12      0.00      0.00      0.00       0  |__calico-node
05:39:12        0         -      4919    0.00    0.00    0.00    0.00    0.00     1      0.00      0.00 1753800   49408   1.23     132      12      0.00      0.00      0.00       0  |__calico-node
05:39:12        0         -      4920    0.00    0.00    0.00    0.00    0.00     1      0.00      0.00 1753800   49408   1.23     132      12      0.00      0.00      0.00       0  |__calico-node
05:39:12        0         -      4921    0.00    0.00    0.00    0.00    0.00     1      0.00      0.00 1753800   49408   1.23     132      12      0.00      0.00      0.00       0  |__calico-node
05:39:12        0         -      4927    0.00    0.00    0.00    0.00    0.00     0      0.00      0.00 1753800   49408   1.23     132      12      0.00      0.00      0.00       0  |__calico-node
05:39:12        0      4917         -    0.00    0.00    0.00    0.00    0.00     0      0.00      0.00 1753800   50168   1.25     132      12      0.00      0.00      0.00       0  calico-node
05:39:12        0         -      4917    0.00    0.00    0.00    0.00    0.00     0      0.00      0.00 1753800   50168   1.25     132      12      0.00      0.00      0.00       0  |__calico-node
05:39:12        0         -      4922    0.00    0.00    0.00    0.00    0.00     0      0.00      0.00 1753800   50168   1.25     132      12      0.00      0.00      0.00       0  |__calico-node
05:39:12        0         -      4923    0.00    0.00    0.00    0.00    0.00     0      0.00      0.00 1753800   50168   1.25     132      12      0.00      0.00      0.00       0  |__calico-node
05:39:12        0         -      4924    0.00    0.00    0.00    0.00    0.00     1      0.00      0.00 1753800   50168   1.25     132      12      0.00      0.00      0.00       0  |__calico-node
05:39:12        0         -      4925    0.00    0.00    0.00    0.00    0.00     0      0.00      0.00 1753800   50168   1.25     132      12      0.00      0.00      0.00       0  |__calico-node
05:39:12        0         -      4926    0.00    0.00    0.00    0.00    0.00     1      0.00      0.00 1753800   50168   1.25     132      12      0.00      0.00      0.00       0  |__calico-node
05:39:12        0      5104         -    0.00    0.00    0.00    0.00    0.00     0     21.79      0.00 1243420   18140   0.45     132      12      0.00      1.56      1.56       0  containerd-shim
05:39:12        0         -      5104    0.00    0.00    0.00    0.00    0.00     0      0.00      0.00 1243420   18140   0.45     132      12      0.00      0.00      0.00       0  |__containerd-shim
05:39:12        0         -      5106    0.00    0.00    0.00    0.39    0.00     0      0.00      0.00 1243420   18140   0.45     132      12      0.00      0.00      0.00       0  |__containerd-shim
05:39:12        0         -      5107    0.00    0.00    0.00    0.00    0.00     0      4.67      0.00 1243420   18140   0.45     132      12      0.00      0.00      0.00       0  |__containerd-shim
05:39:12        0         -      5108    0.00    0.00    0.00    0.00    0.00     1      0.00      0.00 1243420   18140   0.45     132      12      0.00      0.00      0.00       0  |__containerd-shim
05:39:12        0         -      5109    0.00    0.00    0.00    0.00    0.00     1      0.00      0.00 1243420   18140   0.45     132      12      0.00      0.00      0.00       0  |__containerd-shim
05:39:12        0         -      5110    0.00    0.00    0.00    0.00    0.00     0      0.00      0.00 1243420   18140   0.45     132      12      0.00      0.00      0.00       0  |__containerd-shim
05:39:12        0         -      5112    0.00    0.00    0.00    0.00    0.00     0      0.78      0.00 1243420   18140   0.45     132      12      0.00      0.00      0.00       0  |__containerd-shim
05:39:12        0         -      5113    0.00    0.00    0.00    0.00    0.00     0      3.11      0.00 1243420   18140   0.45     132      12      0.00      0.00      0.00       0  |__containerd-shim
05:39:12        0         -      5114    0.00    0.00    0.00    0.00    0.00     0      7.00      0.00 1243420   18140   0.45     132      12      0.00      0.00      0.00       0  |__containerd-shim
05:39:12        0         -      5138    0.00    0.00    0.00    0.00    0.00     0      0.00      0.00 1243420   18140   0.45     132      12      0.00      0.00      0.00       0  |__containerd-shim
05:39:12        0         -      5140    0.00    0.00    0.00    0.39    0.00     0      1.56      0.00 1243420   18140   0.45     132      12      0.00      1.56      0.00       0  |__containerd-shim
05:39:12        0         -      5146    0.00    0.39    0.00    0.00    0.39     1      4.67      0.00 1243420   18140   0.45     132      12      0.00      0.00      1.56       0  |__containerd-shim
05:39:12        0         -      5955    0.00    0.00    0.00    0.00    0.00     1      0.00      0.00 1243420   18140   0.45     132      12      0.00      0.00      0.00       0  |__containerd-shim
05:39:12    65535      5132         -    0.00    0.00    0.00    0.00    0.00     1      0.00      0.00     972     512   0.01     132       8      0.00      0.00      0.00       0  pause
05:39:12    65535         -      5132    0.00    0.00    0.00    0.00    0.00     1      0.00      0.00     972     512   0.01     132       8      0.00      0.00      0.00       0  |__pause
05:39:12        0      5274         -    0.00    0.00    0.00    0.00    0.00     1      0.00      0.00 1243676   17708   0.44     132      12      0.00      0.00      0.00       0  containerd-shim
05:39:12        0         -      5274    0.00    0.00    0.00    0.00    0.00     1      0.00      0.00 1243676   17708   0.44     132      12      0.00      0.00      0.00       0  |__containerd-shim
05:39:12        0         -      5276    0.00    0.00    0.00    0.00    0.00     0      0.00      0.00 1243676   17708   0.44     132      12      0.00      0.00      0.00       0  |__containerd-shim
05:39:12        0         -      5277    0.00    0.00    0.00    0.00    0.00     1      0.00      0.00 1243676   17708   0.44     132      12      0.00      0.00      0.00       0  |__containerd-shim
05:39:12        0         -      5278    0.00    0.00    0.00    0.00    0.00     0      0.00      0.00 1243676   17708   0.44     132      12      0.00      0.00      0.00       0  |__containerd-shim
05:39:12        0         -      5279    0.00    0.00    0.00    0.00    0.00     1      0.00      0.00 1243676   17708   0.44     132      12      0.00      0.00      0.00       0  |__containerd-shim
05:39:12        0         -      5280    0.00    0.00    0.00    0.00    0.00     1      0.00      0.00 1243676   17708   0.44     132      12      0.00      0.00      0.00       0  |__containerd-shim
05:39:12        0         -      5282    0.00    0.00    0.00    0.00    0.00     0      0.00      0.00 1243676   17708   0.44     132      12      0.00      0.00      0.00       0  |__containerd-shim
05:39:12        0         -      5283    0.00    0.00    0.00    0.00    0.00     1      0.00      0.00 1243676   17708   0.44     132      12      0.00      0.00      0.00       0  |__containerd-shim
05:39:12        0         -      5284    0.00    0.00    0.00    0.00    0.00     1      0.00      0.00 1243676   17708   0.44     132      12      0.00      0.00      0.00       0  |__containerd-shim
05:39:12        0         -      5285    0.00    0.00    0.00    0.00    0.00     1      0.00      0.00 1243676   17708   0.44     132      12      0.00      0.00      0.00       0  |__containerd-shim
05:39:12        0         -      5620    0.00    0.00    0.00    0.00    0.00     0      0.00      0.00 1243676   17708   0.44     132      12      0.00      0.00      0.00       0  |__containerd-shim
05:39:12        0         -      5621    0.00    0.00    0.00    0.00    0.00     0      0.00      0.00 1243676   17708   0.44     132      12      0.00      0.00      0.00       0  |__containerd-shim
05:39:12        0         -     14091    0.00    0.00    0.00    0.00    0.00     0      0.00      0.00 1243676   17708   0.44     132      12      0.00      0.00      0.00       0  |__containerd-shim
05:39:12    65535      5309         -    0.00    0.00    0.00    0.00    0.00     0      0.00      0.00     972     512   0.01     132      16      0.00      0.00      0.00       0  pause
05:39:12    65535         -      5309    0.00    0.00    0.00    0.00    0.00     0      0.00      0.00     972     512   0.01     132      16      0.00      0.00      0.00       0  |__pause
05:39:12        0      5368         -    0.00    0.00    0.00    0.00    0.00     0      0.00      0.00 1243164   17772   0.44     132      16      0.00      0.00      0.00       0  containerd-shim
05:39:12        0         -      5368    0.00    0.00    0.00    0.00    0.00     0      0.00      0.00 1243164   17772   0.44     132      16      0.00      0.00      0.00       0  |__containerd-shim
05:39:12        0         -      5369    0.00    0.00    0.00    0.00    0.00     0      0.00      0.00 1243164   17772   0.44     132      16      0.00      0.00      0.00       0  |__containerd-shim
05:39:12        0         -      5370    0.00    0.00    0.00    0.00    0.00     0      0.00      0.00 1243164   17772   0.44     132      16      0.00      0.00      0.00       0  |__containerd-shim
05:39:12        0         -      5371    0.00    0.00    0.00    0.00    0.00     0      0.00      0.00 1243164   17772   0.44     132      16      0.00      0.00      0.00       0  |__containerd-shim
05:39:12        0         -      5372    0.00    0.00    0.00    0.00    0.00     1      0.00      0.00 1243164   17772   0.44     132      16      0.00      0.00      0.00       0  |__containerd-shim
05:39:12        0         -      5373    0.00    0.00    0.00    0.00    0.00     0      0.00      0.00 1243164   17772   0.44     132      16      0.00      0.00      0.00       0  |__containerd-shim
05:39:12        0         -      5375    0.00    0.00    0.00    0.00    0.00     0      0.00      0.00 1243164   17772   0.44     132      16      0.00      0.00      0.00       0  |__containerd-shim
05:39:12        0         -      5376    0.00    0.00    0.00    0.00    0.00     1      0.00      0.00 1243164   17772   0.44     132      16      0.00      0.00      0.00       0  |__containerd-shim
05:39:12        0         -      5377    0.00    0.00    0.00    0.00    0.00     1      0.00      0.00 1243164   17772   0.44     132      16      0.00      0.00      0.00       0  |__containerd-shim
05:39:12        0         -      5428    0.00    0.00    0.00    0.00    0.00     1      0.00      0.00 1243164   17772   0.44     132      16      0.00      0.00      0.00       0  |__containerd-shim
05:39:12        0         -      5430    0.00    0.00    0.00    0.00    0.00     0      0.00      0.00 1243164   17772   0.44     132      16      0.00      0.00      0.00       0  |__containerd-shim
05:39:12        0         -      5720    0.00    0.00    0.00    0.00    0.00     0      0.00      0.00 1243164   17772   0.44     132      16      0.00      0.00      0.00       0  |__containerd-shim
05:39:12        0         -      7324    0.00    0.00    0.00    0.00    0.00     1      0.00      0.00 1243164   17772   0.44     132      16      0.00      0.00      0.00       0  |__containerd-shim
05:39:12    65535      5394         -    0.00    0.00    0.00    0.00    0.00     0      0.00      0.00     972     512   0.01     132       4      0.00      0.00      0.00       0  pause
05:39:12    65535         -      5394    0.00    0.00    0.00    0.00    0.00     0      0.00      0.00     972     512   0.01     132       4      0.00      0.00      0.00       0  |__pause
05:39:12      999      5521         -    0.00    0.00    0.00    0.00    0.00     1      0.00      0.00 1242220    2176   0.05     132      16      0.00      0.00      0.00       0  wrapper
05:39:12      999         -      5521    0.00    0.00    0.00    0.00    0.00     1      0.00      0.00 1242220    2176   0.05     132      16      0.00      0.00      0.00       0  |__wrapper
05:39:12      999         -      5533    0.00    0.00    0.00    0.00    0.00     0      0.00      0.00 1242220    2176   0.05     132      16      0.00      0.00      0.00       0  |__wrapper
05:39:12      999         -      5534    0.00    0.00    0.00    0.00    0.00     0      0.00      0.00 1242220    2176   0.05     132      16      0.00      0.00      0.00       0  |__wrapper
05:39:12      999         -      5535    0.00    0.00    0.00    0.00    0.00     0      0.00      0.00 1242220    2176   0.05     132      16      0.00      0.00      0.00       0  |__wrapper
05:39:12      999         -      5536    0.00    0.00    0.00    0.00    0.00     1      0.00      0.00 1242220    2176   0.05     132      16      0.00      0.00      0.00       0  |__wrapper
05:39:12      999         -      5537    0.00    0.00    0.00    0.00    0.00     1      0.00      0.00 1242220    2176   0.05     132      16      0.00      0.00      0.00       0  |__wrapper
05:39:12      999         -      5538    0.00    0.00    0.00    0.00    0.00     1      0.00      0.00 1242220    2176   0.05     132      16      0.00      0.00      0.00       0  |__wrapper
05:39:12      999      5540         -    0.00    0.00    0.00    0.00    0.00     1      0.00      0.00 1288820   30988   0.77     132      16      0.00      0.00      0.00       0  kube-controller
05:39:12      999         -      5540    0.00    0.00    0.00    0.00    0.00     1      0.00      0.00 1288820   30988   0.77     132      16      0.00      0.00      0.00       0  |__kube-controller
05:39:12      999         -      5541    0.00    0.00    0.00    0.00    0.00     1      0.00      0.00 1288820   30988   0.77     132      16      0.00      0.00      0.00       0  |__kube-controller
05:39:12      999         -      5542    0.00    0.00    0.00    0.00    0.00     0      0.00      0.00 1288820   30988   0.77     132      16      0.00      0.00      0.00       0  |__kube-controller
05:39:12      999         -      5543    0.00    0.00    0.00    0.00    0.00     0      0.00      0.00 1288820   30988   0.77     132      16      0.00      0.00      0.00       0  |__kube-controller
05:39:12      999         -      5544    0.00    0.00    0.00    0.00    0.00     1      0.00      0.00 1288820   30988   0.77     132      16      0.00      0.00      0.00       0  |__kube-controller
05:39:12        0      5606         -    0.00    0.00    0.00    0.00    0.00     1      0.00      0.00 1275800   17428   0.43     132      12      0.00      0.00      0.00       0  cluster-proport
05:39:12        0         -      5606    0.00    0.00    0.00    0.00    0.00     1      0.00      0.00 1275800   17428   0.43     132      12      0.00      0.00      0.00       0  |__cluster-proport
05:39:12        0         -      5622    0.00    0.00    0.00    0.00    0.00     1      0.00      0.00 1275800   17428   0.43     132      12      0.00      0.00      0.00       0  |__cluster-proport
05:39:12        0         -      5623    0.00    0.00    0.00    0.00    0.00     1      0.00      0.00 1275800   17428   0.43     132      12      0.00      0.00      0.00       0  |__cluster-proport
05:39:12        0         -      5624    0.00    0.00    0.00    0.00    0.00     0      0.00      0.00 1275800   17428   0.43     132      12      0.00      0.00      0.00       0  |__cluster-proport
05:39:12        0         -      5625    0.00    0.00    0.00    0.00    0.00     1      0.00      0.00 1275800   17428   0.43     132      12      0.00      0.00      0.00       0  |__cluster-proport
05:39:12        0         -      5626    0.00    0.00    0.00    0.00    0.00     0      0.00      0.00 1275800   17428   0.43     132      12      0.00      0.00      0.00       0  |__cluster-proport
05:39:12        0      5640         -    0.00    0.00    0.00    0.00    0.00     1      0.00      0.00 1305692   23936   0.60     132      16      0.00      0.00      0.00       0  coredns
05:39:12        0         -      5640    0.00    0.00    0.00    0.00    0.00     1      0.00      0.00 1305692   23936   0.60     132      16      0.00      0.00      0.00       0  |__coredns
05:39:12        0         -      5651    0.00    0.00    0.00    0.00    0.00     0      0.00      0.00 1305692   23936   0.60     132      16      0.00      0.00      0.00       0  |__coredns
05:39:12        0         -      5652    0.00    0.00    0.00    0.00    0.00     0      0.00      0.00 1305692   23936   0.60     132      16      0.00      0.00      0.00       0  |__coredns
05:39:12        0         -      5653    0.00    0.00    0.00    0.00    0.00     0      0.00      0.00 1305692   23936   0.60     132      16      0.00      0.00      0.00       0  |__coredns
05:39:12        0         -      5654    0.00    0.00    0.00    0.00    0.00     0      0.00      0.00 1305692   23936   0.60     132      16      0.00      0.00      0.00       0  |__coredns
05:39:12        0         -      5655    0.00    0.00    0.00    0.00    0.00     1      0.00      0.00 1305692   23936   0.60     132      16      0.00      0.00      0.00       0  |__coredns
05:39:12        0         -      6319    0.00    0.00    0.00    0.00    0.00     1      0.00      0.00 1305692   23936   0.60     132      16      0.00      0.00      0.00       0  |__coredns
05:39:12        0      8231         -    0.00    0.00    0.00    0.00    0.00     0      0.00      0.00 1243420   17684   0.44     132      16      0.00      0.00      0.00       0  containerd-shim
05:39:12        0         -      8231    0.00    0.00    0.00    0.00    0.00     0      0.00      0.00 1243420   17684   0.44     132      16      0.00      0.00      0.00       0  |__containerd-shim
05:39:12        0         -      8232    0.00    0.00    0.00    0.00    0.00     0      0.00      0.00 1243420   17684   0.44     132      16      0.00      0.00      0.00       0  |__containerd-shim
05:39:12        0         -      8233    0.00    0.00    0.00    0.00    0.00     1      0.00      0.00 1243420   17684   0.44     132      16      0.00      0.00      0.00       0  |__containerd-shim
05:39:12        0         -      8234    0.00    0.00    0.00    0.00    0.00     1      0.00      0.00 1243420   17684   0.44     132      16      0.00      0.00      0.00       0  |__containerd-shim
05:39:12        0         -      8235    0.00    0.00    0.00    0.00    0.00     1      0.00      0.00 1243420   17684   0.44     132      16      0.00      0.00      0.00       0  |__containerd-shim
05:39:12        0         -      8236    0.00    0.00    0.00    0.00    0.00     1      0.00      0.00 1243420   17684   0.44     132      16      0.00      0.00      0.00       0  |__containerd-shim
05:39:12        0         -      8240    0.00    0.00    0.00    0.00    0.00     1      0.00      0.00 1243420   17684   0.44     132      16      0.00      0.00      0.00       0  |__containerd-shim
05:39:12        0         -      8241    0.00    0.00    0.00    0.00    0.00     0      0.00      0.00 1243420   17684   0.44     132      16      0.00      0.00      0.00       0  |__containerd-shim
05:39:12        0         -      8242    0.00    0.00    0.00    0.00    0.00     1      0.00      0.00 1243420   17684   0.44     132      16      0.00      0.00      0.00       0  |__containerd-shim
05:39:12        0         -      8269    0.00    0.00    0.00    0.00    0.00     1      0.00      0.00 1243420   17684   0.44     132      16      0.00      0.00      0.00       0  |__containerd-shim
05:39:12        0         -      8295    0.00    0.00    0.00    0.00    0.00     1      0.00      0.00 1243420   17684   0.44     132      16      0.00      0.00      0.00       0  |__containerd-shim
05:39:12        0         -      8296    0.00    0.00    0.00    0.00    0.00     0      0.00      0.00 1243420   17684   0.44     132      16      0.00      0.00      0.00       0  |__containerd-shim
05:39:12        0         -      8527    0.00    0.00    0.00    0.00    0.00     0      0.00      0.00 1243420   17684   0.44     132      16      0.00      0.00      0.00       0  |__containerd-shim
05:39:12    65535      8260         -    0.00    0.00    0.00    0.00    0.00     1      0.00      0.00     972     512   0.01     132      12      0.00      0.00      0.00       0  pause
05:39:12    65535         -      8260    0.00    0.00    0.00    0.00    0.00     1      0.00      0.00     972     512   0.01     132      12      0.00      0.00      0.00       0  |__pause
05:39:12        0      8288         -    0.00    0.00    0.00    0.00    0.00     0      0.00      0.00    2684     256   0.01     132      16      0.00      0.00      0.00       0  tini
05:39:12        0         -      8288    0.00    0.00    0.00    0.00    0.00     0      0.00      0.00    2684     256   0.01     132      16      0.00      0.00      0.00       0  |__tini
05:39:12        0      8352         -    1.17    0.39    0.00    0.00    1.56     0      8.17      0.00 1702772  289596   7.22     132      16      0.00     99.61      0.00       0  agent
05:39:12        0         -      8352    0.00    0.00    0.00    0.00    0.00     0      0.00      0.00 1702772  289596   7.22     132      16      0.00      0.00      0.00       0  |__agent
05:39:12        0         -      8353    0.00    0.00    0.00    1.56    0.00     1      0.00      0.00 1702772  289596   7.22     132      16      0.00      0.00      0.00       0  |__agent
05:39:12        0         -      8354    0.39    0.00    0.00    0.78    0.39     1      8.17      0.00 1702772  289596   7.22     132      16      0.00     99.61      0.00       0  |__agent
05:39:12        0         -      8355    0.00    0.00    0.00    0.00    0.00     1      0.00      0.00 1702772  289596   7.22     132      16      0.00      0.00      0.00       0  |__agent
05:39:12        0         -      8367    0.00    0.39    0.00    0.39    0.39     1      0.00      0.00 1702772  289596   7.22     132      16      0.00      0.00      0.00       0  |__agent
05:39:12        0         -      8368    0.00    0.00    0.00    0.00    0.00     1      0.00      0.00 1702772  289596   7.22     132      16      0.00      0.00      0.00       0  |__agent
05:39:12        0         -      8381    0.00    0.00    0.00    0.00    0.00     1      0.00      0.00 1702772  289596   7.22     132      16      0.00      0.00      0.00       0  |__agent
05:39:12        0         -      8382    0.00    0.00    0.00    0.00    0.00     0      0.00      0.00 1702772  289596   7.22     132      16      0.00      0.00      0.00       0  |__agent
05:39:12        0         -      8530    0.00    0.00    0.00    0.00    0.00     0      0.00      0.00 1702772  289596   7.22     132      16      0.00      0.00      0.00       0  |__agent
05:39:12        0         -      8555    0.00    0.00    0.00    0.00    0.00     0      0.00      0.00 1702772  289596   7.22     132      16      0.00      0.00      0.00       0  |__agent
05:39:12        0         -      8557    0.00    0.00    0.00    0.00    0.00     1      0.00      0.00 1702772  289596   7.22     132      16      0.00      0.00      0.00       0  |__agent
05:39:12        0         -      8558    0.39    0.00    0.00    0.78    0.39     1      0.00      0.00 1702772  289596   7.22     132      16      0.00      0.00      0.00       0  |__agent
05:39:12        0      9277         -    0.00    0.00    0.00    0.00    0.00     0      0.00      0.00 1243420   17856   0.45     132      16      0.00      0.00      0.00       0  containerd-shim
05:39:12        0         -      9277    0.00    0.00    0.00    0.00    0.00     0      0.00      0.00 1243420   17856   0.45     132      16      0.00      0.00      0.00       0  |__containerd-shim
05:39:12        0         -      9280    0.00    0.00    0.00    0.00    0.00     1      0.00      0.00 1243420   17856   0.45     132      16      0.00      0.00      0.00       0  |__containerd-shim
05:39:12        0         -      9281    0.00    0.00    0.00    0.00    0.00     1      0.00      0.00 1243420   17856   0.45     132      16      0.00      0.00      0.00       0  |__containerd-shim
05:39:12        0         -      9283    0.00    0.00    0.00    0.00    0.00     1      0.00      0.00 1243420   17856   0.45     132      16      0.00      0.00      0.00       0  |__containerd-shim
05:39:12        0         -      9284    0.00    0.00    0.00    0.00    0.00     1      0.00      0.00 1243420   17856   0.45     132      16      0.00      0.00      0.00       0  |__containerd-shim
05:39:12        0         -      9285    0.00    0.00    0.00    0.00    0.00     1      0.00      0.00 1243420   17856   0.45     132      16      0.00      0.00      0.00       0  |__containerd-shim
05:39:12        0         -      9287    0.00    0.00    0.00    0.00    0.00     1      0.00      0.00 1243420   17856   0.45     132      16      0.00      0.00      0.00       0  |__containerd-shim
05:39:12        0         -      9288    0.00    0.00    0.00    0.00    0.00     1      0.00      0.00 1243420   17856   0.45     132      16      0.00      0.00      0.00       0  |__containerd-shim
05:39:12        0         -      9289    0.00    0.00    0.00    0.00    0.00     0      0.00      0.00 1243420   17856   0.45     132      16      0.00      0.00      0.00       0  |__containerd-shim
05:39:12        0         -      9290    0.00    0.00    0.00    0.00    0.00     1      0.00      0.00 1243420   17856   0.45     132      16      0.00      0.00      0.00       0  |__containerd-shim
05:39:12        0         -      9318    0.00    0.00    0.00    0.00    0.00     1      0.00      0.00 1243420   17856   0.45     132      16      0.00      0.00      0.00       0  |__containerd-shim
05:39:12        0         -      9349    0.00    0.00    0.00    0.00    0.00     0      0.00      0.00 1243420   17856   0.45     132      16      0.00      0.00      0.00       0  |__containerd-shim
05:39:12        0         -     14954    0.00    0.00    0.00    0.00    0.00     1      0.00      0.00 1243420   17856   0.45     132      16      0.00      0.00      0.00       0  |__containerd-shim
05:39:12    65535      9311         -    0.00    0.00    0.00    0.00    0.00     0      0.00      0.00     972     512   0.01     132      12      0.00      0.00      0.00       0  pause
05:39:12    65535         -      9311    0.00    0.00    0.00    0.00    0.00     0      0.00      0.00     972     512   0.01     132      12      0.00      0.00      0.00       0  |__pause
05:39:12        0      9336         -    0.00    0.00    0.00    0.00    0.00     1      0.00      0.00    2684     128   0.00     132       8      0.00      0.00      0.00       0  tini
05:39:12        0         -      9336    0.00    0.00    0.00    0.00    0.00     1      0.00      0.00    2684     128   0.00     132       8      0.00      0.00      0.00       0  |__tini
05:39:12        0      9401         -    0.78    0.00    0.00    0.00    0.78     0      0.00      0.00 1634640  224960   5.61     132      16      0.00      0.00      0.00       0  agent
05:39:12        0         -      9401    0.00    0.00    0.00    0.00    0.00     0      0.00      0.00 1634640  224960   5.61     132      16      0.00      0.00      0.00       0  |__agent
05:39:12        0         -      9402    0.00    0.39    0.00    0.78    0.39     1      0.00      0.00 1634640  224960   5.61     132      16      0.00      0.00      0.00       0  |__agent
05:39:12        0         -      9403    0.00    0.00    0.00    0.00    0.00     0      0.00      0.00 1634640  224960   5.61     132      16      0.00      0.00      0.00       0  |__agent
05:39:12        0         -      9404    0.00    0.00    0.00    0.00    0.00     1      0.00      0.00 1634640  224960   5.61     132      16      0.00      0.00      0.00       0  |__agent
05:39:12        0         -      9405    0.00    0.00    0.00    0.00    0.00     1      0.00      0.00 1634640  224960   5.61     132      16      0.00      0.00      0.00       0  |__agent
05:39:12        0         -      9414    0.00    0.00    0.00    0.00    0.00     0      0.00      0.00 1634640  224960   5.61     132      16      0.00      0.00      0.00       0  |__agent
05:39:12        0         -      9415    0.00    0.00    0.00    0.39    0.00     0      0.00      0.00 1634640  224960   5.61     132      16      0.00      0.00      0.00       0  |__agent
05:39:12        0         -      9416    0.00    0.00    0.00    0.00    0.00     0      0.00      0.00 1634640  224960   5.61     132      16      0.00      0.00      0.00       0  |__agent
05:39:12        0         -      9553    0.00    0.00    0.00    0.39    0.00     1      0.00      0.00 1634640  224960   5.61     132      16      0.00      0.00      0.00       0  |__agent
05:39:12        0         -      9554    0.00    0.39    0.00    0.78    0.39     1      0.00      0.00 1634640  224960   5.61     132      16      0.00      0.00      0.00       0  |__agent
05:39:12        0      9690         -    0.00    0.00    0.00    0.00    0.00     0      0.00      0.00 1243164   17708   0.44     132      16      0.00      0.00      0.00       0  containerd-shim
05:39:12        0         -      9690    0.00    0.00    0.00    0.00    0.00     0      0.00      0.00 1243164   17708   0.44     132      16      0.00      0.00      0.00       0  |__containerd-shim
05:39:12        0         -      9691    0.00    0.00    0.00    0.00    0.00     1      0.00      0.00 1243164   17708   0.44     132      16      0.00      0.00      0.00       0  |__containerd-shim
05:39:12        0         -      9692    0.00    0.00    0.00    0.00    0.00     1      0.00      0.00 1243164   17708   0.44     132      16      0.00      0.00      0.00       0  |__containerd-shim
05:39:12        0         -      9693    0.00    0.00    0.00    0.00    0.00     1      0.00      0.00 1243164   17708   0.44     132      16      0.00      0.00      0.00       0  |__containerd-shim
05:39:12        0         -      9694    0.00    0.00    0.00    0.00    0.00     1      0.00      0.00 1243164   17708   0.44     132      16      0.00      0.00      0.00       0  |__containerd-shim
05:39:12        0         -      9695    0.00    0.00    0.00    0.00    0.00     1      0.00      0.00 1243164   17708   0.44     132      16      0.00      0.00      0.00       0  |__containerd-shim
05:39:12        0         -      9696    0.00    0.00    0.00    0.00    0.00     1      0.00      0.00 1243164   17708   0.44     132      16      0.00      0.00      0.00       0  |__containerd-shim
05:39:12        0         -      9697    0.00    0.00    0.00    0.00    0.00     1      0.00      0.00 1243164   17708   0.44     132      16      0.00      0.00      0.00       0  |__containerd-shim
05:39:12        0         -      9698    0.00    0.00    0.00    0.00    0.00     0      0.00      0.00 1243164   17708   0.44     132      16      0.00      0.00      0.00       0  |__containerd-shim
05:39:12        0         -      9724    0.00    0.00    0.00    0.00    0.00     1      0.00      0.00 1243164   17708   0.44     132      16      0.00      0.00      0.00       0  |__containerd-shim
05:39:12        0         -      9725    0.00    0.00    0.00    0.00    0.00     1      0.00      0.00 1243164   17708   0.44     132      16      0.00      0.00      0.00       0  |__containerd-shim
05:39:12        0         -      9894    0.00    0.00    0.00    0.00    0.00     0      0.00      0.00 1243164   17708   0.44     132      16      0.00      0.00      0.00       0  |__containerd-shim
05:39:12        0         -      9895    0.00    0.00    0.00    0.00    0.00     0      0.00      0.00 1243164   17708   0.44     132      16      0.00      0.00      0.00       0  |__containerd-shim
05:39:12    65535      9713         -    0.00    0.00    0.00    0.00    0.00     1      0.00      0.00     972     512   0.01     132      16      0.00      0.00      0.00       0  pause
05:39:12    65535         -      9713    0.00    0.00    0.00    0.00    0.00     1      0.00      0.00     972     512   0.01     132      16      0.00      0.00      0.00       0  |__pause
05:39:12     1000      9799         -    0.00    0.00    0.00    0.00    0.00     1      0.00      0.00 1285008   60876   1.52     132       4      0.00      0.00      0.00       0  webhook
05:39:12     1000         -      9799    0.00    0.00    0.00    0.00    0.00     1      0.00      0.00 1285008   60876   1.52     132       4      0.00      0.00      0.00       0  |__webhook
05:39:12     1000         -      9811    0.00    0.00    0.00    0.00    0.00     1      0.00      0.00 1285008   60876   1.52     132       4      0.00      0.00      0.00       0  |__webhook
05:39:12     1000         -      9812    0.00    0.00    0.00    0.00    0.00     0      0.00      0.00 1285008   60876   1.52     132       4      0.00      0.00      0.00       0  |__webhook
05:39:12     1000         -      9813    0.00    0.00    0.00    0.00    0.00     1      0.00      0.00 1285008   60876   1.52     132       4      0.00      0.00      0.00       0  |__webhook
05:39:12     1000         -      9814    0.00    0.00    0.00    0.00    0.00     0      0.00      0.00 1285008   60876   1.52     132       4      0.00      0.00      0.00       0  |__webhook
05:39:12     1000         -      9815    0.00    0.00    0.00    0.00    0.00     0      0.00      0.00 1285008   60876   1.52     132       4      0.00      0.00      0.00       0  |__webhook
05:39:12     1000         -      9816    0.00    0.00    0.00    0.00    0.00     1      0.00      0.00 1285008   60876   1.52     132       4      0.00      0.00      0.00       0  |__webhook
05:39:12     1000         -      9817    0.00    0.00    0.00    0.39    0.00     0      0.00      0.00 1285008   60876   1.52     132       4      0.00      0.00      0.00       0  |__webhook
05:39:12        0     10450         -    0.00    0.00    0.00    0.00    0.00     1      0.00      0.00 1243420   17792   0.44     132      16      0.00      0.00      0.00       0  containerd-shim
05:39:12        0         -     10450    0.00    0.00    0.00    0.00    0.00     1      0.00      0.00 1243420   17792   0.44     132      16      0.00      0.00      0.00       0  |__containerd-shim
05:39:12        0         -     10452    0.00    0.00    0.00    0.00    0.00     1      0.00      0.00 1243420   17792   0.44     132      16      0.00      0.00      0.00       0  |__containerd-shim
05:39:12        0         -     10453    0.00    0.00    0.00    0.00    0.00     1      0.00      0.00 1243420   17792   0.44     132      16      0.00      0.00      0.00       0  |__containerd-shim
05:39:12        0         -     10454    0.00    0.00    0.00    0.00    0.00     1      0.00      0.00 1243420   17792   0.44     132      16      0.00      0.00      0.00       0  |__containerd-shim
05:39:12        0         -     10455    0.00    0.00    0.00    0.00    0.00     0      0.00      0.00 1243420   17792   0.44     132      16      0.00      0.00      0.00       0  |__containerd-shim
05:39:12        0         -     10456    0.00    0.00    0.00    0.00    0.00     1      0.00      0.00 1243420   17792   0.44     132      16      0.00      0.00      0.00       0  |__containerd-shim
05:39:12        0         -     10457    0.00    0.00    0.00    0.00    0.00     0      0.00      0.00 1243420   17792   0.44     132      16      0.00      0.00      0.00       0  |__containerd-shim
05:39:12        0         -     10458    0.00    0.00    0.00    0.00    0.00     0      0.00      0.00 1243420   17792   0.44     132      16      0.00      0.00      0.00       0  |__containerd-shim
05:39:12        0         -     10459    0.00    0.00    0.00    0.00    0.00     0      0.00      0.00 1243420   17792   0.44     132      16      0.00      0.00      0.00       0  |__containerd-shim
05:39:12        0         -     10460    0.00    0.00    0.00    0.00    0.00     0      0.00      0.00 1243420   17792   0.44     132      16      0.00      0.00      0.00       0  |__containerd-shim
05:39:12        0         -     10623    0.00    0.00    0.00    0.00    0.00     0      0.00      0.00 1243420   17792   0.44     132      16      0.00      0.00      0.00       0  |__containerd-shim
05:39:12        0         -     11272    0.00    0.00    0.00    0.00    0.00     1      0.00      0.00 1243420   17792   0.44     132      16      0.00      0.00      0.00       0  |__containerd-shim
05:39:12        0         -     13434    0.00    0.00    0.00    0.00    0.00     0      0.00      0.00 1243420   17792   0.44     132      16      0.00      0.00      0.00       0  |__containerd-shim
05:39:12    65535     10476         -    0.00    0.00    0.00    0.00    0.00     0      0.00      0.00     972     512   0.01     132       8      0.00      0.00      0.00       0  pause
05:39:12    65535         -     10476    0.00    0.00    0.00    0.00    0.00     0      0.00      0.00     972     512   0.01     132       8      0.00      0.00      0.00       0  |__pause
05:39:12    65534     10609         -    0.00    0.00    0.00    0.00    0.00     0      0.00      0.00 1276068   48352   1.21     132      16      0.00      0.00      0.00       0  system-upgrade-
05:39:12    65534         -     10609    0.00    0.00    0.00    0.00    0.00     0      0.00      0.00 1276068   48352   1.21     132      16      0.00      0.00      0.00       0  |__system-upgrade-
05:39:12    65534         -     10624    0.00    0.00    0.00    0.00    0.00     1      0.00      0.00 1276068   48352   1.21     132      16      0.00      0.00      0.00       0  |__system-upgrade-
05:39:12    65534         -     10625    0.00    0.00    0.00    0.00    0.00     0      0.00      0.00 1276068   48352   1.21     132      16      0.00      0.00      0.00       0  |__system-upgrade-
05:39:12    65534         -     10626    0.00    0.00    0.00    0.00    0.00     0      0.00      0.00 1276068   48352   1.21     132      16      0.00      0.00      0.00       0  |__system-upgrade-
05:39:12    65534         -     10627    0.00    0.00    0.00    0.00    0.00     1      0.00      0.00 1276068   48352   1.21     132      16      0.00      0.00      0.00       0  |__system-upgrade-
05:39:12    65534         -     10628    0.00    0.39    0.00    0.39    0.39     1      0.00      0.00 1276068   48352   1.21     132      16      0.00      0.00      0.00       0  |__system-upgrade-
05:39:12    65534         -     10629    0.00    0.00    0.00    0.00    0.00     1      0.00      0.00 1276068   48352   1.21     132      16      0.00      0.00      0.00       0  |__system-upgrade-
05:39:12    65534         -     10630    0.39    0.00    0.00    0.00    0.39     1      0.00      0.00 1276068   48352   1.21     132      16      0.00      0.00      0.00       0  |__system-upgrade-
05:39:12    65534         -     10631    0.00    0.00    0.00    0.00    0.00     1      0.00      0.00 1276068   48352   1.21     132      16      0.00      0.00      0.00       0  |__system-upgrade-
05:39:12        0     11033         -    0.00    0.00    0.00    0.00    0.00     0      0.00      0.00 1284552   38408   0.96     132      16      0.00      0.00      0.00       0  rancher-system-
05:39:12        0         -     11033    0.00    0.00    0.00    0.00    0.00     0      0.00      0.00 1284552   38408   0.96     132      16      0.00      0.00      0.00       0  |__rancher-system-
05:39:12        0         -     11036    0.00    0.00    0.00    0.00    0.00     0      0.00      0.00 1284552   38408   0.96     132      16      0.00      0.00      0.00       0  |__rancher-system-
05:39:12        0         -     11037    0.00    0.00    0.00    0.00    0.00     1      0.00      0.00 1284552   38408   0.96     132      16      0.00      0.00      0.00       0  |__rancher-system-
05:39:12        0         -     11038    0.00    0.00    0.00    0.00    0.00     0      0.00      0.00 1284552   38408   0.96     132      16      0.00      0.00      0.00       0  |__rancher-system-
05:39:12        0         -     11045    0.00    0.00    0.00    0.00    0.00     0      0.00      0.00 1284552   38408   0.96     132      16      0.00      0.00      0.00       0  |__rancher-system-
05:39:12        0         -     11058    0.00    0.00    0.00    0.00    0.00     1      0.00      0.00 1284552   38408   0.96     132      16      0.00      0.00      0.00       0  |__rancher-system-
05:39:12        0         -     11059    0.00    0.00    0.00    0.00    0.00     0      0.00      0.00 1284552   38408   0.96     132      16      0.00      0.00      0.00       0  |__rancher-system-
05:39:12        0         -     11062    0.00    0.00    0.00    0.00    0.00     1      0.00      0.00 1284552   38408   0.96     132      16      0.00      0.00      0.00       0  |__rancher-system-
05:39:12        0         -     14858    0.00    0.00    0.00    0.00    0.00     0      0.00      0.00 1284552   38408   0.96     132      16      0.00      0.00      0.00       0  |__rancher-system-
05:39:12        0     11440         -    0.00    0.00    0.00    0.00    0.00     1      0.00      0.00       0       0   0.00       0       0      0.00      0.00      0.00       0  psimon
05:39:12        0         -     11440    0.00    0.00    0.00    0.00    0.00     1      0.00      0.00       0       0   0.00       0       0      0.00      0.00      0.00       0  |__psimon
05:39:12        0     14766         -    0.00    0.00    0.00    0.00    0.00     0      0.00      0.00       0       0   0.00       0       0      0.00      0.00      0.00       0  kworker/u6:0-events_power_efficient
05:39:12        0         -     14766    0.00    0.00    0.00    0.00    0.00     0      0.00      0.00       0       0   0.00       0       0      0.00      0.00      0.00       0  |__kworker/u6:0-events_power_efficient
05:39:12        0     17634         -    0.00    0.00    0.00    0.00    0.00     1      0.00      0.00       0       0   0.00       0       0      0.00      0.00      0.00       0  kworker/1:1-events
05:39:12        0         -     17634    0.00    0.00    0.00    0.00    0.00     1      0.00      0.00       0       0   0.00       0       0      0.00      0.00      0.00       0  |__kworker/1:1-events
05:39:12        0     17998         -    0.00    0.00    0.00    0.00    0.00     1      0.00      0.00   12020    8064   0.20     132      44      0.00      0.00      0.00       0  sshd
05:39:12        0         -     17998    0.00    0.00    0.00    0.00    0.00     1      0.00      0.00   12020    8064   0.20     132      44      0.00      0.00      0.00       0  |__sshd
05:39:12        0     17999         -    0.00    0.00    0.00    0.00    0.00     0      0.00      0.00   14972   10368   0.26     272     272      0.00      0.00      0.00       0  sshd
05:39:12        0         -     17999    0.00    0.00    0.00    0.00    0.00     0      0.00      0.00   14972   10368   0.26     272     272      0.00      0.00      0.00       0  |__sshd
05:39:12        0     18003         -    0.00    0.00    0.00    0.00    0.00     1      0.00      0.00       0       0   0.00       0       0      0.00      0.00      0.00       0  kworker/u6:1-events_power_efficient
05:39:12        0         -     18003    0.00    0.00    0.00    0.00    0.00     1      0.00      0.00       0       0   0.00       0       0      0.00      0.00      0.00       0  |__kworker/u6:1-events_power_efficient
05:39:12        0     18004         -    0.00    0.00    0.00    0.00    0.00     0      0.00      0.00   20812   11392   0.28     132      24      0.00      0.00      0.00       0  systemd
05:39:12        0         -     18004    0.00    0.00    0.00    0.00    0.00     0      0.00      0.00   20812   11392   0.28     132      24      0.00      0.00      0.00       0  |__systemd
05:39:12        0     18006         -    0.00    0.00    0.00    0.00    0.00     0      0.00      0.00   21156    3376   0.08     276      12      0.00      0.00      0.00       0  (sd-pam)
05:39:12        0         -     18006    0.00    0.00    0.00    0.00    0.00     0      0.00      0.00   21156    3376   0.08     276      12      0.00      0.00      0.00       0  |__(sd-pam)
05:39:12        0     18011         -    0.00    0.00    0.00    0.00    0.00     1      0.00      0.00       0       0   0.00       0       0      0.00      0.00      0.00       0  psimon
05:39:12        0         -     18011    0.00    0.00    0.00    0.00    0.00     1      0.00      0.00       0       0   0.00       0       0      0.00      0.00      0.00       0  |__psimon
05:39:12        0     18187         -    0.00    0.00    0.00    0.00    0.00     0      0.00      0.00    9192    5376   0.13     132     112      0.00      0.00      0.00       0  bash
05:39:12        0         -     18187    0.00    0.00    0.00    0.00    0.00     0      0.00      0.00    9192    5376   0.13     132     112      0.00      0.00      0.00       0  |__bash
05:39:12        0     19879         -    0.00    0.00    0.00    0.00    0.00     0      0.00      0.00       0       0   0.00       0       0      0.00      0.00      0.00       0  kworker/0:1-events
05:39:12        0         -     19879    0.00    0.00    0.00    0.00    0.00     0      0.00      0.00       0       0   0.00       0       0      0.00      0.00      0.00       0  |__kworker/0:1-events
05:39:12        0     24389         -    0.00    0.00    0.00    0.00    0.00     1      0.00      0.00       0       0   0.00       0       0      0.00      0.00      0.00       0  kworker/u6:3-writeback
05:39:12        0         -     24389    0.00    0.00    0.00    0.00    0.00     1      0.00      0.00       0       0   0.00       0       0      0.00      0.00      0.00       0  |__kworker/u6:3-writeback
05:39:12        0     25859         -    0.00    0.00    0.00    0.00    0.00     1      0.00      0.00       0       0   0.00       0       0      0.00      0.00      0.00       0  kworker/1:0-events
05:39:12        0         -     25859    0.00    0.00    0.00    0.00    0.00     1      0.00      0.00       0       0   0.00       0       0      0.00      0.00      0.00       0  |__kworker/1:0-events
05:39:12        0     25863         -    0.00    0.00    0.00    0.00    0.00     0      0.00      0.00       0       0   0.00       0       0      0.00      0.00      0.00       0  kworker/0:0-events
05:39:12        0         -     25863    0.00    0.00    0.00    0.00    0.00     0      0.00      0.00       0       0   0.00       0       0      0.00      0.00      0.00       0  |__kworker/0:0-events
05:39:12        0     26191         -    0.00    0.00    0.00    0.00    0.00     0      0.00      0.00       0       0   0.00       0       0      0.00      0.00      0.00       0  kworker/u5:3-events_power_efficient
05:39:12        0         -     26191    0.00    0.00    0.00    0.00    0.00     0      0.00      0.00       0       0   0.00       0       0      0.00      0.00      0.00       0  |__kworker/u5:3-events_power_efficient
05:39:12        0     27143         -    0.00    0.00    0.00    0.00    0.00     0      0.00      0.00       0       0   0.00       0       0      0.00      0.00      0.00       0  kworker/u5:4-flush-253:0
05:39:12        0         -     27143    0.00    0.00    0.00    0.00    0.00     0      0.00      0.00       0       0   0.00       0       0      0.00      0.00      0.00       0  |__kworker/u5:4-flush-253:0
05:39:12        0     27359         -    0.00    0.00    0.00    0.00    0.00     1      0.00      0.00    8944    4736   0.12     132      24      0.00      0.00      0.00       0  bash
05:39:12        0         -     27359    0.00    0.00    0.00    0.00    0.00     1      0.00      0.00    8944    4736   0.12     132      24      0.00      0.00      0.00       0  |__bash
05:39:12        0     27587         -    2.33   18.29    0.00    0.39   20.62     0      1.95      0.00   10168    9216   0.23     132      20      0.00      0.00      0.00       0  pidstat
05:39:12        0         -     27587    2.33   18.68    0.00    0.39   21.01     0      1.17      0.00   10168    9216   0.23     132      20      0.00      0.00      0.00       0  |__pidstat

# Time        UID      TGID       TID    %usr %system  %guest   %wait    %CPU   CPU  minflt/s  majflt/s     VSZ     RSS   %MEM StkSize  StkRef   kB_rd/s   kB_wr/s kB_ccwr/s iodelay  Command
05:39:14        0         1         -    0.00    0.00    0.00    0.00    0.00     1      0.00      0.00   23608   12776   0.32     132      52      0.00      0.00      0.00       0  systemd
05:39:14        0         -         1    0.00    0.00    0.00    0.00    0.00     1      0.00      0.00   23608   12776   0.32     132      52      0.00      0.00      0.00       0  |__systemd
05:39:14        0         2         -    0.00    0.00    0.00    0.00    0.00     0      0.00      0.00       0       0   0.00       0       0      0.00      0.00      0.00       0  kthreadd
05:39:14        0         -         2    0.00    0.00    0.00    0.00    0.00     0      0.00      0.00       0       0   0.00       0       0      0.00      0.00      0.00       0  |__kthreadd
05:39:14        0         3         -    0.00    0.00    0.00    0.00    0.00     0      0.00      0.00       0       0   0.00       0       0      0.00      0.00      0.00       0  pool_workqueue_release
05:39:14        0         -         3    0.00    0.00    0.00    0.00    0.00     0      0.00      0.00       0       0   0.00       0       0      0.00      0.00      0.00       0  |__pool_workqueue_release
05:39:14        0         4         -    0.00    0.00    0.00    0.00    0.00     0      0.00      0.00       0       0   0.00       0       0      0.00      0.00      0.00       0  kworker/R-rcu_g
05:39:14        0         -         4    0.00    0.00    0.00    0.00    0.00     0      0.00      0.00       0       0   0.00       0       0      0.00      0.00      0.00       0  |__kworker/R-rcu_g
05:39:14        0         5         -    0.00    0.00    0.00    0.00    0.00     0      0.00      0.00       0       0   0.00       0       0      0.00      0.00      0.00       0  kworker/R-rcu_p
05:39:14        0         -         5    0.00    0.00    0.00    0.00    0.00     0      0.00      0.00       0       0   0.00       0       0      0.00      0.00      0.00       0  |__kworker/R-rcu_p
05:39:14        0         6         -    0.00    0.00    0.00    0.00    0.00     0      0.00      0.00       0       0   0.00       0       0      0.00      0.00      0.00       0  kworker/R-slub_
05:39:14        0         -         6    0.00    0.00    0.00    0.00    0.00     0      0.00      0.00       0       0   0.00       0       0      0.00      0.00      0.00       0  |__kworker/R-slub_
05:39:14        0         7         -    0.00    0.00    0.00    0.00    0.00     0      0.00      0.00       0       0   0.00       0       0      0.00      0.00      0.00       0  kworker/R-netns
05:39:14        0         -         7    0.00    0.00    0.00    0.00    0.00     0      0.00      0.00       0       0   0.00       0       0      0.00      0.00      0.00       0  |__kworker/R-netns
05:39:14        0         9         -    0.00    0.00    0.00    0.00    0.00     0      0.00      0.00       0       0   0.00       0       0      0.00      0.00      0.00       0  kworker/0:0H-events_highpri
05:39:14        0         -         9    0.00    0.00    0.00    0.00    0.00     0      0.00      0.00       0       0   0.00       0       0      0.00      0.00      0.00       0  |__kworker/0:0H-events_highpri
05:39:14        0        11         -    0.00    0.00    0.00    0.00    0.00     0      0.00      0.00       0       0   0.00       0       0      0.00      0.00      0.00       0  kworker/u4:0-ext4-rsv-conversion
05:39:14        0         -        11    0.00    0.00    0.00    0.00    0.00     0      0.00      0.00       0       0   0.00       0       0      0.00      0.00      0.00       0  |__kworker/u4:0-ext4-rsv-conversion
05:39:14        0        12         -    0.00    0.00    0.00    0.00    0.00     0      0.00      0.00       0       0   0.00       0       0      0.00      0.00      0.00       0  kworker/R-mm_pe
05:39:14        0         -        12    0.00    0.00    0.00    0.00    0.00     0      0.00      0.00       0       0   0.00       0       0      0.00      0.00      0.00       0  |__kworker/R-mm_pe
05:39:14        0        13         -    0.00    0.00    0.00    0.00    0.00     0      0.00      0.00       0       0   0.00       0       0      0.00      0.00      0.00       0  rcu_tasks_kthread
05:39:14        0         -        13    0.00    0.00    0.00    0.00    0.00     0      0.00      0.00       0       0   0.00       0       0      0.00      0.00      0.00       0  |__rcu_tasks_kthread
05:39:14        0        14         -    0.00    0.00    0.00    0.00    0.00     0      0.00      0.00       0       0   0.00       0       0      0.00      0.00      0.00       0  rcu_tasks_rude_kthread
05:39:14        0         -        14    0.00    0.00    0.00    0.00    0.00     0      0.00      0.00       0       0   0.00       0       0      0.00      0.00      0.00       0  |__rcu_tasks_rude_kthread
05:39:14        0        15         -    0.00    0.00    0.00    0.00    0.00     1      0.00      0.00       0       0   0.00       0       0      0.00      0.00      0.00       0  rcu_tasks_trace_kthread
05:39:14        0         -        15    0.00    0.00    0.00    0.00    0.00     1      0.00      0.00       0       0   0.00       0       0      0.00      0.00      0.00       0  |__rcu_tasks_trace_kthread
05:39:14        0        16         -    0.00    0.00    0.00    0.00    0.00     0      0.00      0.00       0       0   0.00       0       0      0.00      0.00      0.00       0  ksoftirqd/0
05:39:14        0         -        16    0.00    0.00    0.00    0.00    0.00     0      0.00      0.00       0       0   0.00       0       0      0.00      0.00      0.00       0  |__ksoftirqd/0
05:39:14        0        17         -    0.00    0.00    0.00    0.00    0.00     1      0.00      0.00       0       0   0.00       0       0      0.00      0.00      0.00       0  rcu_preempt
05:39:14        0         -        17    0.00    0.00    0.00    0.00    0.00     1      0.00      0.00       0       0   0.00       0       0      0.00      0.00      0.00       0  |__rcu_preempt
05:39:14        0        18         -    0.00    0.00    0.00    0.00    0.00     0      0.00      0.00       0       0   0.00       0       0      0.00      0.00      0.00       0  migration/0
05:39:14        0         -        18    0.00    0.00    0.00    0.00    0.00     0      0.00      0.00       0       0   0.00       0       0      0.00      0.00      0.00       0  |__migration/0
05:39:14        0        19         -    0.00    0.00    0.00    0.00    0.00     0      0.00      0.00       0       0   0.00       0       0      0.00      0.00      0.00       0  idle_inject/0
05:39:14        0         -        19    0.00    0.00    0.00    0.00    0.00     0      0.00      0.00       0       0   0.00       0       0      0.00      0.00      0.00       0  |__idle_inject/0
05:39:14        0        20         -    0.00    0.00    0.00    0.00    0.00     0      0.00      0.00       0       0   0.00       0       0      0.00      0.00      0.00       0  cpuhp/0
05:39:14        0         -        20    0.00    0.00    0.00    0.00    0.00     0      0.00      0.00       0       0   0.00       0       0      0.00      0.00      0.00       0  |__cpuhp/0
05:39:14        0        21         -    0.00    0.00    0.00    0.00    0.00     1      0.00      0.00       0       0   0.00       0       0      0.00      0.00      0.00       0  cpuhp/1
05:39:14        0         -        21    0.00    0.00    0.00    0.00    0.00     1      0.00      0.00       0       0   0.00       0       0      0.00      0.00      0.00       0  |__cpuhp/1
05:39:14        0        22         -    0.00    0.00    0.00    0.00    0.00     1      0.00      0.00       0       0   0.00       0       0      0.00      0.00      0.00       0  idle_inject/1
05:39:14        0         -        22    0.00    0.00    0.00    0.00    0.00     1      0.00      0.00       0       0   0.00       0       0      0.00      0.00      0.00       0  |__idle_inject/1
05:39:14        0        23         -    0.00    0.00    0.00    0.00    0.00     1      0.00      0.00       0       0   0.00       0       0      0.00      0.00      0.00       0  migration/1
05:39:14        0         -        23    0.00    0.00    0.00    0.00    0.00     1      0.00      0.00       0       0   0.00       0       0      0.00      0.00      0.00       0  |__migration/1
05:39:14        0        24         -    0.00    0.00    0.00    0.00    0.00     1      0.00      0.00       0       0   0.00       0       0      0.00      0.00      0.00       0  ksoftirqd/1
05:39:14        0         -        24    0.00    0.00    0.00    0.00    0.00     1      0.00      0.00       0       0   0.00       0       0      0.00      0.00      0.00       0  |__ksoftirqd/1
05:39:14        0        26         -    0.00    0.00    0.00    0.00    0.00     1      0.00      0.00       0       0   0.00       0       0      0.00      0.00      0.00       0  kworker/1:0H-kblockd
05:39:14        0         -        26    0.00    0.00    0.00    0.00    0.00     1      0.00      0.00       0       0   0.00       0       0      0.00      0.00      0.00       0  |__kworker/1:0H-kblockd
05:39:14        0        27         -    0.00    0.00    0.00    0.00    0.00     1      0.00      0.00       0       0   0.00       0       0      0.00      0.00      0.00       0  kworker/u5:0-events_power_efficient
05:39:14        0         -        27    0.00    0.00    0.00    0.00    0.00     1      0.00      0.00       0       0   0.00       0       0      0.00      0.00      0.00       0  |__kworker/u5:0-events_power_efficient
05:39:14        0        29         -    0.00    0.00    0.00    0.00    0.00     0      0.00      0.00       0       0   0.00       0       0      0.00      0.00      0.00       0  kdevtmpfs
05:39:14        0         -        29    0.00    0.00    0.00    0.00    0.00     0      0.00      0.00       0       0   0.00       0       0      0.00      0.00      0.00       0  |__kdevtmpfs
05:39:14        0        30         -    0.00    0.00    0.00    0.00    0.00     1      0.00      0.00       0       0   0.00       0       0      0.00      0.00      0.00       0  kworker/R-inet_
05:39:14        0         -        30    0.00    0.00    0.00    0.00    0.00     1      0.00      0.00       0       0   0.00       0       0      0.00      0.00      0.00       0  |__kworker/R-inet_
05:39:14        0        31         -    0.00    0.00    0.00    0.00    0.00     0      0.00      0.00       0       0   0.00       0       0      0.00      0.00      0.00       0  kworker/u5:1-events_power_efficient
05:39:14        0         -        31    0.00    0.00    0.00    0.00    0.00     0      0.00      0.00       0       0   0.00       0       0      0.00      0.00      0.00       0  |__kworker/u5:1-events_power_efficient
05:39:14        0        32         -    0.00    0.00    0.00    0.00    0.00     1      0.00      0.00       0       0   0.00       0       0      0.00      0.00      0.00       0  kauditd
05:39:14        0         -        32    0.00    0.00    0.00    0.00    0.00     1      0.00      0.00       0       0   0.00       0       0      0.00      0.00      0.00       0  |__kauditd
05:39:14        0        33         -    0.00    0.00    0.00    0.00    0.00     1      0.00      0.00       0       0   0.00       0       0      0.00      0.00      0.00       0  khungtaskd
05:39:14        0         -        33    0.00    0.00    0.00    0.00    0.00     1      0.00      0.00       0       0   0.00       0       0      0.00      0.00      0.00       0  |__khungtaskd
05:39:14        0        34         -    0.00    0.00    0.00    0.00    0.00     0      0.00      0.00       0       0   0.00       0       0      0.00      0.00      0.00       0  oom_reaper
05:39:14        0         -        34    0.00    0.00    0.00    0.00    0.00     0      0.00      0.00       0       0   0.00       0       0      0.00      0.00      0.00       0  |__oom_reaper
05:39:14        0        35         -    0.00    0.00    0.00    0.00    0.00     0      0.00      0.00       0       0   0.00       0       0      0.00      0.00      0.00       0  kworker/u5:2-events_power_efficient
05:39:14        0         -        35    0.00    0.00    0.00    0.00    0.00     0      0.00      0.00       0       0   0.00       0       0      0.00      0.00      0.00       0  |__kworker/u5:2-events_power_efficient
05:39:14        0        36         -    0.00    0.00    0.00    0.00    0.00     0      0.00      0.00       0       0   0.00       0       0      0.00      0.00      0.00       0  kworker/R-write
05:39:14        0         -        36    0.00    0.00    0.00    0.00    0.00     0      0.00      0.00       0       0   0.00       0       0      0.00      0.00      0.00       0  |__kworker/R-write
05:39:14        0        37         -    0.00    0.00    0.00    0.00    0.00     1      0.00      0.00       0       0   0.00       0       0      0.00      0.00      0.00       0  kcompactd0
05:39:14        0         -        37    0.00    0.00    0.00    0.00    0.00     1      0.00      0.00       0       0   0.00       0       0      0.00      0.00      0.00       0  |__kcompactd0
05:39:14        0        38         -    0.00    0.00    0.00    0.00    0.00     0      0.00      0.00       0       0   0.00       0       0      0.00      0.00      0.00       0  ksmd
05:39:14        0         -        38    0.00    0.00    0.00    0.00    0.00     0      0.00      0.00       0       0   0.00       0       0      0.00      0.00      0.00       0  |__ksmd
05:39:14        0        39         -    0.00    0.00    0.00    0.00    0.00     0      0.00      0.00       0       0   0.00       0       0      0.00      0.00      0.00       0  khugepaged
05:39:14        0         -        39    0.00    0.00    0.00    0.00    0.00     0      0.00      0.00       0       0   0.00       0       0      0.00      0.00      0.00       0  |__khugepaged
05:39:14        0        40         -    0.00    0.00    0.00    0.00    0.00     0      0.00      0.00       0       0   0.00       0       0      0.00      0.00      0.00       0  kworker/R-kinte
05:39:14        0         -        40    0.00    0.00    0.00    0.00    0.00     0      0.00      0.00       0       0   0.00       0       0      0.00      0.00      0.00       0  |__kworker/R-kinte
05:39:14        0        41         -    0.00    0.00    0.00    0.00    0.00     0      0.00      0.00       0       0   0.00       0       0      0.00      0.00      0.00       0  kworker/R-kbloc
05:39:14        0         -        41    0.00    0.00    0.00    0.00    0.00     0      0.00      0.00       0       0   0.00       0       0      0.00      0.00      0.00       0  |__kworker/R-kbloc
05:39:14        0        42         -    0.00    0.00    0.00    0.00    0.00     0      0.00      0.00       0       0   0.00       0       0      0.00      0.00      0.00       0  kworker/R-blkcg
05:39:14        0         -        42    0.00    0.00    0.00    0.00    0.00     0      0.00      0.00       0       0   0.00       0       0      0.00      0.00      0.00       0  |__kworker/R-blkcg
05:39:14        0        43         -    0.00    0.00    0.00    0.00    0.00     1      0.00      0.00       0       0   0.00       0       0      0.00      0.00      0.00       0  irq/9-acpi
05:39:14        0         -        43    0.00    0.00    0.00    0.00    0.00     1      0.00      0.00       0       0   0.00       0       0      0.00      0.00      0.00       0  |__irq/9-acpi
05:39:14        0        44         -    0.00    0.00    0.00    0.00    0.00     1      0.00      0.00       0       0   0.00       0       0      0.00      0.00      0.00       0  kworker/R-tpm_d
05:39:14        0         -        44    0.00    0.00    0.00    0.00    0.00     1      0.00      0.00       0       0   0.00       0       0      0.00      0.00      0.00       0  |__kworker/R-tpm_d
05:39:14        0        45         -    0.00    0.00    0.00    0.00    0.00     1      0.00      0.00       0       0   0.00       0       0      0.00      0.00      0.00       0  kworker/R-ata_s
05:39:14        0         -        45    0.00    0.00    0.00    0.00    0.00     1      0.00      0.00       0       0   0.00       0       0      0.00      0.00      0.00       0  |__kworker/R-ata_s
05:39:14        0        46         -    0.00    0.00    0.00    0.00    0.00     1      0.00      0.00       0       0   0.00       0       0      0.00      0.00      0.00       0  kworker/R-md
05:39:14        0         -        46    0.00    0.00    0.00    0.00    0.00     1      0.00      0.00       0       0   0.00       0       0      0.00      0.00      0.00       0  |__kworker/R-md
05:39:14        0        47         -    0.00    0.00    0.00    0.00    0.00     1      0.00      0.00       0       0   0.00       0       0      0.00      0.00      0.00       0  kworker/R-md_bi
05:39:14        0         -        47    0.00    0.00    0.00    0.00    0.00     1      0.00      0.00       0       0   0.00       0       0      0.00      0.00      0.00       0  |__kworker/R-md_bi
05:39:14        0        48         -    0.00    0.00    0.00    0.00    0.00     1      0.00      0.00       0       0   0.00       0       0      0.00      0.00      0.00       0  kworker/R-edac-
05:39:14        0         -        48    0.00    0.00    0.00    0.00    0.00     1      0.00      0.00       0       0   0.00       0       0      0.00      0.00      0.00       0  |__kworker/R-edac-
05:39:14        0        49         -    0.00    0.00    0.00    0.00    0.00     1      0.00      0.00       0       0   0.00       0       0      0.00      0.00      0.00       0  kworker/R-devfr
05:39:14        0         -        49    0.00    0.00    0.00    0.00    0.00     1      0.00      0.00       0       0   0.00       0       0      0.00      0.00      0.00       0  |__kworker/R-devfr
05:39:14        0        50         -    0.00    0.00    0.00    0.00    0.00     1      0.00      0.00       0       0   0.00       0       0      0.00      0.00      0.00       0  watchdogd
05:39:14        0         -        50    0.00    0.00    0.00    0.00    0.00     1      0.00      0.00       0       0   0.00       0       0      0.00      0.00      0.00       0  |__watchdogd
05:39:14        0        52         -    0.00    0.50    0.00    0.00    0.50     0      0.00      0.00       0       0   0.00       0       0      0.00      0.00      0.00       0  kworker/0:1H-kblockd
05:39:14        0         -        52    0.00    0.50    0.00    0.00    0.50     0      0.00      0.00       0       0   0.00       0       0      0.00      0.00      0.00       0  |__kworker/0:1H-kblockd
05:39:14        0        53         -    0.00    0.00    0.00    0.00    0.00     1      0.00      0.00       0       0   0.00       0       0      0.00      0.00      0.00       0  kswapd0
05:39:14        0         -        53    0.00    0.00    0.00    0.00    0.00     1      0.00      0.00       0       0   0.00       0       0      0.00      0.00      0.00       0  |__kswapd0
05:39:14        0        54         -    0.00    0.00    0.00    0.00    0.00     1      0.00      0.00       0       0   0.00       0       0      0.00      0.00      0.00       0  ecryptfs-kthread
05:39:14        0         -        54    0.00    0.00    0.00    0.00    0.00     1      0.00      0.00       0       0   0.00       0       0      0.00      0.00      0.00       0  |__ecryptfs-kthread
05:39:14        0        55         -    0.00    0.00    0.00    0.00    0.00     1      0.00      0.00       0       0   0.00       0       0      0.00      0.00      0.00       0  kworker/R-kthro
05:39:14        0         -        55    0.00    0.00    0.00    0.00    0.00     1      0.00      0.00       0       0   0.00       0       0      0.00      0.00      0.00       0  |__kworker/R-kthro
05:39:14        0        56         -    0.00    0.00    0.00    0.00    0.00     1      0.00      0.00       0       0   0.00       0       0      0.00      0.00      0.00       0  kworker/R-acpi_
05:39:14        0         -        56    0.00    0.00    0.00    0.00    0.00     1      0.00      0.00       0       0   0.00       0       0      0.00      0.00      0.00       0  |__kworker/R-acpi_
05:39:14        0        58         -    0.00    0.00    0.00    0.00    0.00     1      0.00      0.00       0       0   0.00       0       0      0.00      0.00      0.00       0  kworker/1:1H-kblockd
05:39:14        0         -        58    0.00    0.00    0.00    0.00    0.00     1      0.00      0.00       0       0   0.00       0       0      0.00      0.00      0.00       0  |__kworker/1:1H-kblockd
05:39:14        0        59         -    0.00    0.00    0.00    0.00    0.00     0      0.00      0.00       0       0   0.00       0       0      0.00      0.00      0.00       0  scsi_eh_0
05:39:14        0         -        59    0.00    0.00    0.00    0.00    0.00     0      0.00      0.00       0       0   0.00       0       0      0.00      0.00      0.00       0  |__scsi_eh_0
05:39:14        0        60         -    0.00    0.00    0.00    0.00    0.00     0      0.00      0.00       0       0   0.00       0       0      0.00      0.00      0.00       0  kworker/R-scsi_
05:39:14        0         -        60    0.00    0.00    0.00    0.00    0.00     0      0.00      0.00       0       0   0.00       0       0      0.00      0.00      0.00       0  |__kworker/R-scsi_
05:39:14        0        61         -    0.00    0.00    0.00    0.00    0.00     0      0.00      0.00       0       0   0.00       0       0      0.00      0.00      0.00       0  scsi_eh_1
05:39:14        0         -        61    0.00    0.00    0.00    0.00    0.00     0      0.00      0.00       0       0   0.00       0       0      0.00      0.00      0.00       0  |__scsi_eh_1
05:39:14        0        62         -    0.00    0.00    0.00    0.00    0.00     0      0.00      0.00       0       0   0.00       0       0      0.00      0.00      0.00       0  kworker/R-scsi_
05:39:14        0         -        62    0.00    0.00    0.00    0.00    0.00     0      0.00      0.00       0       0   0.00       0       0      0.00      0.00      0.00       0  |__kworker/R-scsi_
05:39:14        0        63         -    0.00    0.00    0.00    0.00    0.00     1      0.00      0.00       0       0   0.00       0       0      0.00      0.00      0.00       0  scsi_eh_2
05:39:14        0         -        63    0.00    0.00    0.00    0.00    0.00     1      0.00      0.00       0       0   0.00       0       0      0.00      0.00      0.00       0  |__scsi_eh_2
05:39:14        0        64         -    0.00    0.00    0.00    0.00    0.00     0      0.00      0.00       0       0   0.00       0       0      0.00      0.00      0.00       0  kworker/R-scsi_
05:39:14        0         -        64    0.00    0.00    0.00    0.00    0.00     0      0.00      0.00       0       0   0.00       0       0      0.00      0.00      0.00       0  |__kworker/R-scsi_
05:39:14        0        65         -    0.00    0.00    0.00    0.00    0.00     1      0.00      0.00       0       0   0.00       0       0      0.00      0.00      0.00       0  kworker/u6:2-events_power_efficient
05:39:14        0         -        65    0.00    0.00    0.00    0.00    0.00     1      0.00      0.00       0       0   0.00       0       0      0.00      0.00      0.00       0  |__kworker/u6:2-events_power_efficient
05:39:14        0        67         -    0.00    0.00    0.00    0.00    0.00     0      0.00      0.00       0       0   0.00       0       0      0.00      0.00      0.00       0  kworker/R-mld
05:39:14        0         -        67    0.00    0.00    0.00    0.00    0.00     0      0.00      0.00       0       0   0.00       0       0      0.00      0.00      0.00       0  |__kworker/R-mld
05:39:14        0        68         -    0.00    0.00    0.00    0.00    0.00     0      0.00      0.00       0       0   0.00       0       0      0.00      0.00      0.00       0  kworker/R-ipv6_
05:39:14        0         -        68    0.00    0.00    0.00    0.00    0.00     0      0.00      0.00       0       0   0.00       0       0      0.00      0.00      0.00       0  |__kworker/R-ipv6_
05:39:14        0        75         -    0.00    0.00    0.00    0.00    0.00     1      0.00      0.00       0       0   0.00       0       0      0.00      0.00      0.00       0  kworker/R-kstrp
05:39:14        0         -        75    0.00    0.00    0.00    0.00    0.00     1      0.00      0.00       0       0   0.00       0       0      0.00      0.00      0.00       0  |__kworker/R-kstrp
05:39:14        0        77         -    0.00    0.00    0.00    0.00    0.00     0      0.00      0.00       0       0   0.00       0       0      0.00      0.00      0.00       0  kworker/u7:0
05:39:14        0         -        77    0.00    0.00    0.00    0.00    0.00     0      0.00      0.00       0       0   0.00       0       0      0.00      0.00      0.00       0  |__kworker/u7:0
05:39:14        0        78         -    0.00    0.00    0.00    0.00    0.00     0      0.00      0.00       0       0   0.00       0       0      0.00      0.00      0.00       0  kworker/u8:0
05:39:14        0         -        78    0.00    0.00    0.00    0.00    0.00     0      0.00      0.00       0       0   0.00       0       0      0.00      0.00      0.00       0  |__kworker/u8:0
05:39:14        0        79         -    0.00    0.00    0.00    0.00    0.00     1      0.00      0.00       0       0   0.00       0       0      0.00      0.00      0.00       0  kworker/u9:0
05:39:14        0         -        79    0.00    0.00    0.00    0.00    0.00     1      0.00      0.00       0       0   0.00       0       0      0.00      0.00      0.00       0  |__kworker/u9:0
05:39:14        0        84         -    0.00    0.00    0.00    0.00    0.00     0      0.00      0.00       0       0   0.00       0       0      0.00      0.00      0.00       0  kworker/R-crypt
05:39:14        0         -        84    0.00    0.00    0.00    0.00    0.00     0      0.00      0.00       0       0   0.00       0       0      0.00      0.00      0.00       0  |__kworker/R-crypt
05:39:14        0        85         -    0.00    0.00    0.00    0.00    0.00     1      0.00      0.00       0       0   0.00       0       0      0.00      0.00      0.00       0  kworker/1:2-events
05:39:14        0         -        85    0.00    0.00    0.00    0.00    0.00     1      0.00      0.00       0       0   0.00       0       0      0.00      0.00      0.00       0  |__kworker/1:2-events
05:39:14        0        94         -    0.00    0.00    0.00    0.00    0.00     1      0.00      0.00       0       0   0.00       0       0      0.00      0.00      0.00       0  kworker/R-charg
05:39:14        0         -        94    0.00    0.00    0.00    0.00    0.00     1      0.00      0.00       0       0   0.00       0       0      0.00      0.00      0.00       0  |__kworker/R-charg
05:39:14        0       143         -    0.00    0.00    0.00    0.00    0.00     0      0.00      0.00       0       0   0.00       0       0      0.00      0.00      0.00       0  kworker/0:2-events
05:39:14        0         -       143    0.00    0.00    0.00    0.00    0.00     0      0.00      0.00       0       0   0.00       0       0      0.00      0.00      0.00       0  |__kworker/0:2-events
05:39:14        0       188         -    0.00    0.00    0.00    0.00    0.00     0      0.00      0.00       0       0   0.00       0       0      0.00      0.00      0.00       0  kworker/R-raid5
05:39:14        0         -       188    0.00    0.00    0.00    0.00    0.00     0      0.00      0.00       0       0   0.00       0       0      0.00      0.00      0.00       0  |__kworker/R-raid5
05:39:14        0       225         -    0.00    0.00    0.00    0.00    0.00     1      0.00      0.00       0       0   0.00       0       0      0.00      0.00      0.00       0  jbd2/vda1-8
05:39:14        0         -       225    0.00    0.00    0.00    0.00    0.00     1      0.00      0.00       0       0   0.00       0       0      0.00      0.00      0.00       0  |__jbd2/vda1-8
05:39:14        0       226         -    0.00    0.00    0.00    0.00    0.00     1      0.00      0.00       0       0   0.00       0       0      0.00      0.00      0.00       0  kworker/R-ext4-
05:39:14        0         -       226    0.00    0.00    0.00    0.00    0.00     1      0.00      0.00       0       0   0.00       0       0      0.00      0.00      0.00       0  |__kworker/R-ext4-
05:39:14        0       298         -    0.00    0.00    0.00    0.00    0.00     1      0.00      0.00   34396    8584   0.21     132      12      0.00      0.00      0.00       0  systemd-journal
05:39:14        0         -       298    0.00    0.00    0.00    0.00    0.00     1      0.00      0.00   34396    8584   0.21     132      12      0.00      0.00      0.00       0  |__systemd-journal
05:39:14        0       318         -    0.00    0.00    0.00    0.00    0.00     0      0.00      0.00       0       0   0.00       0       0      0.00      0.00      0.00       0  kworker/R-kmpat
05:39:14        0         -       318    0.00    0.00    0.00    0.00    0.00     0      0.00      0.00       0       0   0.00       0       0      0.00      0.00      0.00       0  |__kworker/R-kmpat
05:39:14        0       319         -    0.00    0.00    0.00    0.00    0.00     1      0.00      0.00       0       0   0.00       0       0      0.00      0.00      0.00       0  kworker/R-kmpat
05:39:14        0         -       319    0.00    0.00    0.00    0.00    0.00     1      0.00      0.00       0       0   0.00       0       0      0.00      0.00      0.00       0  |__kworker/R-kmpat
05:39:14        0       353         -    0.00    0.00    0.00    0.00    0.00     0      0.00      0.00  288952   27136   0.68     132     120      0.00      0.00      0.00       0  multipathd
05:39:14        0         -       353    0.00    0.00    0.00    0.00    0.00     0      0.00      0.00  288952   27136   0.68     132     120      0.00      0.00      0.00       0  |__multipathd
05:39:14        0         -       365    0.00    0.00    0.00    0.00    0.00     0      0.00      0.00  288952   27136   0.68     132     120      0.00      0.00      0.00       0  |__multipathd
05:39:14        0         -       366    0.00    0.00    0.00    0.00    0.00     0      0.00      0.00  288952   27136   0.68     132     120      0.00      0.00      0.00       0  |__multipathd
05:39:14        0         -       367    0.00    0.00    0.00    0.00    0.00     0      0.00      0.00  288952   27136   0.68     132     120      0.00      0.00      0.00       0  |__multipathd
05:39:14        0         -       368    0.00    0.00    0.00    0.00    0.00     0      0.00      0.00  288952   27136   0.68     132     120      0.00      0.00      0.00       0  |__multipathd
05:39:14        0         -       369    0.00    0.00    0.00    0.00    0.00     1      0.00      0.00  288952   27136   0.68     132     120      0.00      0.00      0.00       0  |__multipathd
05:39:14        0         -       370    0.00    0.00    0.00    0.00    0.00     1      0.00      0.00  288952   27136   0.68     132     120      0.00      0.00      0.00       0  |__multipathd
05:39:14        0       354         -    0.00    0.00    0.00    0.00    0.00     1      0.00      0.00       0       0   0.00       0       0      0.00      0.00      0.00       0  kworker/u4:1-ext4-rsv-conversion
05:39:14        0         -       354    0.00    0.00    0.00    0.00    0.00     1      0.00      0.00       0       0   0.00       0       0      0.00      0.00      0.00       0  |__kworker/u4:1-ext4-rsv-conversion
05:39:14        0       435         -    0.00    0.00    0.00    0.00    0.00     0      0.00      0.00       0       0   0.00       0       0      0.00      0.00      0.00       0  jbd2/vda16-8
05:39:14        0         -       435    0.00    0.00    0.00    0.00    0.00     0      0.00      0.00       0       0   0.00       0       0      0.00      0.00      0.00       0  |__jbd2/vda16-8
05:39:14        0       436         -    0.00    0.00    0.00    0.00    0.00     1      0.00      0.00       0       0   0.00       0       0      0.00      0.00      0.00       0  kworker/R-ext4-
05:39:14        0         -       436    0.00    0.00    0.00    0.00    0.00     1      0.00      0.00       0       0   0.00       0       0      0.00      0.00      0.00       0  |__kworker/R-ext4-
05:39:14      996       504         -    0.00    0.00    0.00    0.00    0.00     0      0.00      0.00   91024    6400   0.16     132      16      0.00      0.00      0.00       0  systemd-timesyn
05:39:14      996         -       504    0.00    0.00    0.00    0.00    0.00     0      0.00      0.00   91024    6400   0.16     132      16      0.00      0.00      0.00       0  |__systemd-timesyn
05:39:14      996         -       541    0.00    0.00    0.00    0.00    0.00     0      0.00      0.00   91024    6400   0.16     132      16      0.00      0.00      0.00       0  |__sd-resolve
05:39:14      998       676         -    0.00    0.00    0.00    0.00    0.00     1      0.00      0.00   22428    7040   0.18     132      40      0.00      0.00      0.00       0  systemd-network
05:39:14      998         -       676    0.00    0.00    0.00    0.00    0.00     1      0.00      0.00   22428    7040   0.18     132      40      0.00      0.00      0.00       0  |__systemd-network
05:39:14      991       711         -    0.00    0.00    0.00    0.00    0.00     0      0.00      0.00   21724    8192   0.20     132      36      0.00      0.00      0.00       0  systemd-resolve
05:39:14      991         -       711    0.00    0.00    0.00    0.00    0.00     0      0.00      0.00   21724    8192   0.20     132      36      0.00      0.00      0.00       0  |__systemd-resolve
05:39:14        0       737         -    0.00    0.00    0.00    0.00    0.00     0      0.00      0.00   26056    6628   0.17     132      12      0.00      0.00      0.00       0  systemd-udevd
05:39:14        0         -       737    0.00    0.00    0.00    0.00    0.00     0      0.00      0.00   26056    6628   0.17     132      12      0.00      0.00      0.00       0  |__systemd-udevd
05:39:14        0       738         -    0.00    0.00    0.00    0.00    0.00     0      0.00      0.00       0       0   0.00       0       0      0.00      0.00      0.00       0  psimon
05:39:14        0         -       738    0.00    0.00    0.00    0.00    0.00     0      0.00      0.00       0       0   0.00       0       0      0.00      0.00      0.00       0  |__psimon
05:39:14        0       861         -    0.00    0.00    0.00    0.00    0.00     1      0.00      0.00    7224    2688   0.07     132      40      0.00      0.00      0.00       0  cron
05:39:14        0         -       861    0.00    0.00    0.00    0.00    0.00     1      0.00      0.00    7224    2688   0.07     132      40      0.00      0.00      0.00       0  |__cron
05:39:14      101       862         -    0.00    0.00    0.00    0.00    0.00     1      0.00      0.00    9900    4864   0.12     132       8      0.00      0.00      0.00       0  dbus-daemon
05:39:14      101         -       862    0.00    0.00    0.00    0.00    0.00     1      0.00      0.00    9900    4864   0.12     132       8      0.00      0.00      0.00       0  |__dbus-daemon
05:39:14      989       867         -    0.00    0.00    0.00    0.00    0.00     0      0.00      0.00  308164    5760   0.14     132      16      0.00      0.00      0.00       0  polkitd
05:39:14      989         -       867    0.00    0.00    0.00    0.00    0.00     0      0.00      0.00  308164    5760   0.14     132      16      0.00      0.00      0.00       0  |__polkitd
05:39:14      989         -       939    0.00    0.00    0.00    0.00    0.00     0      0.00      0.00  308164    5760   0.14     132      16      0.00      0.00      0.00       0  |__gmain
05:39:14      989         -       940    0.00    0.00    0.00    0.00    0.00     0      0.00      0.00  308164    5760   0.14     132      16      0.00      0.00      0.00       0  |__pool-spawner
05:39:14      989         -       941    0.00    0.00    0.00    0.00    0.00     0      0.00      0.00  308164    5760   0.14     132      16      0.00      0.00      0.00       0  |__gdbus
05:39:14        0       874         -    0.00    0.00    0.00    0.00    0.00     1      0.00      0.00   17984    7296   0.18     132      16      0.00      0.00      0.00       0  systemd-logind
05:39:14        0         -       874    0.00    0.00    0.00    0.00    0.00     1      0.00      0.00   17984    7296   0.18     132      16      0.00      0.00      0.00       0  |__systemd-logind
05:39:14        0       886         -    0.00    0.00    0.00    0.00    0.00     0      0.00      0.00  468952    8576   0.21     132      28      0.00      0.00      0.00       0  udisksd
05:39:14        0         -       886    0.00    0.00    0.00    0.00    0.00     0      0.00      0.00  468952    8576   0.21     132      28      0.00      0.00      0.00       0  |__udisksd
05:39:14        0         -       891    0.00    0.00    0.00    0.00    0.00     1      0.00      0.00  468952    8576   0.21     132      28      0.00      0.00      0.00       0  |__gmain
05:39:14        0         -       892    0.00    0.00    0.00    0.00    0.00     1      0.00      0.00  468952    8576   0.21     132      28      0.00      0.00      0.00       0  |__pool-spawner
05:39:14        0         -       894    0.00    0.00    0.00    0.00    0.00     0      0.00      0.00  468952    8576   0.21     132      28      0.00      0.00      0.00       0  |__gdbus
05:39:14        0         -       972    0.00    0.00    0.00    0.00    0.00     0      0.00      0.00  468952    8576   0.21     132      28      0.00      0.00      0.00       0  |__probing-thread
05:39:14        0         -       991    0.00    0.00    0.00    0.00    0.00     0      0.00      0.00  468952    8576   0.21     132      28      0.00      0.00      0.00       0  |__cleanup
05:39:14        0       917         -    0.00    0.00    0.00    0.00    0.00     1      0.00      0.00  110000   13952   0.35     132      84      0.00      0.00      0.00       0  unattended-upgr
05:39:14        0         -       917    0.00    0.00    0.00    0.00    0.00     1      0.00      0.00  110000   13952   0.35     132      84      0.00      0.00      0.00       0  |__unattended-upgr
05:39:14        0         -      1021    0.00    0.00    0.00    0.00    0.00     0      0.00      0.00  110000   13952   0.35     132      84      0.00      0.00      0.00       0  |__gmain
05:39:14      102       922         -    0.00    0.00    0.00    0.00    0.00     1      0.00      0.00  222508    4992   0.12     132      56      0.00      0.00      0.00       0  rsyslogd
05:39:14      102         -       922    0.00    0.00    0.00    0.00    0.00     1      0.00      0.00  222508    4992   0.12     132      56      0.00      0.00      0.00       0  |__rsyslogd
05:39:14      102         -      1010    0.00    0.00    0.00    0.00    0.00     1      0.00      0.00  222508    4992   0.12     132      56      0.00      0.00      0.00       0  |__in:imuxsock
05:39:14      102         -      1011    0.00    0.00    0.00    0.00    0.00     1      0.00      0.00  222508    4992   0.12     132      56      0.00      0.00      0.00       0  |__in:imklog
05:39:14      102         -      1012    0.00    0.00    0.00    0.00    0.00     1      0.00      0.00  222508    4992   0.12     132      56      0.00      0.00      0.00       0  |__rs:main Q:Reg
05:39:14        0       978         -    0.00    0.00    0.00    0.00    0.00     0      0.00      0.00  392088    7040   0.18     132      12      0.00      0.00      0.00       0  ModemManager
05:39:14        0         -       978    0.00    0.00    0.00    0.00    0.00     0      0.00      0.00  392088    7040   0.18     132      12      0.00      0.00      0.00       0  |__ModemManager
05:39:14        0         -       993    0.00    0.00    0.00    0.00    0.00     1      0.00      0.00  392088    7040   0.18     132      12      0.00      0.00      0.00       0  |__gmain
05:39:14        0         -       994    0.00    0.00    0.00    0.00    0.00     1      0.00      0.00  392088    7040   0.18     132      12      0.00      0.00      0.00       0  |__pool-spawner
05:39:14        0         -       997    0.00    0.00    0.00    0.00    0.00     0      0.00      0.00  392088    7040   0.18     132      12      0.00      0.00      0.00       0  |__gdbus
05:39:14        0       989         -    0.00    0.00    0.00    0.00    0.00     1      0.00      0.00    6148    2048   0.05     132      20      0.00      0.00      0.00       0  agetty
05:39:14        0         -       989    0.00    0.00    0.00    0.00    0.00     1      0.00      0.00    6148    2048   0.05     132      20      0.00      0.00      0.00       0  |__agetty
05:39:14        0      1020         -    0.00    0.00    0.00    0.00    0.00     0      0.00      0.00    6104    1920   0.05     132      20      0.00      0.00      0.00       0  agetty
05:39:14        0         -      1020    0.00    0.00    0.00    0.00    0.00     0      0.00      0.00    6104    1920   0.05     132      20      0.00      0.00      0.00       0  |__agetty
05:39:14        0      1192         -    0.00    0.00    0.00    0.00    0.00     1      0.00      0.00       0       0   0.00       0       0      0.00      0.00      0.00       0  kworker/R-tls-s
05:39:14        0         -      1192    0.00    0.00    0.00    0.00    0.00     1      0.00      0.00       0       0   0.00       0       0      0.00      0.00      0.00       0  |__kworker/R-tls-s
05:39:14        0      1765         -    0.00    0.00    0.00    0.00    0.00     0      0.00      0.00 1239988    2432   0.06     132      16      0.00      0.00      0.00       0  droplet-agent
05:39:14        0         -      1765    0.00    0.00    0.00    0.00    0.00     0      0.00      0.00 1239988    2432   0.06     132      16      0.00      0.00      0.00       0  |__droplet-agent
05:39:14        0         -      1768    0.00    0.00    0.00    0.00    0.00     1      0.00      0.00 1239988    2432   0.06     132      16      0.00      0.00      0.00       0  |__droplet-agent
05:39:14        0         -      1769    0.00    0.00    0.00    0.00    0.00     0      0.00      0.00 1239988    2432   0.06     132      16      0.00      0.00      0.00       0  |__droplet-agent
05:39:14        0         -      1770    0.00    0.00    0.00    0.00    0.00     0      0.00      0.00 1239988    2432   0.06     132      16      0.00      0.00      0.00       0  |__droplet-agent
05:39:14        0         -      1772    0.00    0.00    0.00    0.00    0.00     0      0.00      0.00 1239988    2432   0.06     132      16      0.00      0.00      0.00       0  |__droplet-agent
05:39:14        0         -      1773    0.00    0.00    0.00    0.00    0.00     1      0.00      0.00 1239988    2432   0.06     132      16      0.00      0.00      0.00       0  |__droplet-agent
05:39:14        0         -      1774    0.00    0.00    0.00    0.00    0.00     1      0.00      0.00 1239988    2432   0.06     132      16      0.00      0.00      0.00       0  |__droplet-agent
05:39:14        0         -      1775    0.00    0.00    0.00    0.00    0.00     0      0.00      0.00 1239988    2432   0.06     132      16      0.00      0.00      0.00       0  |__droplet-agent
05:39:14        0         -      1776    0.00    0.00    0.00    0.00    0.00     1      0.00      0.00 1239988    2432   0.06     132      16      0.00      0.00      0.00       0  |__droplet-agent
05:39:14        0      2208         -    0.00    0.50    0.00    0.00    0.50     0      0.00      0.00 1617716   69408   1.73     132      12      0.00      0.00      0.00       0  rke2
05:39:14        0         -      2208    0.00    0.00    0.00    0.00    0.00     0      0.00      0.00 1617716   69408   1.73     132      12      0.00      0.00      0.00       0  |__rke2
05:39:14        0         -      2209    0.00    0.50    0.00    0.00    0.50     1      0.00      0.00 1617716   69408   1.73     132      12      0.00      0.00      0.00       0  |__rke2
05:39:14        0         -      2210    0.00    0.00    0.00    0.00    0.00     0      0.00      0.00 1617716   69408   1.73     132      12      0.00      0.00      0.00       0  |__rke2
05:39:14        0         -      2211    0.00    0.00    0.00    0.00    0.00     1      0.00      0.00 1617716   69408   1.73     132      12      0.00      0.00      0.00       0  |__rke2
05:39:14        0         -      2212    0.00    0.00    0.00    0.00    0.00     1      0.00      0.00 1617716   69408   1.73     132      12      0.00      0.00      0.00       0  |__rke2
05:39:14        0         -      2213    0.00    0.00    0.00    0.00    0.00     1      0.00      0.00 1617716   69408   1.73     132      12      0.00      0.00      0.00       0  |__rke2
05:39:14        0         -      2214    0.00    0.00    0.00    0.50    0.00     1      0.00      0.00 1617716   69408   1.73     132      12      0.00      0.00      0.00       0  |__rke2
05:39:14        0         -      2232    0.00    0.00    0.00    0.00    0.00     1      0.00      0.00 1617716   69408   1.73     132      12      0.00      0.00      0.00       0  |__rke2
05:39:14        0         -      2289    0.00    0.00    0.00    0.00    0.00     1      0.00      0.00 1617716   69408   1.73     132      12      0.00      0.00      0.00       0  |__rke2
05:39:14        0         -      2456    0.50    0.00    0.00    0.00    0.50     1      0.00      0.00 1617716   69408   1.73     132      12      0.00      0.00      0.00       0  |__rke2
05:39:14        0         -      2515    0.00    0.00    0.00    0.00    0.00     1      0.00      0.00 1617716   69408   1.73     132      12      0.00      0.00      0.00       0  |__rke2
05:39:14        0      2233         -    0.50    0.00    0.00    0.00    0.50     1      0.00      0.00 1303816   70404   1.76     132      16      0.00      0.00      0.00       0  containerd
05:39:14        0         -      2233    0.00    0.00    0.00    0.00    0.00     1      0.00      0.00 1303816   70404   1.76     132      16      0.00      0.00      0.00       0  |__containerd
05:39:14        0         -      2234    0.00    0.00    0.00    0.00    0.00     0      0.00      0.00 1303816   70404   1.76     132      16      0.00      0.00      0.00       0  |__containerd
05:39:14        0         -      2237    0.00    0.00    0.00    0.00    0.00     1      0.00      0.00 1303816   70404   1.76     132      16      0.00      0.00      0.00       0  |__containerd
05:39:14        0         -      2252    0.00    0.00    0.00    0.00    0.00     0      0.00      0.00 1303816   70404   1.76     132      16      0.00      0.00      0.00       0  |__containerd
05:39:14        0         -      5453    0.00    0.00    0.00    0.00    0.00     0      0.00      0.00 1303816   70404   1.76     132      16      0.00      0.00      0.00       0  |__containerd
05:39:14        0         -      7819    0.00    0.00    0.00    0.00    0.00     1      0.00      0.00 1303816   70404   1.76     132      16      0.00      0.00      0.00       0  |__containerd
05:39:14        0         -      7933    0.00    0.00    0.00    0.00    0.00     0      0.00      0.00 1303816   70404   1.76     132      16      0.00      0.00      0.00       0  |__containerd
05:39:14        0         -      7968    0.50    0.00    0.00    0.00    0.50     0      0.00      0.00 1303816   70404   1.76     132      16      0.00      0.00      0.00       0  |__containerd
05:39:14        0         -      9234    0.00    0.00    0.00    0.00    0.00     0      0.00      0.00 1303816   70404   1.76     132      16      0.00      0.00      0.00       0  |__containerd
05:39:14        0         -      9241    0.00    0.00    0.00    0.00    0.00     1      0.00      0.00 1303816   70404   1.76     132      16      0.00      0.00      0.00       0  |__containerd
05:39:14        0         -     10596    0.00    0.00    0.00    0.00    0.00     1      0.00      0.00 1303816   70404   1.76     132      16      0.00      0.00      0.00       0  |__containerd
05:39:14        0      2254         -    3.00    1.00    0.00    0.00    4.00     1     56.50      0.00 1312768   80060   2.00     132      12      0.00      0.00      0.00       0  kubelet
05:39:14        0         -      2254    0.00    0.00    0.00    0.00    0.00     1      0.00      0.00 1312768   80060   2.00     132      12      0.00      0.00      0.00       0  |__kubelet
05:39:14        0         -      2255    0.00    0.00    0.00    0.50    0.00     0      0.00      0.00 1312768   80060   2.00     132      12      0.00      0.00      0.00       0  |__kubelet
05:39:14        0         -      2256    0.00    0.00    0.00    0.00    0.00     0      0.00      0.00 1312768   80060   2.00     132      12      0.00      0.00      0.00       0  |__kubelet
05:39:14        0         -      2257    0.00    0.00    0.00    0.00    0.00     0      0.00      0.00 1312768   80060   2.00     132      12      0.00      0.00      0.00       0  |__kubelet
05:39:14        0         -      2258    0.00    0.00    0.00    0.00    0.00     1      0.00      0.00 1312768   80060   2.00     132      12      0.00      0.00      0.00       0  |__kubelet
05:39:14        0         -      2259    0.00    0.00    0.00    0.00    0.00     0      0.00      0.00 1312768   80060   2.00     132      12      0.00      0.00      0.00       0  |__kubelet
05:39:14        0         -      2262    1.00    0.50    0.00    1.00    1.50     0     56.50      0.00 1312768   80060   2.00     132      12      0.00      0.00      0.00       0  |__kubelet
05:39:14        0         -      2275    1.00    0.00    0.00    1.00    1.00     1      0.00      0.00 1312768   80060   2.00     132      12      0.00      0.00      0.00       0  |__kubelet
05:39:14        0         -      2276    0.00    0.00    0.00    0.00    0.00     1      0.00      0.00 1312768   80060   2.00     132      12      0.00      0.00      0.00       0  |__kubelet
05:39:14        0         -      2277    0.50    0.00    0.00    0.50    0.50     1      0.00      0.00 1312768   80060   2.00     132      12      0.00      0.00      0.00       0  |__kubelet
05:39:14        0         -      3023    0.00    0.00    0.00    0.00    0.00     0      0.00      0.00 1312768   80060   2.00     132      12      0.00      0.00      0.00       0  |__kubelet
05:39:14        0         -      3053    0.00    0.00    0.00    0.00    0.00     0      0.00      0.00 1312768   80060   2.00     132      12      0.00      0.00      0.00       0  |__kubelet
05:39:14        0      2303         -    0.00    0.00    0.00    0.00    0.00     0      0.00      0.00 1243560   17672   0.44     132      16      0.00      0.00      0.00       0  containerd-shim
05:39:14        0         -      2303    0.00    0.00    0.00    0.00    0.00     0      0.00      0.00 1243560   17672   0.44     132      16      0.00      0.00      0.00       0  |__containerd-shim
05:39:14        0         -      2307    0.00    0.00    0.00    0.00    0.00     1      0.00      0.00 1243560   17672   0.44     132      16      0.00      0.00      0.00       0  |__containerd-shim
05:39:14        0         -      2308    0.00    0.00    0.00    0.00    0.00     0      0.00      0.00 1243560   17672   0.44     132      16      0.00      0.00      0.00       0  |__containerd-shim
05:39:14        0         -      2309    0.00    0.00    0.00    0.00    0.00     1      0.00      0.00 1243560   17672   0.44     132      16      0.00      0.00      0.00       0  |__containerd-shim
05:39:14        0         -      2310    0.00    0.00    0.00    0.00    0.00     1      0.00      0.00 1243560   17672   0.44     132      16      0.00      0.00      0.00       0  |__containerd-shim
05:39:14        0         -      2312    0.00    0.00    0.00    0.00    0.00     0      0.00      0.00 1243560   17672   0.44     132      16      0.00      0.00      0.00       0  |__containerd-shim
05:39:14        0         -      2314    0.00    0.00    0.00    0.00    0.00     0      0.00      0.00 1243560   17672   0.44     132      16      0.00      0.00      0.00       0  |__containerd-shim
05:39:14        0         -      2316    0.00    0.00    0.00    0.00    0.00     1      0.00      0.00 1243560   17672   0.44     132      16      0.00      0.00      0.00       0  |__containerd-shim
05:39:14        0         -      2317    0.00    0.00    0.00    0.00    0.00     0      0.00      0.00 1243560   17672   0.44     132      16      0.00      0.00      0.00       0  |__containerd-shim
05:39:14        0         -      2323    0.00    0.00    0.00    0.00    0.00     1      0.00      0.00 1243560   17672   0.44     132      16      0.00      0.00      0.00       0  |__containerd-shim
05:39:14        0         -      2435    0.00    0.00    0.00    0.00    0.00     0      0.00      0.00 1243560   17672   0.44     132      16      0.00      0.00      0.00       0  |__containerd-shim
05:39:14        0         -      5956    0.00    0.00    0.00    0.00    0.00     0      0.00      0.00 1243560   17672   0.44     132      16      0.00      0.00      0.00       0  |__containerd-shim
05:39:14        0         -      5957    0.00    0.00    0.00    0.00    0.00     0      0.00      0.00 1243560   17672   0.44     132      16      0.00      0.00      0.00       0  |__containerd-shim
05:39:14        0         -     26803    0.00    0.00    0.00    0.00    0.00     1      0.00      0.00 1243560   17672   0.44     132      16      0.00      0.00      0.00       0  |__containerd-shim
05:39:14        0      2311         -    0.00    0.00    0.00    0.00    0.00     0      0.00      0.00 1243164   17656   0.44     132      16      0.00      0.00      0.00       0  containerd-shim
05:39:14        0         -      2311    0.00    0.00    0.00    0.00    0.00     0      0.00      0.00 1243164   17656   0.44     132      16      0.00      0.00      0.00       0  |__containerd-shim
05:39:14        0         -      2315    0.00    0.00    0.00    0.00    0.00     1      0.00      0.00 1243164   17656   0.44     132      16      0.00      0.00      0.00       0  |__containerd-shim
05:39:14        0         -      2318    0.00    0.00    0.00    0.00    0.00     0      0.00      0.00 1243164   17656   0.44     132      16      0.00      0.00      0.00       0  |__containerd-shim
05:39:14        0         -      2319    0.00    0.00    0.00    0.00    0.00     1      0.00      0.00 1243164   17656   0.44     132      16      0.00      0.00      0.00       0  |__containerd-shim
05:39:14        0         -      2320    0.00    0.00    0.00    0.00    0.00     0      0.00      0.00 1243164   17656   0.44     132      16      0.00      0.00      0.00       0  |__containerd-shim
05:39:14        0         -      2321    0.00    0.00    0.00    0.00    0.00     0      0.00      0.00 1243164   17656   0.44     132      16      0.00      0.00      0.00       0  |__containerd-shim
05:39:14        0         -      2325    0.00    0.00    0.00    0.00    0.00     0      0.00      0.00 1243164   17656   0.44     132      16      0.00      0.00      0.00       0  |__containerd-shim
05:39:14        0         -      2326    0.00    0.00    0.00    0.00    0.00     1      0.00      0.00 1243164   17656   0.44     132      16      0.00      0.00      0.00       0  |__containerd-shim
05:39:14        0         -      2327    0.00    0.00    0.00    0.00    0.00     0      0.00      0.00 1243164   17656   0.44     132      16      0.00      0.00      0.00       0  |__containerd-shim
05:39:14        0         -      2328    0.00    0.00    0.00    0.00    0.00     1      0.00      0.00 1243164   17656   0.44     132      16      0.00      0.00      0.00       0  |__containerd-shim
05:39:14        0         -      2440    0.00    0.00    0.00    0.00    0.00     1      0.00      0.00 1243164   17656   0.44     132      16      0.00      0.00      0.00       0  |__containerd-shim
05:39:14        0         -      2535    0.00    0.00    0.00    0.00    0.00     0      0.00      0.00 1243164   17656   0.44     132      16      0.00      0.00      0.00       0  |__containerd-shim
05:39:14        0         -      5958    0.00    0.00    0.00    0.00    0.00     1      0.00      0.00 1243164   17656   0.44     132      16      0.00      0.00      0.00       0  |__containerd-shim
05:39:14    65535      2354         -    0.00    0.00    0.00    0.00    0.00     1      0.00      0.00     972     512   0.01     132       8      0.00      0.00      0.00       0  pause
05:39:14    65535         -      2354    0.00    0.00    0.00    0.00    0.00     1      0.00      0.00     972     512   0.01     132       8      0.00      0.00      0.00       0  |__pause
05:39:14    65535      2361         -    0.00    0.00    0.00    0.00    0.00     1      0.00      0.00     972     512   0.01     132      12      0.00      0.00      0.00       0  pause
05:39:14    65535         -      2361    0.00    0.00    0.00    0.00    0.00     1      0.00      0.00     972     512   0.01     132      12      0.00      0.00      0.00       0  |__pause
05:39:14        0      2402         -    0.00    0.00    0.00    0.00    0.00     1      0.00      0.00 1299988   29724   0.74     132      16      0.00      0.00      0.00       0  kube-proxy
05:39:14        0         -      2402    0.00    0.00    0.00    0.00    0.00     1      0.00      0.00 1299988   29724   0.74     132      16      0.00      0.00      0.00       0  |__kube-proxy
05:39:14        0         -      2436    0.00    0.00    0.00    0.00    0.00     0      0.00      0.00 1299988   29724   0.74     132      16      0.00      0.00      0.00       0  |__kube-proxy
05:39:14        0         -      2437    0.00    0.00    0.00    0.00    0.00     0      0.00      0.00 1299988   29724   0.74     132      16      0.00      0.00      0.00       0  |__kube-proxy
05:39:14        0         -      2438    0.00    0.00    0.00    0.00    0.00     1      0.00      0.00 1299988   29724   0.74     132      16      0.00      0.00      0.00       0  |__kube-proxy
05:39:14        0         -      2439    0.00    0.00    0.00    0.00    0.00     0      0.00      0.00 1299988   29724   0.74     132      16      0.00      0.00      0.00       0  |__kube-proxy
05:39:14        0         -      2442    0.00    0.00    0.00    0.00    0.00     1      0.00      0.00 1299988   29724   0.74     132      16      0.00      0.00      0.00       0  |__kube-proxy
05:39:14        0         -      2445    0.00    0.00    0.00    0.00    0.00     0      0.00      0.00 1299988   29724   0.74     132      16      0.00      0.00      0.00       0  |__kube-proxy
05:39:14        0      2414         -    1.50    2.00    0.00    1.00    3.50     1      1.00      0.00 11809520  116348   2.90     132      16      0.00    138.00      0.00       0  etcd
05:39:14        0         -      2414    0.50    0.50    0.00    1.00    1.00     1      0.50      0.00 11809520  116348   2.90     132      16      0.00     56.00      0.00       0  |__etcd
05:39:14        0         -      2441    0.00    0.50    0.00    2.50    0.50     1      0.00      0.00 11809520  116348   2.90     132      16      0.00      0.00      0.00       0  |__etcd
05:39:14        0         -      2443    0.00    0.00    0.00    0.00    0.00     1      0.00      0.00 11809520  116348   2.90     132      16      0.00      0.00      0.00       0  |__etcd
05:39:14        0         -      2444    0.00    0.00    0.00    0.00    0.00     0      0.00      0.00 11809520  116348   2.90     132      16      0.00      0.00      0.00       0  |__etcd
05:39:14        0         -      2446    0.00    0.00    0.00    0.00    0.00     0      0.00      0.00 11809520  116348   2.90     132      16      0.00      0.00      0.00       0  |__etcd
05:39:14        0         -      2447    0.00    0.00    0.00    0.00    0.00     0      0.00      0.00 11809520  116348   2.90     132      16      0.00      0.00      0.00       0  |__etcd
05:39:14        0         -      2455    0.00    0.00    0.00    0.00    0.00     0      0.00      0.00 11809520  116348   2.90     132      16      0.00      0.00      0.00       0  |__etcd
05:39:14        0         -      2533    0.00    0.00    0.00    0.00    0.00     1      0.00      0.00 11809520  116348   2.90     132      16      0.00      0.00      0.00       0  |__etcd
05:39:14        0         -      2534    0.50    0.50    0.00    1.00    1.00     1      0.50      0.00 11809520  116348   2.90     132      16      0.00     40.00      0.00       0  |__etcd
05:39:14        0         -      4399    0.50    0.00    0.00    1.50    0.50     1      0.00      0.00 11809520  116348   2.90     132      16      0.00     32.00      0.00       0  |__etcd
05:39:14        0      2465         -    0.00    0.00    0.00    0.00    0.00     0      0.00      0.00 1243816   18904   0.47     132      12      0.00      0.00      0.00       0  containerd-shim
05:39:14        0         -      2465    0.00    0.00    0.00    0.00    0.00     0      0.00      0.00 1243816   18904   0.47     132      12      0.00      0.00      0.00       0  |__containerd-shim
05:39:14        0         -      2466    0.00    0.00    0.00    0.00    0.00     1      0.00      0.00 1243816   18904   0.47     132      12      0.00      0.00      0.00       0  |__containerd-shim
05:39:14        0         -      2467    0.00    0.00    0.00    0.00    0.00     0      0.00      0.00 1243816   18904   0.47     132      12      0.00      0.00      0.00       0  |__containerd-shim
05:39:14        0         -      2468    0.00    0.00    0.00    0.00    0.00     1      0.00      0.00 1243816   18904   0.47     132      12      0.00      0.00      0.00       0  |__containerd-shim
05:39:14        0         -      2469    0.00    0.00    0.00    0.00    0.00     1      0.00      0.00 1243816   18904   0.47     132      12      0.00      0.00      0.00       0  |__containerd-shim
05:39:14        0         -      2470    0.00    0.00    0.00    0.00    0.00     1      0.00      0.00 1243816   18904   0.47     132      12      0.00      0.00      0.00       0  |__containerd-shim
05:39:14        0         -      2471    0.00    0.00    0.00    0.00    0.00     1      0.00      0.00 1243816   18904   0.47     132      12      0.00      0.00      0.00       0  |__containerd-shim
05:39:14        0         -      2472    0.00    0.00    0.00    0.00    0.00     1      0.00      0.00 1243816   18904   0.47     132      12      0.00      0.00      0.00       0  |__containerd-shim
05:39:14        0         -      2473    0.00    0.00    0.00    0.00    0.00     1      0.00      0.00 1243816   18904   0.47     132      12      0.00      0.00      0.00       0  |__containerd-shim
05:39:14        0         -      2474    0.00    0.00    0.00    0.00    0.00     0      0.00      0.00 1243816   18904   0.47     132      12      0.00      0.00      0.00       0  |__containerd-shim
05:39:14        0         -      2966    0.00    0.00    0.00    0.00    0.00     0      0.00      0.00 1243816   18904   0.47     132      12      0.00      0.00      0.00       0  |__containerd-shim
05:39:14        0         -      2967    0.00    0.00    0.00    0.00    0.00     0      0.00      0.00 1243816   18904   0.47     132      12      0.00      0.00      0.00       0  |__containerd-shim
05:39:14        0         -      2968    0.00    0.00    0.00    0.00    0.00     0      0.00      0.00 1243816   18904   0.47     132      12      0.00      0.00      0.00       0  |__containerd-shim
05:39:14        0         -     11864    0.00    0.00    0.00    0.00    0.00     1      0.00      0.00 1243816   18904   0.47     132      12      0.00      0.00      0.00       0  |__containerd-shim
05:39:14    65535      2489         -    0.00    0.00    0.00    0.00    0.00     1      0.00      0.00     972     512   0.01     132      12      0.00      0.00      0.00       0  pause
05:39:14    65535         -      2489    0.00    0.00    0.00    0.00    0.00     1      0.00      0.00     972     512   0.01     132      12      0.00      0.00      0.00       0  |__pause
05:39:14        0      2514         -    5.00    2.50    0.00    0.00    7.50     1      1.00      0.00 2073184  760884  18.97     132      16      0.00      0.00      0.00       0  kube-apiserver
05:39:14        0         -      2514    0.00    0.00    0.00    0.00    0.00     1      0.00      0.00 2073184  760884  18.97     132      16      0.00      0.00      0.00       0  |__kube-apiserver
05:39:14        0         -      2526    0.00    1.50    0.00    3.00    1.50     1      0.00      0.00 2073184  760884  18.97     132      16      0.00      0.00      0.00       0  |__kube-apiserver
05:39:14        0         -      2527    0.00    0.00    0.00    0.00    0.00     0      0.00      0.00 2073184  760884  18.97     132      16      0.00      0.00      0.00       0  |__kube-apiserver
05:39:14        0         -      2528    0.50    0.00    0.00    0.50    0.50     1      0.00      0.00 2073184  760884  18.97     132      16      0.00      0.00      0.00       0  |__kube-apiserver
05:39:14        0         -      2529    0.00    0.00    0.00    0.00    0.00     1      0.00      0.00 2073184  760884  18.97     132      16      0.00      0.00      0.00       0  |__kube-apiserver
05:39:14        0         -      2530    0.00    0.00    0.00    0.00    0.00     1      0.00      0.00 2073184  760884  18.97     132      16      0.00      0.00      0.00       0  |__kube-apiserver
05:39:14        0         -      2531    1.00    0.50    0.00    1.00    1.50     1      0.50      0.00 2073184  760884  18.97     132      16      0.00      0.00      0.00       0  |__kube-apiserver
05:39:14        0         -      2532    0.00    0.00    0.00    0.00    0.00     1      0.00      0.00 2073184  760884  18.97     132      16      0.00      0.00      0.00       0  |__kube-apiserver
05:39:14        0         -      2690    1.50    0.50    0.00    2.50    2.00     1      0.50      0.00 2073184  760884  18.97     132      16      0.00      0.00      0.00       0  |__kube-apiserver
05:39:14        0         -      2767    1.00    0.50    0.00    1.50    1.50     0      0.00      0.00 2073184  760884  18.97     132      16      0.00      0.00      0.00       0  |__kube-apiserver
05:39:14        0         -      3840    0.00    0.00    0.00    0.00    0.00     1      0.00      0.00 2073184  760884  18.97     132      16      0.00      0.00      0.00       0  |__kube-apiserver
05:39:14        0      2549         -    0.00    0.00    0.00    0.00    0.00     0      0.00      0.00 1243676   17744   0.44     132      16      0.00      0.00      0.00       0  containerd-shim
05:39:14        0         -      2549    0.00    0.00    0.00    0.00    0.00     0      0.00      0.00 1243676   17744   0.44     132      16      0.00      0.00      0.00       0  |__containerd-shim
05:39:14        0         -      2550    0.00    0.00    0.00    0.00    0.00     1      0.00      0.00 1243676   17744   0.44     132      16      0.00      0.00      0.00       0  |__containerd-shim
05:39:14        0         -      2551    0.00    0.00    0.00    0.00    0.00     1      0.00      0.00 1243676   17744   0.44     132      16      0.00      0.00      0.00       0  |__containerd-shim
05:39:14        0         -      2552    0.00    0.00    0.00    0.00    0.00     0      0.00      0.00 1243676   17744   0.44     132      16      0.00      0.00      0.00       0  |__containerd-shim
05:39:14        0         -      2553    0.00    0.00    0.00    0.00    0.00     0      0.00      0.00 1243676   17744   0.44     132      16      0.00      0.00      0.00       0  |__containerd-shim
05:39:14        0         -      2554    0.00    0.00    0.00    0.00    0.00     1      0.00      0.00 1243676   17744   0.44     132      16      0.00      0.00      0.00       0  |__containerd-shim
05:39:14        0         -      2555    0.00    0.00    0.00    0.00    0.00     1      0.00      0.00 1243676   17744   0.44     132      16      0.00      0.00      0.00       0  |__containerd-shim
05:39:14        0         -      2556    0.00    0.00    0.00    0.00    0.00     0      0.00      0.00 1243676   17744   0.44     132      16      0.00      0.00      0.00       0  |__containerd-shim
05:39:14        0         -      2557    0.00    0.00    0.00    0.00    0.00     0      0.00      0.00 1243676   17744   0.44     132      16      0.00      0.00      0.00       0  |__containerd-shim
05:39:14        0         -      2558    0.00    0.00    0.00    0.00    0.00     1      0.00      0.00 1243676   17744   0.44     132      16      0.00      0.00      0.00       0  |__containerd-shim
05:39:14        0         -      2625    0.00    0.00    0.00    0.00    0.00     0      0.00      0.00 1243676   17744   0.44     132      16      0.00      0.00      0.00       0  |__containerd-shim
05:39:14        0         -      2970    0.00    0.00    0.00    0.00    0.00     0      0.00      0.00 1243676   17744   0.44     132      16      0.00      0.00      0.00       0  |__containerd-shim
05:39:14        0         -     13819    0.00    0.00    0.00    0.00    0.00     1      0.00      0.00 1243676   17744   0.44     132      16      0.00      0.00      0.00       0  |__containerd-shim
05:39:14        0      2563         -    0.00    0.00    0.00    0.00    0.00     0      0.00      0.00 1243676   17772   0.44     132      16      0.00      0.00      0.00       0  containerd-shim
05:39:14        0         -      2563    0.00    0.00    0.00    0.00    0.00     0      0.00      0.00 1243676   17772   0.44     132      16      0.00      0.00      0.00       0  |__containerd-shim
05:39:14        0         -      2566    0.00    0.00    0.00    0.00    0.00     0      0.00      0.00 1243676   17772   0.44     132      16      0.00      0.00      0.00       0  |__containerd-shim
05:39:14        0         -      2567    0.00    0.00    0.00    0.00    0.00     0      0.00      0.00 1243676   17772   0.44     132      16      0.00      0.00      0.00       0  |__containerd-shim
05:39:14        0         -      2568    0.00    0.00    0.00    0.00    0.00     1      0.00      0.00 1243676   17772   0.44     132      16      0.00      0.00      0.00       0  |__containerd-shim
05:39:14        0         -      2569    0.00    0.00    0.00    0.00    0.00     1      0.00      0.00 1243676   17772   0.44     132      16      0.00      0.00      0.00       0  |__containerd-shim
05:39:14        0         -      2570    0.00    0.00    0.00    0.00    0.00     1      0.00      0.00 1243676   17772   0.44     132      16      0.00      0.00      0.00       0  |__containerd-shim
05:39:14        0         -      2582    0.00    0.00    0.00    0.00    0.00     1      0.00      0.00 1243676   17772   0.44     132      16      0.00      0.00      0.00       0  |__containerd-shim
05:39:14        0         -      2583    0.00    0.00    0.00    0.00    0.00     1      0.00      0.00 1243676   17772   0.44     132      16      0.00      0.00      0.00       0  |__containerd-shim
05:39:14        0         -      2584    0.00    0.00    0.00    0.00    0.00     0      0.00      0.00 1243676   17772   0.44     132      16      0.00      0.00      0.00       0  |__containerd-shim
05:39:14        0         -      2585    0.00    0.00    0.00    0.00    0.00     1      0.00      0.00 1243676   17772   0.44     132      16      0.00      0.00      0.00       0  |__containerd-shim
05:39:14        0         -      2620    0.00    0.00    0.00    0.00    0.00     1      0.00      0.00 1243676   17772   0.44     132      16      0.00      0.00      0.00       0  |__containerd-shim
05:39:14        0         -      2965    0.00    0.00    0.00    0.00    0.00     0      0.00      0.00 1243676   17772   0.44     132      16      0.00      0.00      0.00       0  |__containerd-shim
05:39:14        0         -      5391    0.00    0.00    0.00    0.00    0.00     0      0.00      0.00 1243676   17772   0.44     132      16      0.00      0.00      0.00       0  |__containerd-shim
05:39:14    65535      2594         -    0.00    0.00    0.00    0.00    0.00     1      0.00      0.00     972     512   0.01     132      12      0.00      0.00      0.00       0  pause
05:39:14    65535         -      2594    0.00    0.00    0.00    0.00    0.00     1      0.00      0.00     972     512   0.01     132      12      0.00      0.00      0.00       0  |__pause
05:39:14    65535      2606         -    0.00    0.00    0.00    0.00    0.00     1      0.00      0.00     972     512   0.01     132      12      0.00      0.00      0.00       0  pause
05:39:14    65535         -      2606    0.00    0.00    0.00    0.00    0.00     1      0.00      0.00     972     512   0.01     132      12      0.00      0.00      0.00       0  |__pause
05:39:14        0      2645         -    0.50    0.00    0.00    0.00    0.50     1      1.00      0.00 1299856   45824   1.14     132      16      0.00      0.00      0.00       0  kube-scheduler
05:39:14        0         -      2645    0.00    0.00    0.00    0.00    0.00     1      1.00      0.00 1299856   45824   1.14     132      16      0.00      0.00      0.00       0  |__kube-scheduler
05:39:14        0         -      2672    0.00    0.00    0.00    0.50    0.00     1      0.00      0.00 1299856   45824   1.14     132      16      0.00      0.00      0.00       0  |__kube-scheduler
05:39:14        0         -      2673    0.00    0.00    0.00    0.00    0.00     1      0.00      0.00 1299856   45824   1.14     132      16      0.00      0.00      0.00       0  |__kube-scheduler
05:39:14        0         -      2674    0.00    0.00    0.00    0.00    0.00     1      0.00      0.00 1299856   45824   1.14     132      16      0.00      0.00      0.00       0  |__kube-scheduler
05:39:14        0         -      2675    0.00    0.00    0.00    0.00    0.00     1      0.00      0.00 1299856   45824   1.14     132      16      0.00      0.00      0.00       0  |__kube-scheduler
05:39:14        0         -      2681    0.00    0.00    0.00    0.00    0.00     1      0.00      0.00 1299856   45824   1.14     132      16      0.00      0.00      0.00       0  |__kube-scheduler
05:39:14        0         -      2686    0.00    0.00    0.00    1.00    0.00     1      0.00      0.00 1299856   45824   1.14     132      16      0.00      0.00      0.00       0  |__kube-scheduler
05:39:14        0         -      2687    0.00    0.00    0.00    0.00    0.00     0      0.00      0.00 1299856   45824   1.14     132      16      0.00      0.00      0.00       0  |__kube-scheduler
05:39:14        0         -      8556    0.00    0.00    0.00    0.00    0.00     0      0.00      0.00 1299856   45824   1.14     132      16      0.00      0.00      0.00       0  |__kube-scheduler
05:39:14        0      2657         -    1.50    0.50    0.00    0.00    2.00     1      0.50      0.00 1387092  106524   2.66     132      20      0.00      0.00      0.00       0  kube-controller
05:39:14        0         -      2657    0.50    0.00    0.00    0.00    0.50     1      0.50      0.00 1387092  106524   2.66     132      20      0.00      0.00      0.00       0  |__kube-controller
05:39:14        0         -      2682    0.50    0.50    0.00    1.00    1.00     0      0.00      0.00 1387092  106524   2.66     132      20      0.00      0.00      0.00       0  |__kube-controller
05:39:14        0         -      2683    0.00    0.00    0.00    0.00    0.00     1      0.00      0.00 1387092  106524   2.66     132      20      0.00      0.00      0.00       0  |__kube-controller
05:39:14        0         -      2684    0.00    0.00    0.00    0.00    0.00     1      0.00      0.00 1387092  106524   2.66     132      20      0.00      0.00      0.00       0  |__kube-controller
05:39:14        0         -      2685    0.00    0.00    0.00    0.00    0.00     1      0.00      0.00 1387092  106524   2.66     132      20      0.00      0.00      0.00       0  |__kube-controller
05:39:14        0         -      2688    0.00    0.00    0.00    1.00    0.00     1      0.00      0.00 1387092  106524   2.66     132      20      0.00      0.00      0.00       0  |__kube-controller
05:39:14        0         -      2689    0.50    0.00    0.00    0.50    0.50     1      0.00      0.00 1387092  106524   2.66     132      20      0.00      0.00      0.00       0  |__kube-controller
05:39:14        0      2699         -    0.00    0.00    0.00    0.00    0.00     0      0.00      0.00 1243740   17792   0.44     132      16      0.00      0.00      0.00       0  containerd-shim
05:39:14        0         -      2699    0.00    0.00    0.00    0.00    0.00     0      0.00      0.00 1243740   17792   0.44     132      16      0.00      0.00      0.00       0  |__containerd-shim
05:39:14        0         -      2701    0.00    0.00    0.00    0.00    0.00     1      0.00      0.00 1243740   17792   0.44     132      16      0.00      0.00      0.00       0  |__containerd-shim
05:39:14        0         -      2702    0.00    0.00    0.00    0.00    0.00     1      0.00      0.00 1243740   17792   0.44     132      16      0.00      0.00      0.00       0  |__containerd-shim
05:39:14        0         -      2703    0.00    0.00    0.00    0.00    0.00     0      0.00      0.00 1243740   17792   0.44     132      16      0.00      0.00      0.00       0  |__containerd-shim
05:39:14        0         -      2704    0.00    0.00    0.00    0.00    0.00     1      0.00      0.00 1243740   17792   0.44     132      16      0.00      0.00      0.00       0  |__containerd-shim
05:39:14        0         -      2705    0.00    0.00    0.00    0.00    0.00     0      0.00      0.00 1243740   17792   0.44     132      16      0.00      0.00      0.00       0  |__containerd-shim
05:39:14        0         -      2706    0.00    0.00    0.00    0.00    0.00     1      0.00      0.00 1243740   17792   0.44     132      16      0.00      0.00      0.00       0  |__containerd-shim
05:39:14        0         -      2707    0.00    0.00    0.00    0.00    0.00     0      0.00      0.00 1243740   17792   0.44     132      16      0.00      0.00      0.00       0  |__containerd-shim
05:39:14        0         -      2708    0.00    0.00    0.00    0.00    0.00     1      0.00      0.00 1243740   17792   0.44     132      16      0.00      0.00      0.00       0  |__containerd-shim
05:39:14        0         -      2728    0.00    0.00    0.00    0.00    0.00     0      0.00      0.00 1243740   17792   0.44     132      16      0.00      0.00      0.00       0  |__containerd-shim
05:39:14        0         -      2760    0.00    0.00    0.00    0.00    0.00     1      0.00      0.00 1243740   17792   0.44     132      16      0.00      0.00      0.00       0  |__containerd-shim
05:39:14        0         -      2976    0.00    0.00    0.00    0.00    0.00     1      0.00      0.00 1243740   17792   0.44     132      16      0.00      0.00      0.00       0  |__containerd-shim
05:39:14        0         -     10082    0.00    0.00    0.00    0.00    0.00     0      0.00      0.00 1243740   17792   0.44     132      16      0.00      0.00      0.00       0  |__containerd-shim
05:39:14    65535      2722         -    0.00    0.00    0.00    0.00    0.00     0      0.00      0.00     972     512   0.01     132      12      0.00      0.00      0.00       0  pause
05:39:14    65535         -      2722    0.00    0.00    0.00    0.00    0.00     0      0.00      0.00     972     512   0.01     132      12      0.00      0.00      0.00       0  |__pause
05:39:14        0      2746         -    0.00    0.00    0.00    0.50    0.00     0      0.00      0.00 1307632   31980   0.80     132      16      0.00      0.00      0.00       0  cloud-controlle
05:39:14        0         -      2746    0.00    0.00    0.00    0.50    0.00     0      0.00      0.00 1307632   31980   0.80     132      16      0.00      0.00      0.00       0  |__cloud-controlle
05:39:14        0         -      2761    0.00    0.00    0.00    0.00    0.00     1      0.00      0.00 1307632   31980   0.80     132      16      0.00      0.00      0.00       0  |__cloud-controlle
05:39:14        0         -      2762    0.00    0.00    0.00    0.00    0.00     0      0.00      0.00 1307632   31980   0.80     132      16      0.00      0.00      0.00       0  |__cloud-controlle
05:39:14        0         -      2763    0.00    0.00    0.00    0.00    0.00     0      0.00      0.00 1307632   31980   0.80     132      16      0.00      0.00      0.00       0  |__cloud-controlle
05:39:14        0         -      2764    0.00    0.00    0.00    0.00    0.00     0      0.00      0.00 1307632   31980   0.80     132      16      0.00      0.00      0.00       0  |__cloud-controlle
05:39:14        0         -      2765    0.00    0.00    0.00    0.00    0.00     1      0.00      0.00 1307632   31980   0.80     132      16      0.00      0.00      0.00       0  |__cloud-controlle
05:39:14        0         -      2766    0.00    0.00    0.00    0.00    0.00     0      0.00      0.00 1307632   31980   0.80     132      16      0.00      0.00      0.00       0  |__cloud-controlle
05:39:14        0      3719         -    0.00    0.00    0.00    0.00    0.00     1      0.00      0.00 1243164   17472   0.44     132       8      0.00      0.00      0.00       0  containerd-shim
05:39:14        0         -      3719    0.00    0.00    0.00    0.00    0.00     1      0.00      0.00 1243164   17472   0.44     132       8      0.00      0.00      0.00       0  |__containerd-shim
05:39:14        0         -      3720    0.00    0.00    0.00    0.00    0.00     0      0.00      0.00 1243164   17472   0.44     132       8      0.00      0.00      0.00       0  |__containerd-shim
05:39:14        0         -      3721    0.00    0.00    0.00    0.00    0.00     0      0.00      0.00 1243164   17472   0.44     132       8      0.00      0.00      0.00       0  |__containerd-shim
05:39:14        0         -      3722    0.00    0.00    0.00    0.00    0.00     1      0.00      0.00 1243164   17472   0.44     132       8      0.00      0.00      0.00       0  |__containerd-shim
05:39:14        0         -      3723    0.00    0.00    0.00    0.00    0.00     0      0.00      0.00 1243164   17472   0.44     132       8      0.00      0.00      0.00       0  |__containerd-shim
05:39:14        0         -      3724    0.00    0.00    0.00    0.00    0.00     0      0.00      0.00 1243164   17472   0.44     132       8      0.00      0.00      0.00       0  |__containerd-shim
05:39:14        0         -      3725    0.00    0.00    0.00    0.00    0.00     1      0.00      0.00 1243164   17472   0.44     132       8      0.00      0.00      0.00       0  |__containerd-shim
05:39:14        0         -      3726    0.00    0.00    0.00    0.00    0.00     0      0.00      0.00 1243164   17472   0.44     132       8      0.00      0.00      0.00       0  |__containerd-shim
05:39:14        0         -      3727    0.00    0.00    0.00    0.00    0.00     1      0.00      0.00 1243164   17472   0.44     132       8      0.00      0.00      0.00       0  |__containerd-shim
05:39:14        0         -      3728    0.00    0.00    0.00    0.00    0.00     0      0.00      0.00 1243164   17472   0.44     132       8      0.00      0.00      0.00       0  |__containerd-shim
05:39:14        0         -      3888    0.00    0.00    0.00    0.00    0.00     0      0.00      0.00 1243164   17472   0.44     132       8      0.00      0.00      0.00       0  |__containerd-shim
05:39:14        0         -      4277    0.00    0.00    0.00    0.00    0.00     0      0.00      0.00 1243164   17472   0.44     132       8      0.00      0.00      0.00       0  |__containerd-shim
05:39:14        0         -      4278    0.00    0.00    0.00    0.00    0.00     1      0.00      0.00 1243164   17472   0.44     132       8      0.00      0.00      0.00       0  |__containerd-shim
05:39:14    65535      3743         -    0.00    0.00    0.00    0.00    0.00     0      0.00      0.00     972     512   0.01     132      12      0.00      0.00      0.00       0  pause
05:39:14    65535         -      3743    0.00    0.00    0.00    0.00    0.00     0      0.00      0.00     972     512   0.01     132      12      0.00      0.00      0.00       0  |__pause
05:39:14    10001      3874         -    0.50    0.00    0.00    0.00    0.50     1      0.00      0.00 1903772   56448   1.41     132      16      0.00      0.00      0.00       0  operator
05:39:14    10001         -      3874    0.00    0.00    0.00    0.00    0.00     1      0.00      0.00 1903772   56448   1.41     132      16      0.00      0.00      0.00       0  |__operator
05:39:14    10001         -      3889    0.00    0.00    0.00    0.00    0.00     1      0.00      0.00 1903772   56448   1.41     132      16      0.00      0.00      0.00       0  |__operator
05:39:14    10001         -      3890    0.00    0.00    0.00    0.00    0.00     1      0.00      0.00 1903772   56448   1.41     132      16      0.00      0.00      0.00       0  |__operator
05:39:14    10001         -      3891    0.00    0.00    0.00    0.00    0.00     1      0.00      0.00 1903772   56448   1.41     132      16      0.00      0.00      0.00       0  |__operator
05:39:14    10001         -      3892    0.00    0.00    0.00    0.00    0.00     0      0.00      0.00 1903772   56448   1.41     132      16      0.00      0.00      0.00       0  |__operator
05:39:14    10001         -      3893    0.00    0.00    0.00    0.00    0.00     0      0.00      0.00 1903772   56448   1.41     132      16      0.00      0.00      0.00       0  |__operator
05:39:14    10001         -      3894    0.00    0.50    0.00    0.50    0.50     1      0.00      0.00 1903772   56448   1.41     132      16      0.00      0.00      0.00       0  |__operator
05:39:14    10001         -      3895    0.00    0.00    0.00    0.00    0.00     1      0.00      0.00 1903772   56448   1.41     132      16      0.00      0.00      0.00       0  |__operator
05:39:14    10001         -      3896    0.00    0.00    0.00    0.00    0.00     1      0.00      0.00 1903772   56448   1.41     132      16      0.00      0.00      0.00       0  |__operator
05:39:14        0      3914         -    0.00    0.00    0.00    0.00    0.00     1      0.00      0.00 1243420   18708   0.47     132      12      0.00      0.00      0.00       0  containerd-shim
05:39:14        0         -      3914    0.00    0.00    0.00    0.00    0.00     1      0.00      0.00 1243420   18708   0.47     132      12      0.00      0.00      0.00       0  |__containerd-shim
05:39:14        0         -      3915    0.00    0.00    0.00    0.00    0.00     0      0.00      0.00 1243420   18708   0.47     132      12      0.00      0.00      0.00       0  |__containerd-shim
05:39:14        0         -      3916    0.00    0.00    0.00    0.00    0.00     1      0.00      0.00 1243420   18708   0.47     132      12      0.00      0.00      0.00       0  |__containerd-shim
05:39:14        0         -      3917    0.00    0.00    0.00    0.00    0.00     1      0.00      0.00 1243420   18708   0.47     132      12      0.00      0.00      0.00       0  |__containerd-shim
05:39:14        0         -      3918    0.00    0.00    0.00    0.00    0.00     1      0.00      0.00 1243420   18708   0.47     132      12      0.00      0.00      0.00       0  |__containerd-shim
05:39:14        0         -      3919    0.00    0.00    0.00    0.00    0.00     0      0.00      0.00 1243420   18708   0.47     132      12      0.00      0.00      0.00       0  |__containerd-shim
05:39:14        0         -      3920    0.00    0.00    0.00    0.00    0.00     1      0.00      0.00 1243420   18708   0.47     132      12      0.00      0.00      0.00       0  |__containerd-shim
05:39:14        0         -      3921    0.00    0.00    0.00    0.00    0.00     1      0.00      0.00 1243420   18708   0.47     132      12      0.00      0.00      0.00       0  |__containerd-shim
05:39:14        0         -      3922    0.00    0.00    0.00    0.00    0.00     1      0.00      0.00 1243420   18708   0.47     132      12      0.00      0.00      0.00       0  |__containerd-shim
05:39:14        0         -      3923    0.00    0.00    0.00    0.00    0.00     0      0.00      0.00 1243420   18708   0.47     132      12      0.00      0.00      0.00       0  |__containerd-shim
05:39:14        0         -      4106    0.00    0.00    0.00    0.00    0.00     0      0.00      0.00 1243420   18708   0.47     132      12      0.00      0.00      0.00       0  |__containerd-shim
05:39:14        0         -      4107    0.00    0.00    0.00    0.00    0.00     0      0.00      0.00 1243420   18708   0.47     132      12      0.00      0.00      0.00       0  |__containerd-shim
05:39:14        0         -      6822    0.00    0.00    0.00    0.00    0.00     1      0.00      0.00 1243420   18708   0.47     132      12      0.00      0.00      0.00       0  |__containerd-shim
05:39:14    65535      3938         -    0.00    0.00    0.00    0.00    0.00     0      0.00      0.00     972     512   0.01     132      12      0.00      0.00      0.00       0  pause
05:39:14    65535         -      3938    0.00    0.00    0.00    0.00    0.00     0      0.00      0.00     972     512   0.01     132      12      0.00      0.00      0.00       0  |__pause
05:39:14        0      4418         -    0.00    0.00    0.00    0.00    0.00     1      0.00      0.00    4480    1152   0.03     132      12      0.00      0.00      0.00       0  runsvdir
05:39:14        0         -      4418    0.00    0.00    0.00    0.00    0.00     1      0.00      0.00    4480    1152   0.03     132      12      0.00      0.00      0.00       0  |__runsvdir
05:39:14        0      4530         -    0.00    0.00    0.00    0.00    0.00     0      0.00      0.00 1243420   17832   0.44     132      16      0.00      0.00      0.00       0  containerd-shim
05:39:14        0         -      4530    0.00    0.00    0.00    0.00    0.00     0      0.00      0.00 1243420   17832   0.44     132      16      0.00      0.00      0.00       0  |__containerd-shim
05:39:14        0         -      4533    0.00    0.00    0.00    0.00    0.00     0      0.00      0.00 1243420   17832   0.44     132      16      0.00      0.00      0.00       0  |__containerd-shim
05:39:14        0         -      4534    0.00    0.00    0.00    0.00    0.00     0      0.00      0.00 1243420   17832   0.44     132      16      0.00      0.00      0.00       0  |__containerd-shim
05:39:14        0         -      4535    0.00    0.00    0.00    0.00    0.00     1      0.00      0.00 1243420   17832   0.44     132      16      0.00      0.00      0.00       0  |__containerd-shim
05:39:14        0         -      4536    0.00    0.00    0.00    0.00    0.00     1      0.00      0.00 1243420   17832   0.44     132      16      0.00      0.00      0.00       0  |__containerd-shim
05:39:14        0         -      4537    0.00    0.00    0.00    0.00    0.00     0      0.00      0.00 1243420   17832   0.44     132      16      0.00      0.00      0.00       0  |__containerd-shim
05:39:14        0         -      4539    0.00    0.00    0.00    0.00    0.00     0      0.00      0.00 1243420   17832   0.44     132      16      0.00      0.00      0.00       0  |__containerd-shim
05:39:14        0         -      4540    0.00    0.00    0.00    0.00    0.00     0      0.00      0.00 1243420   17832   0.44     132      16      0.00      0.00      0.00       0  |__containerd-shim
05:39:14        0         -      4541    0.00    0.00    0.00    0.00    0.00     0      0.00      0.00 1243420   17832   0.44     132      16      0.00      0.00      0.00       0  |__containerd-shim
05:39:14        0         -      4543    0.00    0.00    0.00    0.00    0.00     1      0.00      0.00 1243420   17832   0.44     132      16      0.00      0.00      0.00       0  |__containerd-shim
05:39:14        0         -      4610    0.00    0.00    0.00    0.00    0.00     0      0.00      0.00 1243420   17832   0.44     132      16      0.00      0.00      0.00       0  |__containerd-shim
05:39:14        0         -      5674    0.00    0.00    0.00    0.00    0.00     0      0.00      0.00 1243420   17832   0.44     132      16      0.00      0.00      0.00       0  |__containerd-shim
05:39:14        0         -      6826    0.00    0.00    0.00    0.00    0.00     1      0.00      0.00 1243420   17832   0.44     132      16      0.00      0.00      0.00       0  |__containerd-shim
05:39:14    65535      4574         -    0.00    0.00    0.00    0.00    0.00     0      0.00      0.00     972     512   0.01     132      12      0.00      0.00      0.00       0  pause
05:39:14    65535         -      4574    0.00    0.00    0.00    0.00    0.00     0      0.00      0.00     972     512   0.01     132      12      0.00      0.00      0.00       0  |__pause
05:39:14        0      4698         -    0.00    0.00    0.00    0.00    0.00     0      0.00      0.00    4328    1152   0.03     132      12      0.00      0.00      0.00       0  runsv
05:39:14        0         -      4698    0.00    0.00    0.00    0.00    0.00     0      0.00      0.00    4328    1152   0.03     132      12      0.00      0.00      0.00       0  |__runsv
05:39:14        0      4699         -    0.00    0.00    0.00    0.00    0.00     1      0.00      0.00    4328    1152   0.03     132      12      0.00      0.00      0.00       0  runsv
05:39:14        0         -      4699    0.00    0.00    0.00    0.00    0.00     1      0.00      0.00    4328    1152   0.03     132      12      0.00      0.00      0.00       0  |__runsv
05:39:14        0      4700         -    0.00    0.00    0.00    0.00    0.00     0      0.00      0.00    4328    1152   0.03     132      16      0.00      0.00      0.00       0  runsv
05:39:14        0         -      4700    0.00    0.00    0.00    0.00    0.00     0      0.00      0.00    4328    1152   0.03     132      16      0.00      0.00      0.00       0  |__runsv
05:39:14        0      4701         -    0.00    0.00    0.00    0.00    0.00     0      0.00      0.00    4328    1152   0.03     132      12      0.00      0.00      0.00       0  runsv
05:39:14        0         -      4701    0.00    0.00    0.00    0.00    0.00     0      0.00      0.00    4328    1152   0.03     132      12      0.00      0.00      0.00       0  |__runsv
05:39:14        0      4702         -    0.00    0.00    0.00    0.00    0.00     0      0.00      0.00    4328    1152   0.03     132      12      0.00      0.00      0.00       0  runsv
05:39:14        0         -      4702    0.00    0.00    0.00    0.00    0.00     0      0.00      0.00    4328    1152   0.03     132      12      0.00      0.00      0.00       0  |__runsv
05:39:14        0      4703         -    0.00    0.00    0.00    0.00    0.00     1      0.00      0.00    4328    1152   0.03     132      16      0.00      0.00      0.00       0  runsv
05:39:14        0         -      4703    0.00    0.00    0.00    0.00    0.00     1      0.00      0.00    4328    1152   0.03     132      16      0.00      0.00      0.00       0  |__runsv
05:39:14        0      4704         -    0.00    0.00    0.00    0.00    0.00     1      0.00      0.00    4472    1152   0.03     132      12      0.00      0.00      0.00       0  svlogd
05:39:14        0         -      4704    0.00    0.00    0.00    0.00    0.00     1      0.00      0.00    4472    1152   0.03     132      12      0.00      0.00      0.00       0  |__svlogd
05:39:14        0      4705         -    0.00    0.00    0.00    0.00    0.00     1      0.00      0.00 1753800   53112   1.32     132      16      0.00      0.00      0.00       0  calico-node
05:39:14        0         -      4705    0.00    0.00    0.00    0.00    0.00     1      0.00      0.00 1753800   53112   1.32     132      16      0.00      0.00      0.00       0  |__calico-node
05:39:14        0         -      4747    0.00    0.00    0.00    0.00    0.00     0      0.00      0.00 1753800   53112   1.32     132      16      0.00      0.00      0.00       0  |__calico-node
05:39:14        0         -      4748    0.00    0.00    0.00    0.00    0.00     1      0.00      0.00 1753800   53112   1.32     132      16      0.00      0.00      0.00       0  |__calico-node
05:39:14        0         -      4749    0.00    0.00    0.00    0.00    0.00     0      0.00      0.00 1753800   53112   1.32     132      16      0.00      0.00      0.00       0  |__calico-node
05:39:14        0         -      4750    0.00    0.00    0.00    0.00    0.00     0      0.00      0.00 1753800   53112   1.32     132      16      0.00      0.00      0.00       0  |__calico-node
05:39:14        0         -      4765    0.00    0.00    0.00    0.00    0.00     1      0.00      0.00 1753800   53112   1.32     132      16      0.00      0.00      0.00       0  |__calico-node
05:39:14        0      4706         -    0.00    0.00    0.00    0.00    0.00     0      0.00      0.00   12004    1792   0.04     132      12      0.00      0.00      0.00       0  run
05:39:14        0         -      4706    0.00    0.00    0.00    0.00    0.00     0      0.00      0.00   12004    1792   0.04     132      12      0.00      0.00      0.00       0  |__run
05:39:14        0      4707         -    0.00    0.00    0.00    0.00    0.00     0      0.00      0.00   12004    1792   0.04     132      12      0.00      0.00      0.00       0  run
05:39:14        0         -      4707    0.00    0.00    0.00    0.00    0.00     0      0.00      0.00   12004    1792   0.04     132      12      0.00      0.00      0.00       0  |__run
05:39:14        0      4709         -    0.00    0.00    0.00    0.00    0.00     1      0.00      0.00   12004    1920   0.05     132      12      0.00      0.00      0.00       0  run
05:39:14        0         -      4709    0.00    0.00    0.00    0.00    0.00     1      0.00      0.00   12004    1920   0.05     132      12      0.00      0.00      0.00       0  |__run
05:39:14        0      4710         -    0.00    0.00    0.00    0.00    0.00     1      0.00      0.00 1827276   47596   1.19     132      16      0.00      0.00      0.00       0  calico-node
05:39:14        0         -      4710    0.00    0.00    0.00    0.00    0.00     1      0.00      0.00 1827276   47596   1.19     132      16      0.00      0.00      0.00       0  |__calico-node
05:39:14        0         -      4753    0.00    0.00    0.00    0.00    0.00     1      0.00      0.00 1827276   47596   1.19     132      16      0.00      0.00      0.00       0  |__calico-node
05:39:14        0         -      4754    0.00    0.00    0.00    0.00    0.00     0      0.00      0.00 1827276   47596   1.19     132      16      0.00      0.00      0.00       0  |__calico-node
05:39:14        0         -      4755    0.00    0.00    0.00    0.00    0.00     1      0.00      0.00 1827276   47596   1.19     132      16      0.00      0.00      0.00       0  |__calico-node
05:39:14        0         -      4759    0.00    0.00    0.00    0.00    0.00     1      0.00      0.00 1827276   47596   1.19     132      16      0.00      0.00      0.00       0  |__calico-node
05:39:14        0         -      4761    0.00    0.00    0.00    0.00    0.00     1      0.00      0.00 1827276   47596   1.19     132      16      0.00      0.00      0.00       0  |__calico-node
05:39:14        0         -      4763    0.00    0.00    0.00    0.00    0.00     1      0.00      0.00 1827276   47596   1.19     132      16      0.00      0.00      0.00       0  |__calico-node
05:39:14        0      4711         -    0.00    0.00    0.00    0.00    0.00     1      0.00      0.00   12004    1920   0.05     132      16      0.00      0.00      0.00       0  run
05:39:14        0         -      4711    0.00    0.00    0.00    0.00    0.00     1      0.00      0.00   12004    1920   0.05     132      16      0.00      0.00      0.00       0  |__run
05:39:14        0      4713         -    0.00    0.00    0.00    0.00    0.00     1      0.00      0.00 1827532   48240   1.20     132      20      0.00      0.00      0.00       0  calico-node
05:39:14        0         -      4713    0.00    0.00    0.00    0.00    0.00     1      0.00      0.00 1827532   48240   1.20     132      20      0.00      0.00      0.00       0  |__calico-node
05:39:14        0         -      4731    0.00    0.00    0.00    0.00    0.00     1      0.00      0.00 1827532   48240   1.20     132      20      0.00      0.00      0.00       0  |__calico-node
05:39:14        0         -      4732    0.00    0.00    0.00    0.00    0.00     1      0.00      0.00 1827532   48240   1.20     132      20      0.00      0.00      0.00       0  |__calico-node
05:39:14        0         -      4733    0.00    0.00    0.00    0.00    0.00     0      0.00      0.00 1827532   48240   1.20     132      20      0.00      0.00      0.00       0  |__calico-node
05:39:14        0         -      4734    0.00    0.00    0.00    0.00    0.00     0      0.00      0.00 1827532   48240   1.20     132      20      0.00      0.00      0.00       0  |__calico-node
05:39:14        0         -      4762    0.00    0.00    0.00    0.00    0.00     1      0.00      0.00 1827532   48240   1.20     132      20      0.00      0.00      0.00       0  |__calico-node
05:39:14        0         -      4764    0.00    0.00    0.00    0.00    0.00     1      0.00      0.00 1827532   48240   1.20     132      20      0.00      0.00      0.00       0  |__calico-node
05:39:14        0      4736         -    0.00    0.00    0.00    0.00    0.00     0      0.00      0.00   12004     912   0.02     132      12      0.00      0.00      0.00       0  run
05:39:14        0         -      4736    0.00    0.00    0.00    0.00    0.00     0      0.00      0.00   12004     912   0.02     132      12      0.00      0.00      0.00       0  |__run
05:39:14        0      4737         -    0.00    0.00    0.00    0.00    0.00     0      0.00      0.00   23148    1920   0.05     132      16      0.00      0.00      0.00       0  tee
05:39:14        0         -      4737    0.00    0.00    0.00    0.00    0.00     0      0.00      0.00   23148    1920   0.05     132      16      0.00      0.00      0.00       0  |__tee
05:39:14        0      4738         -    0.00    0.00    0.00    0.00    0.00     0      0.00      0.00    4472    1024   0.03     132      12      0.00      0.00      0.00       0  svlogd
05:39:14        0         -      4738    0.00    0.00    0.00    0.00    0.00     0      0.00      0.00    4472    1024   0.03     132      12      0.00      0.00      0.00       0  |__svlogd
05:39:14        0      4739         -    0.00    0.00    0.00    0.00    0.00     1      0.00      0.00   12004    1040   0.03     132      12      0.00      0.00      0.00       0  run
05:39:14        0         -      4739    0.00    0.00    0.00    0.00    0.00     1      0.00      0.00   12004    1040   0.03     132      12      0.00      0.00      0.00       0  |__run
05:39:14        0      4740         -    0.00    0.00    0.00    0.00    0.00     0      0.00      0.00   23148    1536   0.04     132      16      0.00      0.00      0.00       0  tee
05:39:14        0         -      4740    0.00    0.00    0.00    0.00    0.00     0      0.00      0.00   23148    1536   0.04     132      16      0.00      0.00      0.00       0  |__tee
05:39:14        0      4741         -    0.00    0.00    0.00    0.00    0.00     1      0.00      0.00    4472    1152   0.03     132      12      0.00      0.00      0.00       0  svlogd
05:39:14        0         -      4741    0.00    0.00    0.00    0.00    0.00     1      0.00      0.00    4472    1152   0.03     132      12      0.00      0.00      0.00       0  |__svlogd
05:39:14        0      4742         -    0.00    0.00    0.00    0.00    0.00     1      0.00      0.00   12004    1040   0.03     132      12      0.00      0.00      0.00       0  run
05:39:14        0         -      4742    0.00    0.00    0.00    0.00    0.00     1      0.00      0.00   12004    1040   0.03     132      12      0.00      0.00      0.00       0  |__run
05:39:14        0      4743         -    0.00    0.00    0.00    0.00    0.00     1      0.00      0.00   23148    1664   0.04     132      20      0.00      0.00      0.00       0  tee
05:39:14        0         -      4743    0.00    0.00    0.00    0.00    0.00     1      0.00      0.00   23148    1664   0.04     132      20      0.00      0.00      0.00       0  |__tee
05:39:14        0      4744         -    0.00    0.00    0.00    0.00    0.00     1      0.00      0.00   12004    1040   0.03     132      12      0.00      0.00      0.00       0  run
05:39:14        0         -      4744    0.00    0.00    0.00    0.00    0.00     1      0.00      0.00   12004    1040   0.03     132      12      0.00      0.00      0.00       0  |__run
05:39:14        0      4745         -    0.00    0.00    0.00    0.00    0.00     0      0.00      0.00   23148    1792   0.04     132      16      0.00      0.00      0.00       0  tee
05:39:14        0         -      4745    0.00    0.00    0.00    0.00    0.00     0      0.00      0.00   23148    1792   0.04     132      16      0.00      0.00      0.00       0  |__tee
05:39:14        0      4746         -    0.00    0.00    0.00    0.00    0.00     0      0.00      0.00    4472    1152   0.03     132      16      0.00      0.00      0.00       0  svlogd
05:39:14        0         -      4746    0.00    0.00    0.00    0.00    0.00     0      0.00      0.00    4472    1152   0.03     132      16      0.00      0.00      0.00       0  |__svlogd
05:39:14        0      4751         -    0.00    0.00    0.00    0.00    0.00     0      0.00      0.00    4472    1152   0.03     132      12      0.00      0.00      0.00       0  svlogd
05:39:14        0         -      4751    0.00    0.00    0.00    0.00    0.00     0      0.00      0.00    4472    1152   0.03     132      12      0.00      0.00      0.00       0  |__svlogd
05:39:14    10001      4865         -    0.00    0.00    0.00    0.00    0.00     0      0.00      0.00 1285120   41532   1.04     132      16      0.00      0.00      0.00       0  calico-typha
05:39:14    10001         -      4865    0.00    0.00    0.00    0.00    0.00     0      0.00      0.00 1285120   41532   1.04     132      16      0.00      0.00      0.00       0  |__calico-typha
05:39:14    10001         -      4877    0.00    0.00    0.00    0.50    0.00     1      0.00      0.00 1285120   41532   1.04     132      16      0.00      0.00      0.00       0  |__calico-typha
05:39:14    10001         -      4878    0.00    0.00    0.00    0.00    0.00     1      0.00      0.00 1285120   41532   1.04     132      16      0.00      0.00      0.00       0  |__calico-typha
05:39:14    10001         -      4879    0.00    0.00    0.00    0.00    0.00     1      0.00      0.00 1285120   41532   1.04     132      16      0.00      0.00      0.00       0  |__calico-typha
05:39:14    10001         -      4880    0.00    0.00    0.00    0.00    0.00     1      0.00      0.00 1285120   41532   1.04     132      16      0.00      0.00      0.00       0  |__calico-typha
05:39:14    10001         -      4881    0.00    0.00    0.00    0.00    0.00     1      0.00      0.00 1285120   41532   1.04     132      16      0.00      0.00      0.00       0  |__calico-typha
05:39:14    10001         -      4882    0.00    0.00    0.00    0.00    0.00     0      0.00      0.00 1285120   41532   1.04     132      16      0.00      0.00      0.00       0  |__calico-typha
05:39:14    10001         -      4883    0.00    0.00    0.00    0.00    0.00     0      0.00      0.00 1285120   41532   1.04     132      16      0.00      0.00      0.00       0  |__calico-typha
05:39:14    10001         -     10535    0.00    0.00    0.00    0.00    0.00     0      0.00      0.00 1285120   41532   1.04     132      16      0.00      0.00      0.00       0  |__calico-typha
05:39:14        0      4899         -    1.00    0.50    0.00    0.00    1.50     1      0.00      0.00 2049240   67320   1.68     132      16      0.00      0.00      0.00       0  calico-node
05:39:14        0         -      4899    0.00    0.00    0.00    0.00    0.00     1      0.00      0.00 2049240   67320   1.68     132      16      0.00      0.00      0.00       0  |__calico-node
05:39:14        0         -      4900    0.00    0.00    0.00    2.00    0.00     1      0.00      0.00 2049240   67320   1.68     132      16      0.00      0.00      0.00       0  |__calico-node
05:39:14        0         -      4901    0.00    0.00    0.00    0.00    0.00     0      0.00      0.00 2049240   67320   1.68     132      16      0.00      0.00      0.00       0  |__calico-node
05:39:14        0         -      4902    0.00    0.00    0.00    0.00    0.00     1      0.00      0.00 2049240   67320   1.68     132      16      0.00      0.00      0.00       0  |__calico-node
05:39:14        0         -      4903    0.00    0.00    0.00    0.00    0.00     1      0.00      0.00 2049240   67320   1.68     132      16      0.00      0.00      0.00       0  |__calico-node
05:39:14        0         -      4904    0.00    0.50    0.00    2.00    0.50     1      0.00      0.00 2049240   67320   1.68     132      16      0.00      0.00      0.00       0  |__calico-node
05:39:14        0         -      4941    0.00    0.00    0.00    0.00    0.00     0      0.00      0.00 2049240   67320   1.68     132      16      0.00      0.00      0.00       0  |__calico-node
05:39:14        0         -      4945    0.50    0.00    0.00    0.50    0.50     1      0.00      0.00 2049240   67320   1.68     132      16      0.00      0.00      0.00       0  |__calico-node
05:39:14        0         -      4946    0.00    0.00    0.00    0.00    0.00     1      0.00      0.00 2049240   67320   1.68     132      16      0.00      0.00      0.00       0  |__calico-node
05:39:14        0         -      4947    0.50    0.00    0.00    1.50    0.50     0      0.00      0.00 2049240   67320   1.68     132      16      0.00      0.00      0.00       0  |__calico-node
05:39:14        0      4916         -    0.00    0.00    0.00    0.00    0.00     1      0.00      0.00 1753800   49408   1.23     132      12      0.00      0.00      0.00       0  calico-node
05:39:14        0         -      4916    0.00    0.00    0.00    0.00    0.00     1      0.00      0.00 1753800   49408   1.23     132      12      0.00      0.00      0.00       0  |__calico-node
05:39:14        0         -      4918    0.00    0.00    0.00    0.00    0.00     0      0.00      0.00 1753800   49408   1.23     132      12      0.00      0.00      0.00       0  |__calico-node
05:39:14        0         -      4919    0.00    0.00    0.00    0.00    0.00     1      0.00      0.00 1753800   49408   1.23     132      12      0.00      0.00      0.00       0  |__calico-node
05:39:14        0         -      4920    0.00    0.00    0.00    0.00    0.00     1      0.00      0.00 1753800   49408   1.23     132      12      0.00      0.00      0.00       0  |__calico-node
05:39:14        0         -      4921    0.00    0.00    0.00    0.00    0.00     1      0.00      0.00 1753800   49408   1.23     132      12      0.00      0.00      0.00       0  |__calico-node
05:39:14        0         -      4927    0.00    0.00    0.00    0.00    0.00     0      0.00      0.00 1753800   49408   1.23     132      12      0.00      0.00      0.00       0  |__calico-node
05:39:14        0      4917         -    0.00    0.00    0.00    0.00    0.00     0      0.00      0.00 1753800   50168   1.25     132      12      0.00      0.00      0.00       0  calico-node
05:39:14        0         -      4917    0.00    0.00    0.00    0.00    0.00     0      0.00      0.00 1753800   50168   1.25     132      12      0.00      0.00      0.00       0  |__calico-node
05:39:14        0         -      4922    0.00    0.00    0.00    0.00    0.00     0      0.00      0.00 1753800   50168   1.25     132      12      0.00      0.00      0.00       0  |__calico-node
05:39:14        0         -      4923    0.00    0.00    0.00    0.00    0.00     0      0.00      0.00 1753800   50168   1.25     132      12      0.00      0.00      0.00       0  |__calico-node
05:39:14        0         -      4924    0.00    0.00    0.00    0.00    0.00     1      0.00      0.00 1753800   50168   1.25     132      12      0.00      0.00      0.00       0  |__calico-node
05:39:14        0         -      4925    0.00    0.00    0.00    0.00    0.00     0      0.00      0.00 1753800   50168   1.25     132      12      0.00      0.00      0.00       0  |__calico-node
05:39:14        0         -      4926    0.00    0.00    0.00    0.00    0.00     1      0.00      0.00 1753800   50168   1.25     132      12      0.00      0.00      0.00       0  |__calico-node
05:39:14        0      5104         -    0.00    0.00    0.00    0.00    0.00     0      0.00      0.00 1243420   18140   0.45     132      12      0.00      0.00      0.00       0  containerd-shim
05:39:14        0         -      5104    0.00    0.00    0.00    0.00    0.00     0      0.00      0.00 1243420   18140   0.45     132      12      0.00      0.00      0.00       0  |__containerd-shim
05:39:14        0         -      5106    0.00    0.00    0.00    0.00    0.00     0      0.00      0.00 1243420   18140   0.45     132      12      0.00      0.00      0.00       0  |__containerd-shim
05:39:14        0         -      5107    0.00    0.00    0.00    0.00    0.00     0      0.00      0.00 1243420   18140   0.45     132      12      0.00      0.00      0.00       0  |__containerd-shim
05:39:14        0         -      5108    0.00    0.00    0.00    0.00    0.00     1      0.00      0.00 1243420   18140   0.45     132      12      0.00      0.00      0.00       0  |__containerd-shim
05:39:14        0         -      5109    0.00    0.00    0.00    0.00    0.00     1      0.00      0.00 1243420   18140   0.45     132      12      0.00      0.00      0.00       0  |__containerd-shim
05:39:14        0         -      5110    0.00    0.00    0.00    0.00    0.00     0      0.00      0.00 1243420   18140   0.45     132      12      0.00      0.00      0.00       0  |__containerd-shim
05:39:14        0         -      5112    0.00    0.00    0.00    0.00    0.00     0      0.00      0.00 1243420   18140   0.45     132      12      0.00      0.00      0.00       0  |__containerd-shim
05:39:14        0         -      5113    0.00    0.00    0.00    0.00    0.00     0      0.00      0.00 1243420   18140   0.45     132      12      0.00      0.00      0.00       0  |__containerd-shim
05:39:14        0         -      5114    0.00    0.00    0.00    0.00    0.00     0      0.00      0.00 1243420   18140   0.45     132      12      0.00      0.00      0.00       0  |__containerd-shim
05:39:14        0         -      5138    0.00    0.00    0.00    0.00    0.00     0      0.00      0.00 1243420   18140   0.45     132      12      0.00      0.00      0.00       0  |__containerd-shim
05:39:14        0         -      5140    0.00    0.00    0.00    0.00    0.00     0      0.00      0.00 1243420   18140   0.45     132      12      0.00      0.00      0.00       0  |__containerd-shim
05:39:14        0         -      5146    0.00    0.00    0.00    0.00    0.00     1      0.00      0.00 1243420   18140   0.45     132      12      0.00      0.00      0.00       0  |__containerd-shim
05:39:14        0         -      5955    0.00    0.00    0.00    0.00    0.00     1      0.00      0.00 1243420   18140   0.45     132      12      0.00      0.00      0.00       0  |__containerd-shim
05:39:14    65535      5132         -    0.00    0.00    0.00    0.00    0.00     1      0.00      0.00     972     512   0.01     132       8      0.00      0.00      0.00       0  pause
05:39:14    65535         -      5132    0.00    0.00    0.00    0.00    0.00     1      0.00      0.00     972     512   0.01     132       8      0.00      0.00      0.00       0  |__pause
05:39:14        0      5274         -    0.00    0.00    0.00    0.00    0.00     1      0.00      0.00 1243676   17708   0.44     132      12      0.00      0.00      0.00       0  containerd-shim
05:39:14        0         -      5274    0.00    0.00    0.00    0.00    0.00     1      0.00      0.00 1243676   17708   0.44     132      12      0.00      0.00      0.00       0  |__containerd-shim
05:39:14        0         -      5276    0.00    0.00    0.00    0.00    0.00     0      0.00      0.00 1243676   17708   0.44     132      12      0.00      0.00      0.00       0  |__containerd-shim
05:39:14        0         -      5277    0.00    0.00    0.00    0.00    0.00     1      0.00      0.00 1243676   17708   0.44     132      12      0.00      0.00      0.00       0  |__containerd-shim
05:39:14        0         -      5278    0.00    0.00    0.00    0.00    0.00     0      0.00      0.00 1243676   17708   0.44     132      12      0.00      0.00      0.00       0  |__containerd-shim
05:39:14        0         -      5279    0.00    0.00    0.00    0.00    0.00     1      0.00      0.00 1243676   17708   0.44     132      12      0.00      0.00      0.00       0  |__containerd-shim
05:39:14        0         -      5280    0.00    0.00    0.00    0.00    0.00     1      0.00      0.00 1243676   17708   0.44     132      12      0.00      0.00      0.00       0  |__containerd-shim
05:39:14        0         -      5282    0.00    0.00    0.00    0.00    0.00     0      0.00      0.00 1243676   17708   0.44     132      12      0.00      0.00      0.00       0  |__containerd-shim
05:39:14        0         -      5283    0.00    0.00    0.00    0.00    0.00     1      0.00      0.00 1243676   17708   0.44     132      12      0.00      0.00      0.00       0  |__containerd-shim
05:39:14        0         -      5284    0.00    0.00    0.00    0.00    0.00     1      0.00      0.00 1243676   17708   0.44     132      12      0.00      0.00      0.00       0  |__containerd-shim
05:39:14        0         -      5285    0.00    0.00    0.00    0.00    0.00     1      0.00      0.00 1243676   17708   0.44     132      12      0.00      0.00      0.00       0  |__containerd-shim
05:39:14        0         -      5620    0.00    0.00    0.00    0.00    0.00     0      0.00      0.00 1243676   17708   0.44     132      12      0.00      0.00      0.00       0  |__containerd-shim
05:39:14        0         -      5621    0.00    0.00    0.00    0.00    0.00     0      0.00      0.00 1243676   17708   0.44     132      12      0.00      0.00      0.00       0  |__containerd-shim
05:39:14        0         -     14091    0.00    0.00    0.00    0.00    0.00     0      0.00      0.00 1243676   17708   0.44     132      12      0.00      0.00      0.00       0  |__containerd-shim
05:39:14    65535      5309         -    0.00    0.00    0.00    0.00    0.00     0      0.00      0.00     972     512   0.01     132      16      0.00      0.00      0.00       0  pause
05:39:14    65535         -      5309    0.00    0.00    0.00    0.00    0.00     0      0.00      0.00     972     512   0.01     132      16      0.00      0.00      0.00       0  |__pause
05:39:14        0      5368         -    0.00    0.00    0.00    0.00    0.00     0      0.00      0.00 1243164   17772   0.44     132      16      0.00      0.00      0.00       0  containerd-shim
05:39:14        0         -      5368    0.00    0.00    0.00    0.00    0.00     0      0.00      0.00 1243164   17772   0.44     132      16      0.00      0.00      0.00       0  |__containerd-shim
05:39:14        0         -      5369    0.00    0.00    0.00    0.00    0.00     0      0.00      0.00 1243164   17772   0.44     132      16      0.00      0.00      0.00       0  |__containerd-shim
05:39:14        0         -      5370    0.00    0.00    0.00    0.00    0.00     0      0.00      0.00 1243164   17772   0.44     132      16      0.00      0.00      0.00       0  |__containerd-shim
05:39:14        0         -      5371    0.00    0.00    0.00    0.00    0.00     0      0.00      0.00 1243164   17772   0.44     132      16      0.00      0.00      0.00       0  |__containerd-shim
05:39:14        0         -      5372    0.00    0.00    0.00    0.00    0.00     1      0.00      0.00 1243164   17772   0.44     132      16      0.00      0.00      0.00       0  |__containerd-shim
05:39:14        0         -      5373    0.00    0.00    0.00    0.00    0.00     0      0.00      0.00 1243164   17772   0.44     132      16      0.00      0.00      0.00       0  |__containerd-shim
05:39:14        0         -      5375    0.00    0.00    0.00    0.00    0.00     0      0.00      0.00 1243164   17772   0.44     132      16      0.00      0.00      0.00       0  |__containerd-shim
05:39:14        0         -      5376    0.00    0.00    0.00    0.00    0.00     1      0.00      0.00 1243164   17772   0.44     132      16      0.00      0.00      0.00       0  |__containerd-shim
05:39:14        0         -      5377    0.00    0.00    0.00    0.00    0.00     1      0.00      0.00 1243164   17772   0.44     132      16      0.00      0.00      0.00       0  |__containerd-shim
05:39:14        0         -      5428    0.00    0.00    0.00    0.00    0.00     1      0.00      0.00 1243164   17772   0.44     132      16      0.00      0.00      0.00       0  |__containerd-shim
05:39:14        0         -      5430    0.00    0.00    0.00    0.00    0.00     0      0.00      0.00 1243164   17772   0.44     132      16      0.00      0.00      0.00       0  |__containerd-shim
05:39:14        0         -      5720    0.00    0.00    0.00    0.00    0.00     0      0.00      0.00 1243164   17772   0.44     132      16      0.00      0.00      0.00       0  |__containerd-shim
05:39:14        0         -      7324    0.00    0.00    0.00    0.00    0.00     1      0.00      0.00 1243164   17772   0.44     132      16      0.00      0.00      0.00       0  |__containerd-shim
05:39:14    65535      5394         -    0.00    0.00    0.00    0.00    0.00     0      0.00      0.00     972     512   0.01     132       4      0.00      0.00      0.00       0  pause
05:39:14    65535         -      5394    0.00    0.00    0.00    0.00    0.00     0      0.00      0.00     972     512   0.01     132       4      0.00      0.00      0.00       0  |__pause
05:39:14      999      5521         -    0.00    0.00    0.00    0.00    0.00     1      0.00      0.00 1242220    2176   0.05     132      16      0.00      0.00      0.00       0  wrapper
05:39:14      999         -      5521    0.00    0.00    0.00    0.00    0.00     1      0.00      0.00 1242220    2176   0.05     132      16      0.00      0.00      0.00       0  |__wrapper
05:39:14      999         -      5533    0.00    0.00    0.00    0.00    0.00     0      0.00      0.00 1242220    2176   0.05     132      16      0.00      0.00      0.00       0  |__wrapper
05:39:14      999         -      5534    0.00    0.00    0.00    0.00    0.00     0      0.00      0.00 1242220    2176   0.05     132      16      0.00      0.00      0.00       0  |__wrapper
05:39:14      999         -      5535    0.00    0.00    0.00    0.00    0.00     0      0.00      0.00 1242220    2176   0.05     132      16      0.00      0.00      0.00       0  |__wrapper
05:39:14      999         -      5536    0.00    0.00    0.00    0.00    0.00     1      0.00      0.00 1242220    2176   0.05     132      16      0.00      0.00      0.00       0  |__wrapper
05:39:14      999         -      5537    0.00    0.00    0.00    0.00    0.00     1      0.00      0.00 1242220    2176   0.05     132      16      0.00      0.00      0.00       0  |__wrapper
05:39:14      999         -      5538    0.00    0.00    0.00    0.00    0.00     1      0.00      0.00 1242220    2176   0.05     132      16      0.00      0.00      0.00       0  |__wrapper
05:39:14      999      5540         -    0.00    0.50    0.00    0.00    0.50     1      0.00      0.00 1288820   30988   0.77     132      16      0.00      0.00      0.00       0  kube-controller
05:39:14      999         -      5540    0.00    0.00    0.00    0.00    0.00     1      0.00      0.00 1288820   30988   0.77     132      16      0.00      0.00      0.00       0  |__kube-controller
05:39:14      999         -      5541    0.00    0.00    0.00    0.00    0.00     1      0.00      0.00 1288820   30988   0.77     132      16      0.00      0.00      0.00       0  |__kube-controller
05:39:14      999         -      5542    0.00    0.00    0.00    0.00    0.00     0      0.00      0.00 1288820   30988   0.77     132      16      0.00      0.00      0.00       0  |__kube-controller
05:39:14      999         -      5543    0.00    0.00    0.00    0.00    0.00     1      0.00      0.00 1288820   30988   0.77     132      16      0.00      0.00      0.00       0  |__kube-controller
05:39:14      999         -      5544    0.00    0.00    0.00    0.00    0.00     1      0.00      0.00 1288820   30988   0.77     132      16      0.00      0.00      0.00       0  |__kube-controller
05:39:14        0      5606         -    0.00    0.00    0.00    0.00    0.00     1      0.00      0.00 1275800   17428   0.43     132      12      0.00      0.00      0.00       0  cluster-proport
05:39:14        0         -      5606    0.00    0.00    0.00    0.00    0.00     1      0.00      0.00 1275800   17428   0.43     132      12      0.00      0.00      0.00       0  |__cluster-proport
05:39:14        0         -      5622    0.00    0.00    0.00    0.00    0.00     1      0.00      0.00 1275800   17428   0.43     132      12      0.00      0.00      0.00       0  |__cluster-proport
05:39:14        0         -      5623    0.00    0.00    0.00    0.00    0.00     1      0.00      0.00 1275800   17428   0.43     132      12      0.00      0.00      0.00       0  |__cluster-proport
05:39:14        0         -      5624    0.00    0.00    0.00    0.00    0.00     0      0.00      0.00 1275800   17428   0.43     132      12      0.00      0.00      0.00       0  |__cluster-proport
05:39:14        0         -      5625    0.00    0.00    0.00    0.00    0.00     1      0.00      0.00 1275800   17428   0.43     132      12      0.00      0.00      0.00       0  |__cluster-proport
05:39:14        0         -      5626    0.00    0.00    0.00    0.00    0.00     0      0.00      0.00 1275800   17428   0.43     132      12      0.00      0.00      0.00       0  |__cluster-proport
05:39:14        0      5640         -    0.00    0.00    0.00    0.00    0.00     1      0.50      0.00 1305692   23936   0.60     132      16      0.00      0.00      0.00       0  coredns
05:39:14        0         -      5640    0.00    0.00    0.00    0.00    0.00     1      0.00      0.00 1305692   23936   0.60     132      16      0.00      0.00      0.00       0  |__coredns
05:39:14        0         -      5651    0.00    0.00    0.00    0.00    0.00     0      0.00      0.00 1305692   23936   0.60     132      16      0.00      0.00      0.00       0  |__coredns
05:39:14        0         -      5652    0.00    0.00    0.00    0.00    0.00     0      0.00      0.00 1305692   23936   0.60     132      16      0.00      0.00      0.00       0  |__coredns
05:39:14        0         -      5653    0.00    0.00    0.00    0.00    0.00     0      0.00      0.00 1305692   23936   0.60     132      16      0.00      0.00      0.00       0  |__coredns
05:39:14        0         -      5654    0.00    0.00    0.00    0.00    0.00     0      0.00      0.00 1305692   23936   0.60     132      16      0.00      0.00      0.00       0  |__coredns
05:39:14        0         -      5655    0.00    0.00    0.00    0.00    0.00     1      0.50      0.00 1305692   23936   0.60     132      16      0.00      0.00      0.00       0  |__coredns
05:39:14        0         -      6319    0.00    0.00    0.00    0.00    0.00     1      0.00      0.00 1305692   23936   0.60     132      16      0.00      0.00      0.00       0  |__coredns
05:39:14        0      8231         -    0.00    0.00    0.00    0.00    0.00     0      0.00      0.00 1243420   17684   0.44     132      16      0.00      0.00      0.00       0  containerd-shim
05:39:14        0         -      8231    0.00    0.00    0.00    0.00    0.00     0      0.00      0.00 1243420   17684   0.44     132      16      0.00      0.00      0.00       0  |__containerd-shim
05:39:14        0         -      8232    0.00    0.00    0.00    0.00    0.00     0      0.00      0.00 1243420   17684   0.44     132      16      0.00      0.00      0.00       0  |__containerd-shim
05:39:14        0         -      8233    0.00    0.00    0.00    0.00    0.00     1      0.00      0.00 1243420   17684   0.44     132      16      0.00      0.00      0.00       0  |__containerd-shim
05:39:14        0         -      8234    0.00    0.00    0.00    0.00    0.00     1      0.00      0.00 1243420   17684   0.44     132      16      0.00      0.00      0.00       0  |__containerd-shim
05:39:14        0         -      8235    0.00    0.00    0.00    0.00    0.00     1      0.00      0.00 1243420   17684   0.44     132      16      0.00      0.00      0.00       0  |__containerd-shim
05:39:14        0         -      8236    0.00    0.00    0.00    0.00    0.00     1      0.00      0.00 1243420   17684   0.44     132      16      0.00      0.00      0.00       0  |__containerd-shim
05:39:14        0         -      8240    0.00    0.00    0.00    0.00    0.00     1      0.00      0.00 1243420   17684   0.44     132      16      0.00      0.00      0.00       0  |__containerd-shim
05:39:14        0         -      8241    0.00    0.00    0.00    0.00    0.00     0      0.00      0.00 1243420   17684   0.44     132      16      0.00      0.00      0.00       0  |__containerd-shim
05:39:14        0         -      8242    0.00    0.00    0.00    0.00    0.00     1      0.00      0.00 1243420   17684   0.44     132      16      0.00      0.00      0.00       0  |__containerd-shim
05:39:14        0         -      8269    0.00    0.00    0.00    0.00    0.00     1      0.00      0.00 1243420   17684   0.44     132      16      0.00      0.00      0.00       0  |__containerd-shim
05:39:14        0         -      8295    0.00    0.00    0.00    0.00    0.00     1      0.00      0.00 1243420   17684   0.44     132      16      0.00      0.00      0.00       0  |__containerd-shim
05:39:14        0         -      8296    0.00    0.00    0.00    0.00    0.00     0      0.00      0.00 1243420   17684   0.44     132      16      0.00      0.00      0.00       0  |__containerd-shim
05:39:14        0         -      8527    0.00    0.00    0.00    0.00    0.00     0      0.00      0.00 1243420   17684   0.44     132      16      0.00      0.00      0.00       0  |__containerd-shim
05:39:14    65535      8260         -    0.00    0.00    0.00    0.00    0.00     1      0.00      0.00     972     512   0.01     132      12      0.00      0.00      0.00       0  pause
05:39:14    65535         -      8260    0.00    0.00    0.00    0.00    0.00     1      0.00      0.00     972     512   0.01     132      12      0.00      0.00      0.00       0  |__pause
05:39:14        0      8288         -    0.00    0.00    0.00    0.00    0.00     0      0.00      0.00    2684     256   0.01     132      16      0.00      0.00      0.00       0  tini
05:39:14        0         -      8288    0.00    0.00    0.00    0.00    0.00     0      0.00      0.00    2684     256   0.01     132      16      0.00      0.00      0.00       0  |__tini
05:39:14        0      8352         -    1.00    1.00    0.00    0.00    2.00     0     23.00      0.00 1702952  289852   7.23     132      16      0.00     68.00      0.00       0  agent
05:39:14        0         -      8352    0.00    0.00    0.00    0.00    0.00     0      0.00      0.00 1702952  289852   7.23     132      16      0.00      0.00      0.00       0  |__agent
05:39:14        0         -      8353    0.00    0.50    0.00    1.50    0.50     1      0.00      0.00 1702952  289852   7.23     132      16      0.00      0.00      0.00       0  |__agent
05:39:14        0         -      8354    0.00    0.50    0.00    1.00    0.50     1      0.00      0.00 1702952  289852   7.23     132      16      0.00      0.00      0.00       0  |__agent
05:39:14        0         -      8355    0.00    0.00    0.00    0.00    0.00     1      0.00      0.00 1702952  289852   7.23     132      16      0.00      0.00      0.00       0  |__agent
05:39:14        0         -      8367    0.50    0.50    0.00    1.00    1.00     1     23.00      0.00 1702952  289852   7.23     132      16      0.00     68.00      0.00       0  |__agent
05:39:14        0         -      8368    0.00    0.00    0.00    0.00    0.00     1      0.00      0.00 1702952  289852   7.23     132      16      0.00      0.00      0.00       0  |__agent
05:39:14        0         -      8381    0.00    0.00    0.00    0.00    0.00     1      0.00      0.00 1702952  289852   7.23     132      16      0.00      0.00      0.00       0  |__agent
05:39:14        0         -      8382    0.00    0.00    0.00    0.00    0.00     0      0.00      0.00 1702952  289852   7.23     132      16      0.00      0.00      0.00       0  |__agent
05:39:14        0         -      8530    0.00    0.00    0.00    0.00    0.00     0      0.00      0.00 1702952  289852   7.23     132      16      0.00      0.00      0.00       0  |__agent
05:39:14        0         -      8555    0.00    0.00    0.00    0.00    0.00     0      0.00      0.00 1702952  289852   7.23     132      16      0.00      0.00      0.00       0  |__agent
05:39:14        0         -      8557    0.00    0.00    0.00    0.00    0.00     1      0.00      0.00 1702952  289852   7.23     132      16      0.00      0.00      0.00       0  |__agent
05:39:14        0         -      8558    0.00    0.50    0.00    1.50    0.50     1      0.00      0.00 1702952  289852   7.23     132      16      0.00      0.00      0.00       0  |__agent
05:39:14        0      9277         -    0.00    0.00    0.00    0.00    0.00     0      0.00      0.00 1243420   17856   0.45     132      16      0.00      0.00      0.00       0  containerd-shim
05:39:14        0         -      9277    0.00    0.00    0.00    0.00    0.00     0      0.00      0.00 1243420   17856   0.45     132      16      0.00      0.00      0.00       0  |__containerd-shim
05:39:14        0         -      9280    0.00    0.00    0.00    0.00    0.00     1      0.00      0.00 1243420   17856   0.45     132      16      0.00      0.00      0.00       0  |__containerd-shim
05:39:14        0         -      9281    0.00    0.00    0.00    0.00    0.00     1      0.00      0.00 1243420   17856   0.45     132      16      0.00      0.00      0.00       0  |__containerd-shim
05:39:14        0         -      9283    0.00    0.00    0.00    0.00    0.00     1      0.00      0.00 1243420   17856   0.45     132      16      0.00      0.00      0.00       0  |__containerd-shim
05:39:14        0         -      9284    0.00    0.00    0.00    0.00    0.00     1      0.00      0.00 1243420   17856   0.45     132      16      0.00      0.00      0.00       0  |__containerd-shim
05:39:14        0         -      9285    0.00    0.00    0.00    0.00    0.00     1      0.00      0.00 1243420   17856   0.45     132      16      0.00      0.00      0.00       0  |__containerd-shim
05:39:14        0         -      9287    0.00    0.00    0.00    0.00    0.00     1      0.00      0.00 1243420   17856   0.45     132      16      0.00      0.00      0.00       0  |__containerd-shim
05:39:14        0         -      9288    0.00    0.00    0.00    0.00    0.00     1      0.00      0.00 1243420   17856   0.45     132      16      0.00      0.00      0.00       0  |__containerd-shim
05:39:14        0         -      9289    0.00    0.00    0.00    0.00    0.00     0      0.00      0.00 1243420   17856   0.45     132      16      0.00      0.00      0.00       0  |__containerd-shim
05:39:14        0         -      9290    0.00    0.00    0.00    0.00    0.00     1      0.00      0.00 1243420   17856   0.45     132      16      0.00      0.00      0.00       0  |__containerd-shim
05:39:14        0         -      9318    0.00    0.00    0.00    0.00    0.00     1      0.00      0.00 1243420   17856   0.45     132      16      0.00      0.00      0.00       0  |__containerd-shim
05:39:14        0         -      9349    0.00    0.00    0.00    0.00    0.00     0      0.00      0.00 1243420   17856   0.45     132      16      0.00      0.00      0.00       0  |__containerd-shim
05:39:14        0         -     14954    0.00    0.00    0.00    0.00    0.00     1      0.00      0.00 1243420   17856   0.45     132      16      0.00      0.00      0.00       0  |__containerd-shim
05:39:14    65535      9311         -    0.00    0.00    0.00    0.00    0.00     0      0.00      0.00     972     512   0.01     132      12      0.00      0.00      0.00       0  pause
05:39:14    65535         -      9311    0.00    0.00    0.00    0.00    0.00     0      0.00      0.00     972     512   0.01     132      12      0.00      0.00      0.00       0  |__pause
05:39:14        0      9336         -    0.00    0.00    0.00    0.00    0.00     1      0.00      0.00    2684     128   0.00     132       8      0.00      0.00      0.00       0  tini
05:39:14        0         -      9336    0.00    0.00    0.00    0.00    0.00     1      0.00      0.00    2684     128   0.00     132       8      0.00      0.00      0.00       0  |__tini
05:39:14        0      9401         -    0.50    0.50    0.00    0.00    1.00     0      0.00      0.00 1634640  224960   5.61     132      16      0.00      0.00      0.00       0  agent
05:39:14        0         -      9401    0.00    0.00    0.00    0.00    0.00     0      0.00      0.00 1634640  224960   5.61     132      16      0.00      0.00      0.00       0  |__agent
05:39:14        0         -      9402    0.00    0.50    0.00    2.50    0.50     1      0.00      0.00 1634640  224960   5.61     132      16      0.00      0.00      0.00       0  |__agent
05:39:14        0         -      9403    0.00    0.00    0.00    0.00    0.00     0      0.00      0.00 1634640  224960   5.61     132      16      0.00      0.00      0.00       0  |__agent
05:39:14        0         -      9404    0.00    0.00    0.00    0.00    0.00     1      0.00      0.00 1634640  224960   5.61     132      16      0.00      0.00      0.00       0  |__agent
05:39:14        0         -      9405    0.00    0.00    0.00    0.00    0.00     1      0.00      0.00 1634640  224960   5.61     132      16      0.00      0.00      0.00       0  |__agent
05:39:14        0         -      9414    0.00    0.00    0.00    0.00    0.00     0      0.00      0.00 1634640  224960   5.61     132      16      0.00      0.00      0.00       0  |__agent
05:39:14        0         -      9415    0.50    0.00    0.00    1.00    0.50     1      0.00      0.00 1634640  224960   5.61     132      16      0.00      0.00      0.00       0  |__agent
05:39:14        0         -      9416    0.00    0.00    0.00    0.00    0.00     0      0.00      0.00 1634640  224960   5.61     132      16      0.00      0.00      0.00       0  |__agent
05:39:14        0         -      9553    0.00    0.50    0.00    2.50    0.50     1      0.00      0.00 1634640  224960   5.61     132      16      0.00      0.00      0.00       0  |__agent
05:39:14        0         -      9554    0.00    0.00    0.00    1.50    0.00     1      0.00      0.00 1634640  224960   5.61     132      16      0.00      0.00      0.00       0  |__agent
05:39:14        0      9690         -    0.00    0.00    0.00    0.00    0.00     0      0.00      0.00 1243164   17708   0.44     132      16      0.00      0.00      0.00       0  containerd-shim
05:39:14        0         -      9690    0.00    0.00    0.00    0.00    0.00     0      0.00      0.00 1243164   17708   0.44     132      16      0.00      0.00      0.00       0  |__containerd-shim
05:39:14        0         -      9691    0.00    0.00    0.00    0.00    0.00     1      0.00      0.00 1243164   17708   0.44     132      16      0.00      0.00      0.00       0  |__containerd-shim
05:39:14        0         -      9692    0.00    0.00    0.00    0.00    0.00     1      0.00      0.00 1243164   17708   0.44     132      16      0.00      0.00      0.00       0  |__containerd-shim
05:39:14        0         -      9693    0.00    0.00    0.00    0.00    0.00     1      0.00      0.00 1243164   17708   0.44     132      16      0.00      0.00      0.00       0  |__containerd-shim
05:39:14        0         -      9694    0.00    0.00    0.00    0.00    0.00     1      0.00      0.00 1243164   17708   0.44     132      16      0.00      0.00      0.00       0  |__containerd-shim
05:39:14        0         -      9695    0.00    0.00    0.00    0.00    0.00     1      0.00      0.00 1243164   17708   0.44     132      16      0.00      0.00      0.00       0  |__containerd-shim
05:39:14        0         -      9696    0.00    0.00    0.00    0.00    0.00     1      0.00      0.00 1243164   17708   0.44     132      16      0.00      0.00      0.00       0  |__containerd-shim
05:39:14        0         -      9697    0.00    0.00    0.00    0.00    0.00     1      0.00      0.00 1243164   17708   0.44     132      16      0.00      0.00      0.00       0  |__containerd-shim
05:39:14        0         -      9698    0.00    0.00    0.00    0.00    0.00     0      0.00      0.00 1243164   17708   0.44     132      16      0.00      0.00      0.00       0  |__containerd-shim
05:39:14        0         -      9724    0.00    0.00    0.00    0.00    0.00     1      0.00      0.00 1243164   17708   0.44     132      16      0.00      0.00      0.00       0  |__containerd-shim
05:39:14        0         -      9725    0.00    0.00    0.00    0.00    0.00     1      0.00      0.00 1243164   17708   0.44     132      16      0.00      0.00      0.00       0  |__containerd-shim
05:39:14        0         -      9894    0.00    0.00    0.00    0.00    0.00     0      0.00      0.00 1243164   17708   0.44     132      16      0.00      0.00      0.00       0  |__containerd-shim
05:39:14        0         -      9895    0.00    0.00    0.00    0.00    0.00     0      0.00      0.00 1243164   17708   0.44     132      16      0.00      0.00      0.00       0  |__containerd-shim
05:39:14    65535      9713         -    0.00    0.00    0.00    0.00    0.00     1      0.00      0.00     972     512   0.01     132      16      0.00      0.00      0.00       0  pause
05:39:14    65535         -      9713    0.00    0.00    0.00    0.00    0.00     1      0.00      0.00     972     512   0.01     132      16      0.00      0.00      0.00       0  |__pause
05:39:14     1000      9799         -    0.00    0.50    0.00    0.00    0.50     1      0.00      0.00 1285008   60876   1.52     132       4      0.00      0.00      0.00       0  webhook
05:39:14     1000         -      9799    0.00    0.00    0.00    0.00    0.00     1      0.00      0.00 1285008   60876   1.52     132       4      0.00      0.00      0.00       0  |__webhook
05:39:14     1000         -      9811    0.00    0.00    0.00    0.50    0.00     1      0.00      0.00 1285008   60876   1.52     132       4      0.00      0.00      0.00       0  |__webhook
05:39:14     1000         -      9812    0.00    0.00    0.00    0.50    0.00     1      0.00      0.00 1285008   60876   1.52     132       4      0.00      0.00      0.00       0  |__webhook
05:39:14     1000         -      9813    0.00    0.00    0.00    0.00    0.00     1      0.00      0.00 1285008   60876   1.52     132       4      0.00      0.00      0.00       0  |__webhook
05:39:14     1000         -      9814    0.00    0.00    0.00    0.00    0.00     0      0.00      0.00 1285008   60876   1.52     132       4      0.00      0.00      0.00       0  |__webhook
05:39:14     1000         -      9815    0.00    0.00    0.00    0.00    0.00     0      0.00      0.00 1285008   60876   1.52     132       4      0.00      0.00      0.00       0  |__webhook
05:39:14     1000         -      9816    0.00    0.00    0.00    0.00    0.00     1      0.00      0.00 1285008   60876   1.52     132       4      0.00      0.00      0.00       0  |__webhook
05:39:14     1000         -      9817    0.00    0.00    0.00    0.00    0.00     0      0.00      0.00 1285008   60876   1.52     132       4      0.00      0.00      0.00       0  |__webhook
05:39:14        0     10450         -    0.00    0.00    0.00    0.00    0.00     1      0.00      0.00 1243420   17792   0.44     132      16      0.00      0.00      0.00       0  containerd-shim
05:39:14        0         -     10450    0.00    0.00    0.00    0.00    0.00     1      0.00      0.00 1243420   17792   0.44     132      16      0.00      0.00      0.00       0  |__containerd-shim
05:39:14        0         -     10452    0.00    0.00    0.00    0.00    0.00     1      0.00      0.00 1243420   17792   0.44     132      16      0.00      0.00      0.00       0  |__containerd-shim
05:39:14        0         -     10453    0.00    0.00    0.00    0.00    0.00     1      0.00      0.00 1243420   17792   0.44     132      16      0.00      0.00      0.00       0  |__containerd-shim
05:39:14        0         -     10454    0.00    0.00    0.00    0.00    0.00     1      0.00      0.00 1243420   17792   0.44     132      16      0.00      0.00      0.00       0  |__containerd-shim
05:39:14        0         -     10455    0.00    0.00    0.00    0.00    0.00     0      0.00      0.00 1243420   17792   0.44     132      16      0.00      0.00      0.00       0  |__containerd-shim
05:39:14        0         -     10456    0.00    0.00    0.00    0.00    0.00     1      0.00      0.00 1243420   17792   0.44     132      16      0.00      0.00      0.00       0  |__containerd-shim
05:39:14        0         -     10457    0.00    0.00    0.00    0.00    0.00     0      0.00      0.00 1243420   17792   0.44     132      16      0.00      0.00      0.00       0  |__containerd-shim
05:39:14        0         -     10458    0.00    0.00    0.00    0.00    0.00     0      0.00      0.00 1243420   17792   0.44     132      16      0.00      0.00      0.00       0  |__containerd-shim
05:39:14        0         -     10459    0.00    0.00    0.00    0.00    0.00     0      0.00      0.00 1243420   17792   0.44     132      16      0.00      0.00      0.00       0  |__containerd-shim
05:39:14        0         -     10460    0.00    0.00    0.00    0.00    0.00     0      0.00      0.00 1243420   17792   0.44     132      16      0.00      0.00      0.00       0  |__containerd-shim
05:39:14        0         -     10623    0.00    0.00    0.00    0.00    0.00     0      0.00      0.00 1243420   17792   0.44     132      16      0.00      0.00      0.00       0  |__containerd-shim
05:39:14        0         -     11272    0.00    0.00    0.00    0.00    0.00     1      0.00      0.00 1243420   17792   0.44     132      16      0.00      0.00      0.00       0  |__containerd-shim
05:39:14        0         -     13434    0.00    0.00    0.00    0.00    0.00     0      0.00      0.00 1243420   17792   0.44     132      16      0.00      0.00      0.00       0  |__containerd-shim
05:39:14    65535     10476         -    0.00    0.00    0.00    0.00    0.00     0      0.00      0.00     972     512   0.01     132       8      0.00      0.00      0.00       0  pause
05:39:14    65535         -     10476    0.00    0.00    0.00    0.00    0.00     0      0.00      0.00     972     512   0.01     132       8      0.00      0.00      0.00       0  |__pause
05:39:14    65534     10609         -    0.00    0.00    0.00    0.00    0.00     0      0.00      0.00 1276068   48352   1.21     132      16      0.00      0.00      0.00       0  system-upgrade-
05:39:14    65534         -     10609    0.00    0.00    0.00    0.00    0.00     0      0.00      0.00 1276068   48352   1.21     132      16      0.00      0.00      0.00       0  |__system-upgrade-
05:39:14    65534         -     10624    0.00    0.00    0.00    0.50    0.00     1      0.00      0.00 1276068   48352   1.21     132      16      0.00      0.00      0.00       0  |__system-upgrade-
05:39:14    65534         -     10625    0.00    0.00    0.00    0.00    0.00     0      0.00      0.00 1276068   48352   1.21     132      16      0.00      0.00      0.00       0  |__system-upgrade-
05:39:14    65534         -     10626    0.00    0.00    0.00    0.00    0.00     0      0.00      0.00 1276068   48352   1.21     132      16      0.00      0.00      0.00       0  |__system-upgrade-
05:39:14    65534         -     10627    0.00    0.00    0.00    0.00    0.00     1      0.00      0.00 1276068   48352   1.21     132      16      0.00      0.00      0.00       0  |__system-upgrade-
05:39:14    65534         -     10628    0.00    0.00    0.00    0.00    0.00     1      0.00      0.00 1276068   48352   1.21     132      16      0.00      0.00      0.00       0  |__system-upgrade-
05:39:14    65534         -     10629    0.00    0.00    0.00    0.00    0.00     1      0.00      0.00 1276068   48352   1.21     132      16      0.00      0.00      0.00       0  |__system-upgrade-
05:39:14    65534         -     10630    0.00    0.00    0.00    0.50    0.00     1      0.00      0.00 1276068   48352   1.21     132      16      0.00      0.00      0.00       0  |__system-upgrade-
05:39:14    65534         -     10631    0.00    0.00    0.00    0.00    0.00     1      0.00      0.00 1276068   48352   1.21     132      16      0.00      0.00      0.00       0  |__system-upgrade-
05:39:14        0     11033         -    0.50    0.00    0.00    0.00    0.50     0      0.00      0.00 1284552   38408   0.96     132      16      0.00      2.00      2.00       0  rancher-system-
05:39:14        0         -     11033    0.00    0.00    0.00    0.00    0.00     0      0.00      0.00 1284552   38408   0.96     132      16      0.00      0.00      0.00       0  |__rancher-system-
05:39:14        0         -     11036    0.00    0.00    0.00    0.00    0.00     0      0.00      0.00 1284552   38408   0.96     132      16      0.00      0.00      0.00       0  |__rancher-system-
05:39:14        0         -     11037    0.50    0.00    0.00    0.50    0.50     1      0.00      0.00 1284552   38408   0.96     132      16      0.00      0.00      0.00       0  |__rancher-system-
05:39:14        0         -     11038    0.00    0.00    0.00    0.00    0.00     0      0.00      0.00 1284552   38408   0.96     132      16      0.00      0.00      0.00       0  |__rancher-system-
05:39:14        0         -     11045    0.00    0.00    0.00    0.00    0.00     0      0.00      0.00 1284552   38408   0.96     132      16      0.00      0.00      0.00       0  |__rancher-system-
05:39:14        0         -     11058    0.00    0.00    0.00    0.00    0.00     1      0.00      0.00 1284552   38408   0.96     132      16      0.00      0.00      0.00       0  |__rancher-system-
05:39:14        0         -     11059    0.00    0.00    0.00    0.00    0.00     0      0.00      0.00 1284552   38408   0.96     132      16      0.00      0.00      0.00       0  |__rancher-system-
05:39:14        0         -     11062    0.00    0.00    0.00    0.00    0.00     1      0.00      0.00 1284552   38408   0.96     132      16      0.00      0.00      0.00       0  |__rancher-system-
05:39:14        0         -     14858    0.00    0.50    0.00    0.50    0.50     0      0.00      0.00 1284552   38408   0.96     132      16      0.00      2.00      2.00       0  |__rancher-system-
05:39:14        0     11440         -    0.00    0.00    0.00    0.00    0.00     1      0.00      0.00       0       0   0.00       0       0      0.00      0.00      0.00       0  psimon
05:39:14        0         -     11440    0.00    0.00    0.00    0.00    0.00     1      0.00      0.00       0       0   0.00       0       0      0.00      0.00      0.00       0  |__psimon
05:39:14        0     14766         -    0.00    0.00    0.00    0.00    0.00     1      0.00      0.00       0       0   0.00       0       0      0.00      0.00      0.00       0  kworker/u6:0-events_power_efficient
05:39:14        0         -     14766    0.00    0.00    0.00    0.00    0.00     1      0.00      0.00       0       0   0.00       0       0      0.00      0.00      0.00       0  |__kworker/u6:0-events_power_efficient
05:39:14        0     17634         -    0.00    0.00    0.00    0.00    0.00     1      0.00      0.00       0       0   0.00       0       0      0.00      0.00      0.00       0  kworker/1:1-events
05:39:14        0         -     17634    0.00    0.00    0.00    0.00    0.00     1      0.00      0.00       0       0   0.00       0       0      0.00      0.00      0.00       0  |__kworker/1:1-events
05:39:14        0     17998         -    0.00    0.00    0.00    0.00    0.00     1      0.00      0.00   12020    8064   0.20     132      44      0.00      0.00      0.00       0  sshd
05:39:14        0         -     17998    0.00    0.00    0.00    0.00    0.00     1      0.00      0.00   12020    8064   0.20     132      44      0.00      0.00      0.00       0  |__sshd
05:39:14        0     17999         -    0.00    0.00    0.00    0.00    0.00     0      0.00      0.00   14972   10368   0.26     272     272      0.00      0.00      0.00       0  sshd
05:39:14        0         -     17999    0.00    0.00    0.00    0.00    0.00     0      0.00      0.00   14972   10368   0.26     272     272      0.00      0.00      0.00       0  |__sshd
05:39:14        0     18003         -    0.00    0.00    0.00    0.00    0.00     1      0.00      0.00       0       0   0.00       0       0      0.00      0.00      0.00       0  kworker/u6:1-writeback
05:39:14        0         -     18003    0.00    0.00    0.00    0.00    0.00     1      0.00      0.00       0       0   0.00       0       0      0.00      0.00      0.00       0  |__kworker/u6:1-writeback
05:39:14        0     18004         -    0.00    0.00    0.00    0.00    0.00     0      0.00      0.00   20812   11392   0.28     132      24      0.00      0.00      0.00       0  systemd
05:39:14        0         -     18004    0.00    0.00    0.00    0.00    0.00     0      0.00      0.00   20812   11392   0.28     132      24      0.00      0.00      0.00       0  |__systemd
05:39:14        0     18006         -    0.00    0.00    0.00    0.00    0.00     0      0.00      0.00   21156    3376   0.08     276      12      0.00      0.00      0.00       0  (sd-pam)
05:39:14        0         -     18006    0.00    0.00    0.00    0.00    0.00     0      0.00      0.00   21156    3376   0.08     276      12      0.00      0.00      0.00       0  |__(sd-pam)
05:39:14        0     18011         -    0.00    0.00    0.00    0.00    0.00     1      0.00      0.00       0       0   0.00       0       0      0.00      0.00      0.00       0  psimon
05:39:14        0         -     18011    0.00    0.00    0.00    0.00    0.00     1      0.00      0.00       0       0   0.00       0       0      0.00      0.00      0.00       0  |__psimon
05:39:14        0     18187         -    0.00    0.00    0.00    0.00    0.00     0      0.00      0.00    9192    5376   0.13     132     112      0.00      0.00      0.00       0  bash
05:39:14        0         -     18187    0.00    0.00    0.00    0.00    0.00     0      0.00      0.00    9192    5376   0.13     132     112      0.00      0.00      0.00       0  |__bash
05:39:14        0     19879         -    0.00    0.00    0.00    0.00    0.00     0      0.00      0.00       0       0   0.00       0       0      0.00      0.00      0.00       0  kworker/0:1-events
05:39:14        0         -     19879    0.00    0.00    0.00    0.00    0.00     0      0.00      0.00       0       0   0.00       0       0      0.00      0.00      0.00       0  |__kworker/0:1-events
05:39:14        0     24389         -    0.00    0.00    0.00    0.00    0.00     1      0.00      0.00       0       0   0.00       0       0      0.00      0.00      0.00       0  kworker/u6:3-writeback
05:39:14        0         -     24389    0.00    0.00    0.00    0.00    0.00     1      0.00      0.00       0       0   0.00       0       0      0.00      0.00      0.00       0  |__kworker/u6:3-writeback
05:39:14        0     25859         -    0.00    0.00    0.00    0.00    0.00     1      0.00      0.00       0       0   0.00       0       0      0.00      0.00      0.00       0  kworker/1:0-events
05:39:14        0         -     25859    0.00    0.00    0.00    0.00    0.00     1      0.00      0.00       0       0   0.00       0       0      0.00      0.00      0.00       0  |__kworker/1:0-events
05:39:14        0     25863         -    0.00    0.00    0.00    0.00    0.00     0      0.00      0.00       0       0   0.00       0       0      0.00      0.00      0.00       0  kworker/0:0-events
05:39:14        0         -     25863    0.00    0.00    0.00    0.00    0.00     0      0.00      0.00       0       0   0.00       0       0      0.00      0.00      0.00       0  |__kworker/0:0-events
05:39:14        0     26191         -    0.00    0.00    0.00    0.00    0.00     0      0.00      0.00       0       0   0.00       0       0      0.00      0.00      0.00       0  kworker/u5:3-events_power_efficient
05:39:14        0         -     26191    0.00    0.00    0.00    0.00    0.00     0      0.00      0.00       0       0   0.00       0       0      0.00      0.00      0.00       0  |__kworker/u5:3-events_power_efficient
05:39:14        0     27143         -    0.00    0.00    0.00    0.00    0.00     0      0.00      0.00       0       0   0.00       0       0      0.00      0.00      0.00       0  kworker/u5:4-flush-253:0
05:39:14        0         -     27143    0.00    0.00    0.00    0.00    0.00     0      0.00      0.00       0       0   0.00       0       0      0.00      0.00      0.00       0  |__kworker/u5:4-flush-253:0
05:39:14        0     27359         -    0.00    0.00    0.00    0.00    0.00     1      0.00      0.00    8944    4736   0.12     132      24      0.00      0.00      0.00       0  bash
05:39:14        0         -     27359    0.00    0.00    0.00    0.00    0.00     1      0.00      0.00    8944    4736   0.12     132      24      0.00      0.00      0.00       0  |__bash
05:39:14        0     27587         -    4.50   29.00    0.00    2.50   33.50     0      0.00      0.00   10168    9216   0.23     132      20      0.00     78.00      0.00       0  pidstat
05:39:14        0         -     27587    4.50   28.50    0.00    2.50   33.00     0      0.00      0.00   10168    9216   0.23     132      20      0.00     78.00      0.00       0  |__pidstat

# Time        UID      TGID       TID    %usr %system  %guest   %wait    %CPU   CPU  minflt/s  majflt/s     VSZ     RSS   %MEM StkSize  StkRef   kB_rd/s   kB_wr/s kB_ccwr/s iodelay  Command
05:39:16        0         1         -    0.00    0.00    0.00    0.00    0.00     1      0.00      0.00   23608   12776   0.32     132      52      0.00      0.00      0.00       0  systemd
05:39:16        0         -         1    0.00    0.00    0.00    0.00    0.00     1      0.00      0.00   23608   12776   0.32     132      52      0.00      0.00      0.00       0  |__systemd
05:39:16        0         2         -    0.00    0.00    0.00    0.00    0.00     0      0.00      0.00       0       0   0.00       0       0      0.00      0.00      0.00       0  kthreadd
05:39:16        0         -         2    0.00    0.00    0.00    0.00    0.00     0      0.00      0.00       0       0   0.00       0       0      0.00      0.00      0.00       0  |__kthreadd
05:39:16        0         3         -    0.00    0.00    0.00    0.00    0.00     0      0.00      0.00       0       0   0.00       0       0      0.00      0.00      0.00       0  pool_workqueue_release
05:39:16        0         -         3    0.00    0.00    0.00    0.00    0.00     0      0.00      0.00       0       0   0.00       0       0      0.00      0.00      0.00       0  |__pool_workqueue_release
05:39:16        0         4         -    0.00    0.00    0.00    0.00    0.00     0      0.00      0.00       0       0   0.00       0       0      0.00      0.00      0.00       0  kworker/R-rcu_g
05:39:16        0         -         4    0.00    0.00    0.00    0.00    0.00     0      0.00      0.00       0       0   0.00       0       0      0.00      0.00      0.00       0  |__kworker/R-rcu_g
05:39:16        0         5         -    0.00    0.00    0.00    0.00    0.00     0      0.00      0.00       0       0   0.00       0       0      0.00      0.00      0.00       0  kworker/R-rcu_p
05:39:16        0         -         5    0.00    0.00    0.00    0.00    0.00     0      0.00      0.00       0       0   0.00       0       0      0.00      0.00      0.00       0  |__kworker/R-rcu_p
05:39:16        0         6         -    0.00    0.00    0.00    0.00    0.00     0      0.00      0.00       0       0   0.00       0       0      0.00      0.00      0.00       0  kworker/R-slub_
05:39:16        0         -         6    0.00    0.00    0.00    0.00    0.00     0      0.00      0.00       0       0   0.00       0       0      0.00      0.00      0.00       0  |__kworker/R-slub_
05:39:16        0         7         -    0.00    0.00    0.00    0.00    0.00     0      0.00      0.00       0       0   0.00       0       0      0.00      0.00      0.00       0  kworker/R-netns
05:39:16        0         -         7    0.00    0.00    0.00    0.00    0.00     0      0.00      0.00       0       0   0.00       0       0      0.00      0.00      0.00       0  |__kworker/R-netns
05:39:16        0         9         -    0.00    0.00    0.00    0.00    0.00     0      0.00      0.00       0       0   0.00       0       0      0.00      0.00      0.00       0  kworker/0:0H-events_highpri
05:39:16        0         -         9    0.00    0.00    0.00    0.00    0.00     0      0.00      0.00       0       0   0.00       0       0      0.00      0.00      0.00       0  |__kworker/0:0H-events_highpri
05:39:16        0        11         -    0.00    0.00    0.00    0.00    0.00     0      0.00      0.00       0       0   0.00       0       0      0.00      0.00      0.00       0  kworker/u4:0-ext4-rsv-conversion
05:39:16        0         -        11    0.00    0.00    0.00    0.00    0.00     0      0.00      0.00       0       0   0.00       0       0      0.00      0.00      0.00       0  |__kworker/u4:0-ext4-rsv-conversion
05:39:16        0        12         -    0.00    0.00    0.00    0.00    0.00     0      0.00      0.00       0       0   0.00       0       0      0.00      0.00      0.00       0  kworker/R-mm_pe
05:39:16        0         -        12    0.00    0.00    0.00    0.00    0.00     0      0.00      0.00       0       0   0.00       0       0      0.00      0.00      0.00       0  |__kworker/R-mm_pe
05:39:16        0        13         -    0.00    0.00    0.00    0.00    0.00     0      0.00      0.00       0       0   0.00       0       0      0.00      0.00      0.00       0  rcu_tasks_kthread
05:39:16        0         -        13    0.00    0.00    0.00    0.00    0.00     0      0.00      0.00       0       0   0.00       0       0      0.00      0.00      0.00       0  |__rcu_tasks_kthread
05:39:16        0        14         -    0.00    0.00    0.00    0.00    0.00     0      0.00      0.00       0       0   0.00       0       0      0.00      0.00      0.00       0  rcu_tasks_rude_kthread
05:39:16        0         -        14    0.00    0.00    0.00    0.00    0.00     0      0.00      0.00       0       0   0.00       0       0      0.00      0.00      0.00       0  |__rcu_tasks_rude_kthread
05:39:16        0        15         -    0.00    0.00    0.00    0.00    0.00     1      0.00      0.00       0       0   0.00       0       0      0.00      0.00      0.00       0  rcu_tasks_trace_kthread
05:39:16        0         -        15    0.00    0.00    0.00    0.00    0.00     1      0.00      0.00       0       0   0.00       0       0      0.00      0.00      0.00       0  |__rcu_tasks_trace_kthread
05:39:16        0        16         -    0.00    0.00    0.00    0.00    0.00     0      0.00      0.00       0       0   0.00       0       0      0.00      0.00      0.00       0  ksoftirqd/0
05:39:16        0         -        16    0.00    0.00    0.00    0.00    0.00     0      0.00      0.00       0       0   0.00       0       0      0.00      0.00      0.00       0  |__ksoftirqd/0
05:39:16        0        17         -    0.00    0.00    0.00    0.50    0.00     1      0.00      0.00       0       0   0.00       0       0      0.00      0.00      0.00       0  rcu_preempt
05:39:16        0         -        17    0.00    0.00    0.00    0.50    0.00     1      0.00      0.00       0       0   0.00       0       0      0.00      0.00      0.00       0  |__rcu_preempt
05:39:16        0        18         -    0.00    0.00    0.00    0.00    0.00     0      0.00      0.00       0       0   0.00       0       0      0.00      0.00      0.00       0  migration/0
05:39:16        0         -        18    0.00    0.00    0.00    0.00    0.00     0      0.00      0.00       0       0   0.00       0       0      0.00      0.00      0.00       0  |__migration/0
05:39:16        0        19         -    0.00    0.00    0.00    0.00    0.00     0      0.00      0.00       0       0   0.00       0       0      0.00      0.00      0.00       0  idle_inject/0
05:39:16        0         -        19    0.00    0.00    0.00    0.00    0.00     0      0.00      0.00       0       0   0.00       0       0      0.00      0.00      0.00       0  |__idle_inject/0
05:39:16        0        20         -    0.00    0.00    0.00    0.00    0.00     0      0.00      0.00       0       0   0.00       0       0      0.00      0.00      0.00       0  cpuhp/0
05:39:16        0         -        20    0.00    0.00    0.00    0.00    0.00     0      0.00      0.00       0       0   0.00       0       0      0.00      0.00      0.00       0  |__cpuhp/0
05:39:16        0        21         -    0.00    0.00    0.00    0.00    0.00     1      0.00      0.00       0       0   0.00       0       0      0.00      0.00      0.00       0  cpuhp/1
05:39:16        0         -        21    0.00    0.00    0.00    0.00    0.00     1      0.00      0.00       0       0   0.00       0       0      0.00      0.00      0.00       0  |__cpuhp/1
05:39:16        0        22         -    0.00    0.00    0.00    0.00    0.00     1      0.00      0.00       0       0   0.00       0       0      0.00      0.00      0.00       0  idle_inject/1
05:39:16        0         -        22    0.00    0.00    0.00    0.00    0.00     1      0.00      0.00       0       0   0.00       0       0      0.00      0.00      0.00       0  |__idle_inject/1
05:39:16        0        23         -    0.00    0.00    0.00    0.00    0.00     1      0.00      0.00       0       0   0.00       0       0      0.00      0.00      0.00       0  migration/1
05:39:16        0         -        23    0.00    0.00    0.00    0.00    0.00     1      0.00      0.00       0       0   0.00       0       0      0.00      0.00      0.00       0  |__migration/1
05:39:16        0        24         -    0.00    0.00    0.00    0.00    0.00     1      0.00      0.00       0       0   0.00       0       0      0.00      0.00      0.00       0  ksoftirqd/1
05:39:16        0         -        24    0.00    0.00    0.00    0.00    0.00     1      0.00      0.00       0       0   0.00       0       0      0.00      0.00      0.00       0  |__ksoftirqd/1
05:39:16        0        26         -    0.00    0.00    0.00    0.00    0.00     1      0.00      0.00       0       0   0.00       0       0      0.00      0.00      0.00       0  kworker/1:0H-kblockd
05:39:16        0         -        26    0.00    0.00    0.00    0.00    0.00     1      0.00      0.00       0       0   0.00       0       0      0.00      0.00      0.00       0  |__kworker/1:0H-kblockd
05:39:16        0        27         -    0.00    0.00    0.00    0.00    0.00     1      0.00      0.00       0       0   0.00       0       0      0.00      0.00      0.00       0  kworker/u5:0-events_power_efficient
05:39:16        0         -        27    0.00    0.00    0.00    0.00    0.00     1      0.00      0.00       0       0   0.00       0       0      0.00      0.00      0.00       0  |__kworker/u5:0-events_power_efficient
05:39:16        0        29         -    0.00    0.00    0.00    0.00    0.00     0      0.00      0.00       0       0   0.00       0       0      0.00      0.00      0.00       0  kdevtmpfs
05:39:16        0         -        29    0.00    0.00    0.00    0.00    0.00     0      0.00      0.00       0       0   0.00       0       0      0.00      0.00      0.00       0  |__kdevtmpfs
05:39:16        0        30         -    0.00    0.00    0.00    0.00    0.00     1      0.00      0.00       0       0   0.00       0       0      0.00      0.00      0.00       0  kworker/R-inet_
05:39:16        0         -        30    0.00    0.00    0.00    0.00    0.00     1      0.00      0.00       0       0   0.00       0       0      0.00      0.00      0.00       0  |__kworker/R-inet_
05:39:16        0        31         -    0.00    0.00    0.00    0.50    0.00     0      0.00      0.00       0       0   0.00       0       0      0.00      0.00      0.00       0  kworker/u5:1-events_power_efficient
05:39:16        0         -        31    0.00    0.00    0.00    0.50    0.00     0      0.00      0.00       0       0   0.00       0       0      0.00      0.00      0.00       0  |__kworker/u5:1-events_power_efficient
05:39:16        0        32         -    0.00    0.00    0.00    0.00    0.00     1      0.00      0.00       0       0   0.00       0       0      0.00      0.00      0.00       0  kauditd
05:39:16        0         -        32    0.00    0.00    0.00    0.00    0.00     1      0.00      0.00       0       0   0.00       0       0      0.00      0.00      0.00       0  |__kauditd
05:39:16        0        33         -    0.00    0.00    0.00    0.00    0.00     1      0.00      0.00       0       0   0.00       0       0      0.00      0.00      0.00       0  khungtaskd
05:39:16        0         -        33    0.00    0.00    0.00    0.00    0.00     1      0.00      0.00       0       0   0.00       0       0      0.00      0.00      0.00       0  |__khungtaskd
05:39:16        0        34         -    0.00    0.00    0.00    0.00    0.00     0      0.00      0.00       0       0   0.00       0       0      0.00      0.00      0.00       0  oom_reaper
05:39:16        0         -        34    0.00    0.00    0.00    0.00    0.00     0      0.00      0.00       0       0   0.00       0       0      0.00      0.00      0.00       0  |__oom_reaper
05:39:16        0        35         -    0.00    0.00    0.00    0.00    0.00     0      0.00      0.00       0       0   0.00       0       0      0.00      0.00      0.00       0  kworker/u5:2-events_power_efficient
05:39:16        0         -        35    0.00    0.00    0.00    0.00    0.00     0      0.00      0.00       0       0   0.00       0       0      0.00      0.00      0.00       0  |__kworker/u5:2-events_power_efficient
05:39:16        0        36         -    0.00    0.00    0.00    0.00    0.00     0      0.00      0.00       0       0   0.00       0       0      0.00      0.00      0.00       0  kworker/R-write
05:39:16        0         -        36    0.00    0.00    0.00    0.00    0.00     0      0.00      0.00       0       0   0.00       0       0      0.00      0.00      0.00       0  |__kworker/R-write
05:39:16        0        37         -    0.00    0.00    0.00    0.00    0.00     0      0.00      0.00       0       0   0.00       0       0      0.00      0.00      0.00       0  kcompactd0
05:39:16        0         -        37    0.00    0.00    0.00    0.00    0.00     0      0.00      0.00       0       0   0.00       0       0      0.00      0.00      0.00       0  |__kcompactd0
05:39:16        0        38         -    0.00    0.00    0.00    0.00    0.00     0      0.00      0.00       0       0   0.00       0       0      0.00      0.00      0.00       0  ksmd
05:39:16        0         -        38    0.00    0.00    0.00    0.00    0.00     0      0.00      0.00       0       0   0.00       0       0      0.00      0.00      0.00       0  |__ksmd
05:39:16        0        39         -    0.00    0.00    0.00    0.00    0.00     0      0.00      0.00       0       0   0.00       0       0      0.00      0.00      0.00       0  khugepaged
05:39:16        0         -        39    0.00    0.00    0.00    0.00    0.00     0      0.00      0.00       0       0   0.00       0       0      0.00      0.00      0.00       0  |__khugepaged
05:39:16        0        40         -    0.00    0.00    0.00    0.00    0.00     0      0.00      0.00       0       0   0.00       0       0      0.00      0.00      0.00       0  kworker/R-kinte
05:39:16        0         -        40    0.00    0.00    0.00    0.00    0.00     0      0.00      0.00       0       0   0.00       0       0      0.00      0.00      0.00       0  |__kworker/R-kinte
05:39:16        0        41         -    0.00    0.00    0.00    0.00    0.00     0      0.00      0.00       0       0   0.00       0       0      0.00      0.00      0.00       0  kworker/R-kbloc
05:39:16        0         -        41    0.00    0.00    0.00    0.00    0.00     0      0.00      0.00       0       0   0.00       0       0      0.00      0.00      0.00       0  |__kworker/R-kbloc
05:39:16        0        42         -    0.00    0.00    0.00    0.00    0.00     0      0.00      0.00       0       0   0.00       0       0      0.00      0.00      0.00       0  kworker/R-blkcg
05:39:16        0         -        42    0.00    0.00    0.00    0.00    0.00     0      0.00      0.00       0       0   0.00       0       0      0.00      0.00      0.00       0  |__kworker/R-blkcg
05:39:16        0        43         -    0.00    0.00    0.00    0.00    0.00     1      0.00      0.00       0       0   0.00       0       0      0.00      0.00      0.00       0  irq/9-acpi
05:39:16        0         -        43    0.00    0.00    0.00    0.00    0.00     1      0.00      0.00       0       0   0.00       0       0      0.00      0.00      0.00       0  |__irq/9-acpi
05:39:16        0        44         -    0.00    0.00    0.00    0.00    0.00     1      0.00      0.00       0       0   0.00       0       0      0.00      0.00      0.00       0  kworker/R-tpm_d
05:39:16        0         -        44    0.00    0.00    0.00    0.00    0.00     1      0.00      0.00       0       0   0.00       0       0      0.00      0.00      0.00       0  |__kworker/R-tpm_d
05:39:16        0        45         -    0.00    0.00    0.00    0.00    0.00     1      0.00      0.00       0       0   0.00       0       0      0.00      0.00      0.00       0  kworker/R-ata_s
05:39:16        0         -        45    0.00    0.00    0.00    0.00    0.00     1      0.00      0.00       0       0   0.00       0       0      0.00      0.00      0.00       0  |__kworker/R-ata_s
05:39:16        0        46         -    0.00    0.00    0.00    0.00    0.00     1      0.00      0.00       0       0   0.00       0       0      0.00      0.00      0.00       0  kworker/R-md
05:39:16        0         -        46    0.00    0.00    0.00    0.00    0.00     1      0.00      0.00       0       0   0.00       0       0      0.00      0.00      0.00       0  |__kworker/R-md
05:39:16        0        47         -    0.00    0.00    0.00    0.00    0.00     1      0.00      0.00       0       0   0.00       0       0      0.00      0.00      0.00       0  kworker/R-md_bi
05:39:16        0         -        47    0.00    0.00    0.00    0.00    0.00     1      0.00      0.00       0       0   0.00       0       0      0.00      0.00      0.00       0  |__kworker/R-md_bi
05:39:16        0        48         -    0.00    0.00    0.00    0.00    0.00     1      0.00      0.00       0       0   0.00       0       0      0.00      0.00      0.00       0  kworker/R-edac-
05:39:16        0         -        48    0.00    0.00    0.00    0.00    0.00     1      0.00      0.00       0       0   0.00       0       0      0.00      0.00      0.00       0  |__kworker/R-edac-
05:39:16        0        49         -    0.00    0.00    0.00    0.00    0.00     1      0.00      0.00       0       0   0.00       0       0      0.00      0.00      0.00       0  kworker/R-devfr
05:39:16        0         -        49    0.00    0.00    0.00    0.00    0.00     1      0.00      0.00       0       0   0.00       0       0      0.00      0.00      0.00       0  |__kworker/R-devfr
05:39:16        0        50         -    0.00    0.00    0.00    0.00    0.00     1      0.00      0.00       0       0   0.00       0       0      0.00      0.00      0.00       0  watchdogd
05:39:16        0         -        50    0.00    0.00    0.00    0.00    0.00     1      0.00      0.00       0       0   0.00       0       0      0.00      0.00      0.00       0  |__watchdogd
05:39:16        0        52         -    0.00    0.00    0.00    0.00    0.00     0      0.00      0.00       0       0   0.00       0       0      0.00      0.00      0.00       0  kworker/0:1H-kblockd
05:39:16        0         -        52    0.00    0.00    0.00    0.00    0.00     0      0.00      0.00       0       0   0.00       0       0      0.00      0.00      0.00       0  |__kworker/0:1H-kblockd
05:39:16        0        53         -    0.00    0.50    0.00    0.00    0.50     1      0.00      0.00       0       0   0.00       0       0      0.00      0.00      0.00       0  kswapd0
05:39:16        0         -        53    0.00    0.50    0.00    0.00    0.50     1      0.00      0.00       0       0   0.00       0       0      0.00      0.00      0.00       0  |__kswapd0
05:39:16        0        54         -    0.00    0.00    0.00    0.00    0.00     1      0.00      0.00       0       0   0.00       0       0      0.00      0.00      0.00       0  ecryptfs-kthread
05:39:16        0         -        54    0.00    0.00    0.00    0.00    0.00     1      0.00      0.00       0       0   0.00       0       0      0.00      0.00      0.00       0  |__ecryptfs-kthread
05:39:16        0        55         -    0.00    0.00    0.00    0.00    0.00     1      0.00      0.00       0       0   0.00       0       0      0.00      0.00      0.00       0  kworker/R-kthro
05:39:16        0         -        55    0.00    0.00    0.00    0.00    0.00     1      0.00      0.00       0       0   0.00       0       0      0.00      0.00      0.00       0  |__kworker/R-kthro
05:39:16        0        56         -    0.00    0.00    0.00    0.00    0.00     1      0.00      0.00       0       0   0.00       0       0      0.00      0.00      0.00       0  kworker/R-acpi_
05:39:16        0         -        56    0.00    0.00    0.00    0.00    0.00     1      0.00      0.00       0       0   0.00       0       0      0.00      0.00      0.00       0  |__kworker/R-acpi_
05:39:16        0        58         -    0.00    0.00    0.00    0.00    0.00     1      0.00      0.00       0       0   0.00       0       0      0.00      0.00      0.00       0  kworker/1:1H-kblockd
05:39:16        0         -        58    0.00    0.00    0.00    0.00    0.00     1      0.00      0.00       0       0   0.00       0       0      0.00      0.00      0.00       0  |__kworker/1:1H-kblockd
05:39:16        0        59         -    0.00    0.00    0.00    0.00    0.00     0      0.00      0.00       0       0   0.00       0       0      0.00      0.00      0.00       0  scsi_eh_0
05:39:16        0         -        59    0.00    0.00    0.00    0.00    0.00     0      0.00      0.00       0       0   0.00       0       0      0.00      0.00      0.00       0  |__scsi_eh_0
05:39:16        0        60         -    0.00    0.00    0.00    0.00    0.00     0      0.00      0.00       0       0   0.00       0       0      0.00      0.00      0.00       0  kworker/R-scsi_
05:39:16        0         -        60    0.00    0.00    0.00    0.00    0.00     0      0.00      0.00       0       0   0.00       0       0      0.00      0.00      0.00       0  |__kworker/R-scsi_
05:39:16        0        61         -    0.00    0.00    0.00    0.00    0.00     0      0.00      0.00       0       0   0.00       0       0      0.00      0.00      0.00       0  scsi_eh_1
05:39:16        0         -        61    0.00    0.00    0.00    0.00    0.00     0      0.00      0.00       0       0   0.00       0       0      0.00      0.00      0.00       0  |__scsi_eh_1
05:39:16        0        62         -    0.00    0.00    0.00    0.00    0.00     0      0.00      0.00       0       0   0.00       0       0      0.00      0.00      0.00       0  kworker/R-scsi_
05:39:16        0         -        62    0.00    0.00    0.00    0.00    0.00     0      0.00      0.00       0       0   0.00       0       0      0.00      0.00      0.00       0  |__kworker/R-scsi_
05:39:16        0        63         -    0.00    0.00    0.00    0.00    0.00     1      0.00      0.00       0       0   0.00       0       0      0.00      0.00      0.00       0  scsi_eh_2
05:39:16        0         -        63    0.00    0.00    0.00    0.00    0.00     1      0.00      0.00       0       0   0.00       0       0      0.00      0.00      0.00       0  |__scsi_eh_2
05:39:16        0        64         -    0.00    0.00    0.00    0.00    0.00     0      0.00      0.00       0       0   0.00       0       0      0.00      0.00      0.00       0  kworker/R-scsi_
05:39:16        0         -        64    0.00    0.00    0.00    0.00    0.00     0      0.00      0.00       0       0   0.00       0       0      0.00      0.00      0.00       0  |__kworker/R-scsi_
05:39:16        0        65         -    0.00    0.00    0.00    0.00    0.00     1      0.00      0.00       0       0   0.00       0       0      0.00      0.00      0.00       0  kworker/u6:2-events_power_efficient
05:39:16        0         -        65    0.00    0.00    0.00    0.00    0.00     1      0.00      0.00       0       0   0.00       0       0      0.00      0.00      0.00       0  |__kworker/u6:2-events_power_efficient
05:39:16        0        67         -    0.00    0.00    0.00    0.00    0.00     0      0.00      0.00       0       0   0.00       0       0      0.00      0.00      0.00       0  kworker/R-mld
05:39:16        0         -        67    0.00    0.00    0.00    0.00    0.00     0      0.00      0.00       0       0   0.00       0       0      0.00      0.00      0.00       0  |__kworker/R-mld
05:39:16        0        68         -    0.00    0.00    0.00    0.00    0.00     0      0.00      0.00       0       0   0.00       0       0      0.00      0.00      0.00       0  kworker/R-ipv6_
05:39:16        0         -        68    0.00    0.00    0.00    0.00    0.00     0      0.00      0.00       0       0   0.00       0       0      0.00      0.00      0.00       0  |__kworker/R-ipv6_
05:39:16        0        75         -    0.00    0.00    0.00    0.00    0.00     1      0.00      0.00       0       0   0.00       0       0      0.00      0.00      0.00       0  kworker/R-kstrp
05:39:16        0         -        75    0.00    0.00    0.00    0.00    0.00     1      0.00      0.00       0       0   0.00       0       0      0.00      0.00      0.00       0  |__kworker/R-kstrp
05:39:16        0        77         -    0.00    0.00    0.00    0.00    0.00     0      0.00      0.00       0       0   0.00       0       0      0.00      0.00      0.00       0  kworker/u7:0
05:39:16        0         -        77    0.00    0.00    0.00    0.00    0.00     0      0.00      0.00       0       0   0.00       0       0      0.00      0.00      0.00       0  |__kworker/u7:0
05:39:16        0        78         -    0.00    0.00    0.00    0.00    0.00     0      0.00      0.00       0       0   0.00       0       0      0.00      0.00      0.00       0  kworker/u8:0
05:39:16        0         -        78    0.00    0.00    0.00    0.00    0.00     0      0.00      0.00       0       0   0.00       0       0      0.00      0.00      0.00       0  |__kworker/u8:0
05:39:16        0        79         -    0.00    0.00    0.00    0.00    0.00     1      0.00      0.00       0       0   0.00       0       0      0.00      0.00      0.00       0  kworker/u9:0
05:39:16        0         -        79    0.00    0.00    0.00    0.00    0.00     1      0.00      0.00       0       0   0.00       0       0      0.00      0.00      0.00       0  |__kworker/u9:0
05:39:16        0        84         -    0.00    0.00    0.00    0.00    0.00     0      0.00      0.00       0       0   0.00       0       0      0.00      0.00      0.00       0  kworker/R-crypt
05:39:16        0         -        84    0.00    0.00    0.00    0.00    0.00     0      0.00      0.00       0       0   0.00       0       0      0.00      0.00      0.00       0  |__kworker/R-crypt
05:39:16        0        85         -    0.00    0.00    0.00    0.00    0.00     1      0.00      0.00       0       0   0.00       0       0      0.00      0.00      0.00       0  kworker/1:2-events
05:39:16        0         -        85    0.00    0.00    0.00    0.00    0.00     1      0.00      0.00       0       0   0.00       0       0      0.00      0.00      0.00       0  |__kworker/1:2-events
05:39:16        0        94         -    0.00    0.00    0.00    0.00    0.00     1      0.00      0.00       0       0   0.00       0       0      0.00      0.00      0.00       0  kworker/R-charg
05:39:16        0         -        94    0.00    0.00    0.00    0.00    0.00     1      0.00      0.00       0       0   0.00       0       0      0.00      0.00      0.00       0  |__kworker/R-charg
05:39:16        0       143         -    0.00    0.00    0.00    0.00    0.00     0      0.00      0.00       0       0   0.00       0       0      0.00      0.00      0.00       0  kworker/0:2-events
05:39:16        0         -       143    0.00    0.00    0.00    0.00    0.00     0      0.00      0.00       0       0   0.00       0       0      0.00      0.00      0.00       0  |__kworker/0:2-events
05:39:16        0       188         -    0.00    0.00    0.00    0.00    0.00     0      0.00      0.00       0       0   0.00       0       0      0.00      0.00      0.00       0  kworker/R-raid5
05:39:16        0         -       188    0.00    0.00    0.00    0.00    0.00     0      0.00      0.00       0       0   0.00       0       0      0.00      0.00      0.00       0  |__kworker/R-raid5
05:39:16        0       225         -    0.00    0.00    0.00    0.00    0.00     1      0.00      0.00       0       0   0.00       0       0      0.00      2.00      0.00       0  jbd2/vda1-8
05:39:16        0         -       225    0.00    0.00    0.00    0.00    0.00     1      0.00      0.00       0       0   0.00       0       0      0.00      2.00      0.00       0  |__jbd2/vda1-8
05:39:16        0       226         -    0.00    0.00    0.00    0.00    0.00     1      0.00      0.00       0       0   0.00       0       0      0.00      0.00      0.00       0  kworker/R-ext4-
05:39:16        0         -       226    0.00    0.00    0.00    0.00    0.00     1      0.00      0.00       0       0   0.00       0       0      0.00      0.00      0.00       0  |__kworker/R-ext4-
05:39:16        0       298         -    0.00    0.00    0.00    0.00    0.00     1      0.00      0.00   34396    8584   0.21     132      12      0.00      0.00      0.00       0  systemd-journal
05:39:16        0         -       298    0.00    0.00    0.00    0.00    0.00     1      0.00      0.00   34396    8584   0.21     132      12      0.00      0.00      0.00       0  |__systemd-journal
05:39:16        0       318         -    0.00    0.00    0.00    0.00    0.00     0      0.00      0.00       0       0   0.00       0       0      0.00      0.00      0.00       0  kworker/R-kmpat
05:39:16        0         -       318    0.00    0.00    0.00    0.00    0.00     0      0.00      0.00       0       0   0.00       0       0      0.00      0.00      0.00       0  |__kworker/R-kmpat
05:39:16        0       319         -    0.00    0.00    0.00    0.00    0.00     1      0.00      0.00       0       0   0.00       0       0      0.00      0.00      0.00       0  kworker/R-kmpat
05:39:16        0         -       319    0.00    0.00    0.00    0.00    0.00     1      0.00      0.00       0       0   0.00       0       0      0.00      0.00      0.00       0  |__kworker/R-kmpat
05:39:16        0       353         -    0.00    0.00    0.00    0.00    0.00     0      0.00      0.00  288952   27136   0.68     132     120      0.00      0.00      0.00       0  multipathd
05:39:16        0         -       353    0.00    0.00    0.00    0.00    0.00     0      0.00      0.00  288952   27136   0.68     132     120      0.00      0.00      0.00       0  |__multipathd
05:39:16        0         -       365    0.00    0.00    0.00    0.00    0.00     0      0.00      0.00  288952   27136   0.68     132     120      0.00      0.00      0.00       0  |__multipathd
05:39:16        0         -       366    0.00    0.00    0.00    0.00    0.00     0      0.00      0.00  288952   27136   0.68     132     120      0.00      0.00      0.00       0  |__multipathd
05:39:16        0         -       367    0.00    0.00    0.00    0.00    0.00     0      0.00      0.00  288952   27136   0.68     132     120      0.00      0.00      0.00       0  |__multipathd
05:39:16        0         -       368    0.00    0.00    0.00    0.00    0.00     0      0.00      0.00  288952   27136   0.68     132     120      0.00      0.00      0.00       0  |__multipathd
05:39:16        0         -       369    0.00    0.00    0.00    0.00    0.00     1      0.00      0.00  288952   27136   0.68     132     120      0.00      0.00      0.00       0  |__multipathd
05:39:16        0         -       370    0.00    0.00    0.00    0.00    0.00     1      0.00      0.00  288952   27136   0.68     132     120      0.00      0.00      0.00       0  |__multipathd
05:39:16        0       354         -    0.00    0.00    0.00    0.00    0.00     1      0.00      0.00       0       0   0.00       0       0      0.00      0.00      0.00       0  kworker/u4:1-ext4-rsv-conversion
05:39:16        0         -       354    0.00    0.00    0.00    0.00    0.00     1      0.00      0.00       0       0   0.00       0       0      0.00      0.00      0.00       0  |__kworker/u4:1-ext4-rsv-conversion
05:39:16        0       435         -    0.00    0.00    0.00    0.00    0.00     0      0.00      0.00       0       0   0.00       0       0      0.00      0.00      0.00       0  jbd2/vda16-8
05:39:16        0         -       435    0.00    0.00    0.00    0.00    0.00     0      0.00      0.00       0       0   0.00       0       0      0.00      0.00      0.00       0  |__jbd2/vda16-8
05:39:16        0       436         -    0.00    0.00    0.00    0.00    0.00     1      0.00      0.00       0       0   0.00       0       0      0.00      0.00      0.00       0  kworker/R-ext4-
05:39:16        0         -       436    0.00    0.00    0.00    0.00    0.00     1      0.00      0.00       0       0   0.00       0       0      0.00      0.00      0.00       0  |__kworker/R-ext4-
05:39:16      996       504         -    0.00    0.00    0.00    0.00    0.00     0      0.00      0.00   91024    6400   0.16     132      16      0.00      0.00      0.00       0  systemd-timesyn
05:39:16      996         -       504    0.00    0.00    0.00    0.00    0.00     0      0.00      0.00   91024    6400   0.16     132      16      0.00      0.00      0.00       0  |__systemd-timesyn
05:39:16      996         -       541    0.00    0.00    0.00    0.00    0.00     0      0.00      0.00   91024    6400   0.16     132      16      0.00      0.00      0.00       0  |__sd-resolve
05:39:16      998       676         -    0.00    0.00    0.00    0.00    0.00     1      0.00      0.00   22428    7040   0.18     132      40      0.00      0.00      0.00       0  systemd-network
05:39:16      998         -       676    0.00    0.00    0.00    0.00    0.00     1      0.00      0.00   22428    7040   0.18     132      40      0.00      0.00      0.00       0  |__systemd-network
05:39:16      991       711         -    0.00    0.00    0.00    0.00    0.00     0      0.00      0.00   21724    8192   0.20     132      36      0.00      0.00      0.00       0  systemd-resolve
05:39:16      991         -       711    0.00    0.00    0.00    0.00    0.00     0      0.00      0.00   21724    8192   0.20     132      36      0.00      0.00      0.00       0  |__systemd-resolve
05:39:16        0       737         -    0.00    0.00    0.00    0.00    0.00     0      0.00      0.00   26056    6628   0.17     132      12      0.00      0.00      0.00       0  systemd-udevd
05:39:16        0         -       737    0.00    0.00    0.00    0.00    0.00     0      0.00      0.00   26056    6628   0.17     132      12      0.00      0.00      0.00       0  |__systemd-udevd
05:39:16        0       738         -    0.00    0.00    0.00    0.00    0.00     0      0.00      0.00       0       0   0.00       0       0      0.00      0.00      0.00       0  psimon
05:39:16        0         -       738    0.00    0.00    0.00    0.00    0.00     0      0.00      0.00       0       0   0.00       0       0      0.00      0.00      0.00       0  |__psimon
05:39:16        0       861         -    0.00    0.00    0.00    0.00    0.00     1      0.00      0.00    7224    2688   0.07     132      40      0.00      0.00      0.00       0  cron
05:39:16        0         -       861    0.00    0.00    0.00    0.00    0.00     1      0.00      0.00    7224    2688   0.07     132      40      0.00      0.00      0.00       0  |__cron
05:39:16      101       862         -    0.00    0.00    0.00    0.00    0.00     1      0.00      0.00    9900    4864   0.12     132       8      0.00      0.00      0.00       0  dbus-daemon
05:39:16      101         -       862    0.00    0.00    0.00    0.00    0.00     1      0.00      0.00    9900    4864   0.12     132       8      0.00      0.00      0.00       0  |__dbus-daemon
05:39:16      989       867         -    0.00    0.00    0.00    0.00    0.00     0      0.00      0.00  308164    5760   0.14     132      16      0.00      0.00      0.00       0  polkitd
05:39:16      989         -       867    0.00    0.00    0.00    0.00    0.00     0      0.00      0.00  308164    5760   0.14     132      16      0.00      0.00      0.00       0  |__polkitd
05:39:16      989         -       939    0.00    0.00    0.00    0.00    0.00     0      0.00      0.00  308164    5760   0.14     132      16      0.00      0.00      0.00       0  |__gmain
05:39:16      989         -       940    0.00    0.00    0.00    0.00    0.00     0      0.00      0.00  308164    5760   0.14     132      16      0.00      0.00      0.00       0  |__pool-spawner
05:39:16      989         -       941    0.00    0.00    0.00    0.00    0.00     0      0.00      0.00  308164    5760   0.14     132      16      0.00      0.00      0.00       0  |__gdbus
05:39:16        0       874         -    0.00    0.00    0.00    0.00    0.00     1      0.00      0.00   17984    7296   0.18     132      16      0.00      0.00      0.00       0  systemd-logind
05:39:16        0         -       874    0.00    0.00    0.00    0.00    0.00     1      0.00      0.00   17984    7296   0.18     132      16      0.00      0.00      0.00       0  |__systemd-logind
05:39:16        0       886         -    0.00    0.00    0.00    0.00    0.00     0      0.00      0.00  468952    8576   0.21     132      28      0.00      0.00      0.00       0  udisksd
05:39:16        0         -       886    0.00    0.00    0.00    0.00    0.00     0      0.00      0.00  468952    8576   0.21     132      28      0.00      0.00      0.00       0  |__udisksd
05:39:16        0         -       891    0.00    0.00    0.00    0.00    0.00     1      0.00      0.00  468952    8576   0.21     132      28      0.00      0.00      0.00       0  |__gmain
05:39:16        0         -       892    0.00    0.00    0.00    0.00    0.00     1      0.00      0.00  468952    8576   0.21     132      28      0.00      0.00      0.00       0  |__pool-spawner
05:39:16        0         -       894    0.00    0.00    0.00    0.00    0.00     0      0.00      0.00  468952    8576   0.21     132      28      0.00      0.00      0.00       0  |__gdbus
05:39:16        0         -       972    0.00    0.00    0.00    0.00    0.00     0      0.00      0.00  468952    8576   0.21     132      28      0.00      0.00      0.00       0  |__probing-thread
05:39:16        0         -       991    0.00    0.00    0.00    0.00    0.00     0      0.00      0.00  468952    8576   0.21     132      28      0.00      0.00      0.00       0  |__cleanup
05:39:16        0       917         -    0.00    0.00    0.00    0.00    0.00     1      0.00      0.00  110000   13952   0.35     132      84      0.00      0.00      0.00       0  unattended-upgr
05:39:16        0         -       917    0.00    0.00    0.00    0.00    0.00     1      0.00      0.00  110000   13952   0.35     132      84      0.00      0.00      0.00       0  |__unattended-upgr
05:39:16        0         -      1021    0.00    0.00    0.00    0.00    0.00     0      0.00      0.00  110000   13952   0.35     132      84      0.00      0.00      0.00       0  |__gmain
05:39:16      102       922         -    0.00    0.00    0.00    0.00    0.00     1      0.00      0.00  222508    4992   0.12     132      56      0.00      0.00      0.00       0  rsyslogd
05:39:16      102         -       922    0.00    0.00    0.00    0.00    0.00     1      0.00      0.00  222508    4992   0.12     132      56      0.00      0.00      0.00       0  |__rsyslogd
05:39:16      102         -      1010    0.00    0.00    0.00    0.00    0.00     1      0.00      0.00  222508    4992   0.12     132      56      0.00      0.00      0.00       0  |__in:imuxsock
05:39:16      102         -      1011    0.00    0.00    0.00    0.00    0.00     1      0.00      0.00  222508    4992   0.12     132      56      0.00      0.00      0.00       0  |__in:imklog
05:39:16      102         -      1012    0.00    0.00    0.00    0.00    0.00     1      0.00      0.00  222508    4992   0.12     132      56      0.00      0.00      0.00       0  |__rs:main Q:Reg
05:39:16        0       978         -    0.00    0.00    0.00    0.00    0.00     0      0.00      0.00  392088    7040   0.18     132      12      0.00      0.00      0.00       0  ModemManager
05:39:16        0         -       978    0.00    0.00    0.00    0.00    0.00     0      0.00      0.00  392088    7040   0.18     132      12      0.00      0.00      0.00       0  |__ModemManager
05:39:16        0         -       993    0.00    0.00    0.00    0.00    0.00     1      0.00      0.00  392088    7040   0.18     132      12      0.00      0.00      0.00       0  |__gmain
05:39:16        0         -       994    0.00    0.00    0.00    0.00    0.00     1      0.00      0.00  392088    7040   0.18     132      12      0.00      0.00      0.00       0  |__pool-spawner
05:39:16        0         -       997    0.00    0.00    0.00    0.00    0.00     0      0.00      0.00  392088    7040   0.18     132      12      0.00      0.00      0.00       0  |__gdbus
05:39:16        0       989         -    0.00    0.00    0.00    0.00    0.00     1      0.00      0.00    6148    2048   0.05     132      20      0.00      0.00      0.00       0  agetty
05:39:16        0         -       989    0.00    0.00    0.00    0.00    0.00     1      0.00      0.00    6148    2048   0.05     132      20      0.00      0.00      0.00       0  |__agetty
05:39:16        0      1020         -    0.00    0.00    0.00    0.00    0.00     0      0.00      0.00    6104    1920   0.05     132      20      0.00      0.00      0.00       0  agetty
05:39:16        0         -      1020    0.00    0.00    0.00    0.00    0.00     0      0.00      0.00    6104    1920   0.05     132      20      0.00      0.00      0.00       0  |__agetty
05:39:16        0      1192         -    0.00    0.00    0.00    0.00    0.00     1      0.00      0.00       0       0   0.00       0       0      0.00      0.00      0.00       0  kworker/R-tls-s
05:39:16        0         -      1192    0.00    0.00    0.00    0.00    0.00     1      0.00      0.00       0       0   0.00       0       0      0.00      0.00      0.00       0  |__kworker/R-tls-s
05:39:16        0      1765         -    0.00    0.00    0.00    0.00    0.00     0      0.00      0.00 1239988    2432   0.06     132      16      0.00      0.00      0.00       0  droplet-agent
05:39:16        0         -      1765    0.00    0.00    0.00    0.00    0.00     0      0.00      0.00 1239988    2432   0.06     132      16      0.00      0.00      0.00       0  |__droplet-agent
05:39:16        0         -      1768    0.00    0.00    0.00    0.00    0.00     1      0.00      0.00 1239988    2432   0.06     132      16      0.00      0.00      0.00       0  |__droplet-agent
05:39:16        0         -      1769    0.00    0.00    0.00    0.00    0.00     0      0.00      0.00 1239988    2432   0.06     132      16      0.00      0.00      0.00       0  |__droplet-agent
05:39:16        0         -      1770    0.00    0.00    0.00    0.00    0.00     0      0.00      0.00 1239988    2432   0.06     132      16      0.00      0.00      0.00       0  |__droplet-agent
05:39:16        0         -      1772    0.00    0.00    0.00    0.00    0.00     0      0.00      0.00 1239988    2432   0.06     132      16      0.00      0.00      0.00       0  |__droplet-agent
05:39:16        0         -      1773    0.00    0.00    0.00    0.00    0.00     1      0.00      0.00 1239988    2432   0.06     132      16      0.00      0.00      0.00       0  |__droplet-agent
05:39:16        0         -      1774    0.00    0.00    0.00    0.00    0.00     1      0.00      0.00 1239988    2432   0.06     132      16      0.00      0.00      0.00       0  |__droplet-agent
05:39:16        0         -      1775    0.00    0.00    0.00    0.00    0.00     0      0.00      0.00 1239988    2432   0.06     132      16      0.00      0.00      0.00       0  |__droplet-agent
05:39:16        0         -      1776    0.00    0.00    0.00    0.00    0.00     1      0.00      0.00 1239988    2432   0.06     132      16      0.00      0.00      0.00       0  |__droplet-agent
05:39:16        0      2208         -    0.50    0.50    0.00    0.00    1.00     0      0.00      0.00 1617716   69408   1.73     132      12      0.00      0.00      0.00       0  rke2
05:39:16        0         -      2208    0.00    0.00    0.00    0.00    0.00     0      0.00      0.00 1617716   69408   1.73     132      12      0.00      0.00      0.00       0  |__rke2
05:39:16        0         -      2209    0.00    0.00    0.00    0.50    0.00     0      0.00      0.00 1617716   69408   1.73     132      12      0.00      0.00      0.00       0  |__rke2
05:39:16        0         -      2210    0.00    0.50    0.00    0.50    0.50     0      0.00      0.00 1617716   69408   1.73     132      12      0.00      0.00      0.00       0  |__rke2
05:39:16        0         -      2211    0.00    0.00    0.00    0.00    0.00     1      0.00      0.00 1617716   69408   1.73     132      12      0.00      0.00      0.00       0  |__rke2
05:39:16        0         -      2212    0.00    0.00    0.00    0.00    0.00     1      0.00      0.00 1617716   69408   1.73     132      12      0.00      0.00      0.00       0  |__rke2
05:39:16        0         -      2213    0.00    0.00    0.00    0.00    0.00     1      0.00      0.00 1617716   69408   1.73     132      12      0.00      0.00      0.00       0  |__rke2
05:39:16        0         -      2214    0.00    0.50    0.00    0.00    0.50     0      0.00      0.00 1617716   69408   1.73     132      12      0.00      0.00      0.00       0  |__rke2
05:39:16        0         -      2232    0.00    0.00    0.00    0.00    0.00     1      0.00      0.00 1617716   69408   1.73     132      12      0.00      0.00      0.00       0  |__rke2
05:39:16        0         -      2289    0.00    0.00    0.00    0.00    0.00     1      0.00      0.00 1617716   69408   1.73     132      12      0.00      0.00      0.00       0  |__rke2
05:39:16        0         -      2456    0.00    0.50    0.00    0.00    0.50     1      0.00      0.00 1617716   69408   1.73     132      12      0.00      0.00      0.00       0  |__rke2
05:39:16        0         -      2515    0.00    0.00    0.00    0.00    0.00     1      0.00      0.00 1617716   69408   1.73     132      12      0.00      0.00      0.00       0  |__rke2
05:39:16        0      2233         -    0.50    0.00    0.00    0.00    0.50     1      2.50      2.50 1303816   70404   1.76     132      16     10.00      0.00      0.00       0  containerd
05:39:16        0         -      2233    0.00    0.00    0.00    0.00    0.00     1      0.00      0.00 1303816   70404   1.76     132      16      0.00      0.00      0.00       0  |__containerd
05:39:16        0         -      2234    0.00    0.00    0.00    0.50    0.00     1      0.00      0.00 1303816   70404   1.76     132      16      0.00      0.00      0.00       0  |__containerd
05:39:16        0         -      2237    0.00    0.00    0.00    0.00    0.00     1      0.00      0.00 1303816   70404   1.76     132      16      0.00      0.00      0.00       0  |__containerd
05:39:16        0         -      2252    0.00    0.00    0.00    0.00    0.00     0      0.00      0.00 1303816   70404   1.76     132      16      0.00      0.00      0.00       0  |__containerd
05:39:16        0         -      5453    0.00    0.00    0.00    0.00    0.00     0      0.00      0.00 1303816   70404   1.76     132      16      0.00      0.00      0.00       0  |__containerd
05:39:16        0         -      7819    0.00    0.00    0.00    0.00    0.00     1      0.00      0.00 1303816   70404   1.76     132      16      0.00      0.00      0.00       0  |__containerd
05:39:16        0         -      7933    0.00    0.00    0.00    0.50    0.00     0      0.00      0.00 1303816   70404   1.76     132      16      0.00      0.00      0.00       0  |__containerd
05:39:16        0         -      7968    0.00    0.00    0.00    1.00    0.00     0      1.50      1.00 1303816   70404   1.76     132      16      4.00      0.00      0.00       0  |__containerd
05:39:16        0         -      9234    0.50    0.00    0.00    0.50    0.50     0      1.00      1.50 1303816   70404   1.76     132      16      6.00      0.00      0.00       0  |__containerd
05:39:16        0         -      9241    0.00    0.00    0.00    0.00    0.00     1      0.00      0.00 1303816   70404   1.76     132      16      0.00      0.00      0.00       0  |__containerd
05:39:16        0         -     10596    0.00    0.00    0.00    0.00    0.00     1      0.00      0.00 1303816   70404   1.76     132      16      0.00      0.00      0.00       0  |__containerd
05:39:16        0      2254         -    1.00    1.00    0.00    0.00    2.00     1      0.50      0.00 1312772   80060   2.00     132      12      0.00      0.00      0.00       0  kubelet
05:39:16        0         -      2254    0.00    0.00    0.00    0.00    0.00     1      0.00      0.00 1312772   80060   2.00     132      12      0.00      0.00      0.00       0  |__kubelet
05:39:16        0         -      2255    0.00    0.50    0.00    1.00    0.50     0      0.00      0.00 1312772   80060   2.00     132      12      0.00      0.00      0.00       0  |__kubelet
05:39:16        0         -      2256    0.00    0.00    0.00    0.00    0.00     0      0.00      0.00 1312772   80060   2.00     132      12      0.00      0.00      0.00       0  |__kubelet
05:39:16        0         -      2257    0.00    0.00    0.00    0.00    0.00     0      0.00      0.00 1312772   80060   2.00     132      12      0.00      0.00      0.00       0  |__kubelet
05:39:16        0         -      2258    0.00    0.00    0.00    0.00    0.00     1      0.00      0.00 1312772   80060   2.00     132      12      0.00      0.00      0.00       0  |__kubelet
05:39:16        0         -      2259    0.00    0.00    0.00    0.00    0.00     0      0.00      0.00 1312772   80060   2.00     132      12      0.00      0.00      0.00       0  |__kubelet
05:39:16        0         -      2262    0.50    0.50    0.00    0.50    1.00     0      0.50      0.00 1312772   80060   2.00     132      12      0.00      0.00      0.00       0  |__kubelet
05:39:16        0         -      2275    0.50    0.50    0.00    0.50    1.00     1      0.00      0.00 1312772   80060   2.00     132      12      0.00      0.00      0.00       0  |__kubelet
05:39:16        0         -      2276    0.00    0.00    0.00    0.00    0.00     1      0.00      0.00 1312772   80060   2.00     132      12      0.00      0.00      0.00       0  |__kubelet
05:39:16        0         -      2277    0.50    0.50    0.00    1.00    1.00     1      0.00      0.00 1312772   80060   2.00     132      12      0.00      0.00      0.00       0  |__kubelet
05:39:16        0         -      3023    0.00    0.00    0.00    0.00    0.00     0      0.00      0.00 1312772   80060   2.00     132      12      0.00      0.00      0.00       0  |__kubelet
05:39:16        0         -      3053    0.00    0.00    0.00    0.00    0.00     0      0.00      0.00 1312772   80060   2.00     132      12      0.00      0.00      0.00       0  |__kubelet
05:39:16        0      2303         -    0.00    0.00    0.00    0.00    0.00     0      0.00      0.00 1243560   17672   0.44     132      16      0.00      0.00      0.00       0  containerd-shim
05:39:16        0         -      2303    0.00    0.00    0.00    0.00    0.00     0      0.00      0.00 1243560   17672   0.44     132      16      0.00      0.00      0.00       0  |__containerd-shim
05:39:16        0         -      2307    0.00    0.00    0.00    0.00    0.00     1      0.00      0.00 1243560   17672   0.44     132      16      0.00      0.00      0.00       0  |__containerd-shim
05:39:16        0         -      2308    0.00    0.00    0.00    0.00    0.00     0      0.00      0.00 1243560   17672   0.44     132      16      0.00      0.00      0.00       0  |__containerd-shim
05:39:16        0         -      2309    0.00    0.00    0.00    0.00    0.00     1      0.00      0.00 1243560   17672   0.44     132      16      0.00      0.00      0.00       0  |__containerd-shim
05:39:16        0         -      2310    0.00    0.00    0.00    0.00    0.00     1      0.00      0.00 1243560   17672   0.44     132      16      0.00      0.00      0.00       0  |__containerd-shim
05:39:16        0         -      2312    0.00    0.00    0.00    0.00    0.00     0      0.00      0.00 1243560   17672   0.44     132      16      0.00      0.00      0.00       0  |__containerd-shim
05:39:16        0         -      2314    0.00    0.00    0.00    0.00    0.00     0      0.00      0.00 1243560   17672   0.44     132      16      0.00      0.00      0.00       0  |__containerd-shim
05:39:16        0         -      2316    0.00    0.00    0.00    0.00    0.00     1      0.00      0.00 1243560   17672   0.44     132      16      0.00      0.00      0.00       0  |__containerd-shim
05:39:16        0         -      2317    0.00    0.00    0.00    0.00    0.00     0      0.00      0.00 1243560   17672   0.44     132      16      0.00      0.00      0.00       0  |__containerd-shim
05:39:16        0         -      2323    0.00    0.00    0.00    0.00    0.00     1      0.00      0.00 1243560   17672   0.44     132      16      0.00      0.00      0.00       0  |__containerd-shim
05:39:16        0         -      2435    0.00    0.00    0.00    0.00    0.00     0      0.00      0.00 1243560   17672   0.44     132      16      0.00      0.00      0.00       0  |__containerd-shim
05:39:16        0         -      5956    0.00    0.00    0.00    0.00    0.00     0      0.00      0.00 1243560   17672   0.44     132      16      0.00      0.00      0.00       0  |__containerd-shim
05:39:16        0         -      5957    0.00    0.00    0.00    0.00    0.00     0      0.00      0.00 1243560   17672   0.44     132      16      0.00      0.00      0.00       0  |__containerd-shim
05:39:16        0         -     26803    0.00    0.00    0.00    0.00    0.00     1      0.00      0.00 1243560   17672   0.44     132      16      0.00      0.00      0.00       0  |__containerd-shim
05:39:16        0      2311         -    0.00    0.00    0.00    0.00    0.00     0      0.00      0.00 1243164   17656   0.44     132      16      0.00      0.00      0.00       0  containerd-shim
05:39:16        0         -      2311    0.00    0.00    0.00    0.00    0.00     0      0.00      0.00 1243164   17656   0.44     132      16      0.00      0.00      0.00       0  |__containerd-shim
05:39:16        0         -      2315    0.00    0.00    0.00    0.00    0.00     1      0.00      0.00 1243164   17656   0.44     132      16      0.00      0.00      0.00       0  |__containerd-shim
05:39:16        0         -      2318    0.00    0.00    0.00    0.00    0.00     0      0.00      0.00 1243164   17656   0.44     132      16      0.00      0.00      0.00       0  |__containerd-shim
05:39:16        0         -      2319    0.00    0.00    0.00    0.00    0.00     1      0.00      0.00 1243164   17656   0.44     132      16      0.00      0.00      0.00       0  |__containerd-shim
05:39:16        0         -      2320    0.00    0.00    0.00    0.00    0.00     0      0.00      0.00 1243164   17656   0.44     132      16      0.00      0.00      0.00       0  |__containerd-shim
05:39:16        0         -      2321    0.00    0.00    0.00    0.00    0.00     0      0.00      0.00 1243164   17656   0.44     132      16      0.00      0.00      0.00       0  |__containerd-shim
05:39:16        0         -      2325    0.00    0.00    0.00    0.00    0.00     0      0.00      0.00 1243164   17656   0.44     132      16      0.00      0.00      0.00       0  |__containerd-shim
05:39:16        0         -      2326    0.00    0.00    0.00    0.00    0.00     1      0.00      0.00 1243164   17656   0.44     132      16      0.00      0.00      0.00       0  |__containerd-shim
05:39:16        0         -      2327    0.00    0.00    0.00    0.00    0.00     0      0.00      0.00 1243164   17656   0.44     132      16      0.00      0.00      0.00       0  |__containerd-shim
05:39:16        0         -      2328    0.00    0.00    0.00    0.00    0.00     1      0.00      0.00 1243164   17656   0.44     132      16      0.00      0.00      0.00       0  |__containerd-shim
05:39:16        0         -      2440    0.00    0.00    0.00    0.00    0.00     1      0.00      0.00 1243164   17656   0.44     132      16      0.00      0.00      0.00       0  |__containerd-shim
05:39:16        0         -      2535    0.00    0.00    0.00    0.00    0.00     0      0.00      0.00 1243164   17656   0.44     132      16      0.00      0.00      0.00       0  |__containerd-shim
05:39:16        0         -      5958    0.00    0.00    0.00    0.00    0.00     1      0.00      0.00 1243164   17656   0.44     132      16      0.00      0.00      0.00       0  |__containerd-shim
05:39:16    65535      2354         -    0.00    0.00    0.00    0.00    0.00     1      0.00      0.00     972     512   0.01     132       8      0.00      0.00      0.00       0  pause
05:39:16    65535         -      2354    0.00    0.00    0.00    0.00    0.00     1      0.00      0.00     972     512   0.01     132       8      0.00      0.00      0.00       0  |__pause
05:39:16    65535      2361         -    0.00    0.00    0.00    0.00    0.00     1      0.00      0.00     972     512   0.01     132      12      0.00      0.00      0.00       0  pause
05:39:16    65535         -      2361    0.00    0.00    0.00    0.00    0.00     1      0.00      0.00     972     512   0.01     132      12      0.00      0.00      0.00       0  |__pause
05:39:16        0      2402         -    0.00    0.00    0.00    0.00    0.00     1      0.00      0.00 1299988   29724   0.74     132      16      0.00      0.00      0.00       0  kube-proxy
05:39:16        0         -      2402    0.00    0.00    0.00    0.00    0.00     1      0.00      0.00 1299988   29724   0.74     132      16      0.00      0.00      0.00       0  |__kube-proxy
05:39:16        0         -      2436    0.00    0.00    0.00    0.00    0.00     0      0.00      0.00 1299988   29724   0.74     132      16      0.00      0.00      0.00       0  |__kube-proxy
05:39:16        0         -      2437    0.00    0.00    0.00    0.00    0.00     0      0.00      0.00 1299988   29724   0.74     132      16      0.00      0.00      0.00       0  |__kube-proxy
05:39:16        0         -      2438    0.00    0.00    0.00    0.00    0.00     1      0.00      0.00 1299988   29724   0.74     132      16      0.00      0.00      0.00       0  |__kube-proxy
05:39:16        0         -      2439    0.00    0.00    0.00    0.00    0.00     0      0.00      0.00 1299988   29724   0.74     132      16      0.00      0.00      0.00       0  |__kube-proxy
05:39:16        0         -      2442    0.00    0.00    0.00    0.00    0.00     1      0.00      0.00 1299988   29724   0.74     132      16      0.00      0.00      0.00       0  |__kube-proxy
05:39:16        0         -      2445    0.00    0.00    0.00    0.50    0.00     0      0.00      0.00 1299988   29724   0.74     132      16      0.00      0.00      0.00       0  |__kube-proxy
05:39:16        0      2414         -    2.00    1.00    0.00    0.00    3.00     1      0.50      1.00 11809520  114428   2.85     132      16      4.00    138.00      0.00       0  etcd
05:39:16        0         -      2414    0.00    0.00    0.00    0.00    0.00     1      0.00      0.00 11809520  114428   2.85     132      16      0.00      8.00      0.00       0  |__etcd
05:39:16        0         -      2441    0.50    0.50    0.00    3.00    1.00     1      0.00      0.00 11809520  114428   2.85     132      16      0.00      0.00      0.00       0  |__etcd
05:39:16        0         -      2443    0.50    0.50    0.00    1.50    1.00     0      0.50      1.00 11809520  114428   2.85     132      16      4.00     64.00      0.00       0  |__etcd
05:39:16        0         -      2444    0.00    0.00    0.00    0.00    0.00     0      0.00      0.00 11809520  114428   2.85     132      16      0.00      0.00      0.00       0  |__etcd
05:39:16        0         -      2446    0.00    0.00    0.00    0.00    0.00     0      0.00      0.00 11809520  114428   2.85     132      16      0.00      0.00      0.00       0  |__etcd
05:39:16        0         -      2447    0.00    0.00    0.00    0.00    0.00     0      0.00      0.00 11809520  114428   2.85     132      16      0.00      0.00      0.00       0  |__etcd
05:39:16        0         -      2455    0.00    0.00    0.00    0.00    0.00     0      0.00      0.00 11809520  114428   2.85     132      16      0.00      0.00      0.00       0  |__etcd
05:39:16        0         -      2533    0.00    0.00    0.00    0.00    0.00     1      0.00      0.00 11809520  114428   2.85     132      16      0.00      0.00      0.00       0  |__etcd
05:39:16        0         -      2534    0.50    0.50    0.00    1.50    1.00     1      0.00      0.00 11809520  114428   2.85     132      16      0.00     30.00      0.00       0  |__etcd
05:39:16        0         -      4399    0.50    0.50    0.00    1.50    1.00     1      0.00      0.00 11809520  114428   2.85     132      16      0.00     36.00      0.00       0  |__etcd
05:39:16        0      2465         -    0.00    0.00    0.00    0.00    0.00     1      6.00      0.00 1243816   19032   0.47     132      12      0.00      2.00      2.00       0  containerd-shim
05:39:16        0         -      2465    0.00    0.00    0.00    0.00    0.00     1      0.00      0.00 1243816   19032   0.47     132      12      0.00      0.00      0.00       0  |__containerd-shim
05:39:16        0         -      2466    0.00    0.00    0.00    0.00    0.00     1      0.00      0.00 1243816   19032   0.47     132      12      0.00      0.00      0.00       0  |__containerd-shim
05:39:16        0         -      2467    0.00    0.00    0.00    0.00    0.00     0      0.00      0.00 1243816   19032   0.47     132      12      0.00      0.00      0.00       0  |__containerd-shim
05:39:16        0         -      2468    0.00    0.00    0.00    0.00    0.00     1      0.00      0.00 1243816   19032   0.47     132      12      0.00      0.00      0.00       0  |__containerd-shim
05:39:16        0         -      2469    0.00    0.00    0.00    0.00    0.00     1      4.00      0.00 1243816   19032   0.47     132      12      0.00      2.00      0.00       0  |__containerd-shim
05:39:16        0         -      2470    0.00    0.00    0.00    0.00    0.00     1      0.00      0.00 1243816   19032   0.47     132      12      0.00      0.00      0.00       0  |__containerd-shim
05:39:16        0         -      2471    0.00    0.00    0.00    0.00    0.00     1      0.00      0.00 1243816   19032   0.47     132      12      0.00      0.00      0.00       0  |__containerd-shim
05:39:16        0         -      2472    0.00    0.00    0.00    0.00    0.00     1      0.00      0.00 1243816   19032   0.47     132      12      0.00      0.00      0.00       0  |__containerd-shim
05:39:16        0         -      2473    0.00    0.00    0.00    0.00    0.00     1      0.00      0.00 1243816   19032   0.47     132      12      0.00      0.00      0.00       0  |__containerd-shim
05:39:16        0         -      2474    0.00    0.00    0.00    0.00    0.00     0      0.00      0.00 1243816   19032   0.47     132      12      0.00      0.00      0.00       0  |__containerd-shim
05:39:16        0         -      2966    0.00    0.00    0.00    0.50    0.00     0      1.50      0.00 1243816   19032   0.47     132      12      0.00      0.00      0.00       0  |__containerd-shim
05:39:16        0         -      2967    0.00    0.00    0.00    0.50    0.00     1      0.00      0.00 1243816   19032   0.47     132      12      0.00      0.00      0.00       0  |__containerd-shim
05:39:16        0         -      2968    0.00    0.00    0.00    0.00    0.00     1      0.50      0.00 1243816   19032   0.47     132      12      0.00      0.00      2.00       0  |__containerd-shim
05:39:16        0         -     11864    0.00    0.00    0.00    0.00    0.00     1      0.00      0.00 1243816   19032   0.47     132      12      0.00      0.00      0.00       0  |__containerd-shim
05:39:16    65535      2489         -    0.00    0.00    0.00    0.00    0.00     1      0.00      0.00     972     512   0.01     132      12      0.00      0.00      0.00       0  pause
05:39:16    65535         -      2489    0.00    0.00    0.00    0.00    0.00     1      0.00      0.00     972     512   0.01     132      12      0.00      0.00      0.00       0  |__pause
05:39:16        0      2514         -    6.00    2.00    0.00    0.00    8.00     1      2.00      0.00 2073192  760884  18.97     132      16      0.00      0.00      0.00       0  kube-apiserver
05:39:16        0         -      2514    0.00    0.00    0.00    0.00    0.00     1      0.00      0.00 2073192  760884  18.97     132      16      0.00      0.00      0.00       0  |__kube-apiserver
05:39:16        0         -      2526    0.50    1.00    0.00    4.50    1.50     1      0.00      0.00 2073192  760884  18.97     132      16      0.00      0.00      0.00       0  |__kube-apiserver
05:39:16        0         -      2527    0.00    0.00    0.00    0.00    0.00     0      0.00      0.00 2073192  760884  18.97     132      16      0.00      0.00      0.00       0  |__kube-apiserver
05:39:16        0         -      2528    1.00    0.00    0.00    1.50    1.00     1      0.00      0.00 2073192  760884  18.97     132      16      0.00      0.00      0.00       0  |__kube-apiserver
05:39:16        0         -      2529    0.00    0.00    0.00    0.00    0.00     1      0.00      0.00 2073192  760884  18.97     132      16      0.00      0.00      0.00       0  |__kube-apiserver
05:39:16        0         -      2530    0.00    0.00    0.00    0.00    0.00     1      0.00      0.00 2073192  760884  18.97     132      16      0.00      0.00      0.00       0  |__kube-apiserver
05:39:16        0         -      2531    2.00    0.50    0.00    2.00    2.50     1      0.00      0.00 2073192  760884  18.97     132      16      0.00      0.00      0.00       0  |__kube-apiserver
05:39:16        0         -      2532    0.00    0.00    0.00    0.00    0.00     1      0.00      0.00 2073192  760884  18.97     132      16      0.00      0.00      0.00       0  |__kube-apiserver
05:39:16        0         -      2690    0.50    0.50    0.00    1.50    1.00     1      2.00      0.00 2073192  760884  18.97     132      16      0.00      0.00      0.00       0  |__kube-apiserver
05:39:16        0         -      2767    1.50    0.50    0.00    2.00    2.00     1      0.00      0.00 2073192  760884  18.97     132      16      0.00      0.00      0.00       0  |__kube-apiserver
05:39:16        0         -      3840    0.00    0.00    0.00    0.00    0.00     1      0.00      0.00 2073192  760884  18.97     132      16      0.00      0.00      0.00       0  |__kube-apiserver
05:39:16        0      2549         -    0.00    0.00    0.00    0.00    0.00     0      0.00      0.00 1243676   17744   0.44     132      16      0.00      0.00      0.00       0  containerd-shim
05:39:16        0         -      2549    0.00    0.00    0.00    0.00    0.00     0      0.00      0.00 1243676   17744   0.44     132      16      0.00      0.00      0.00       0  |__containerd-shim
05:39:16        0         -      2550    0.00    0.00    0.00    0.00    0.00     1      0.00      0.00 1243676   17744   0.44     132      16      0.00      0.00      0.00       0  |__containerd-shim
05:39:16        0         -      2551    0.00    0.00    0.00    0.00    0.00     1      0.00      0.00 1243676   17744   0.44     132      16      0.00      0.00      0.00       0  |__containerd-shim
05:39:16        0         -      2552    0.00    0.00    0.00    0.00    0.00     0      0.00      0.00 1243676   17744   0.44     132      16      0.00      0.00      0.00       0  |__containerd-shim
05:39:16        0         -      2553    0.00    0.00    0.00    0.00    0.00     0      0.00      0.00 1243676   17744   0.44     132      16      0.00      0.00      0.00       0  |__containerd-shim
05:39:16        0         -      2554    0.00    0.00    0.00    0.00    0.00     1      0.00      0.00 1243676   17744   0.44     132      16      0.00      0.00      0.00       0  |__containerd-shim
05:39:16        0         -      2555    0.00    0.00    0.00    0.00    0.00     1      0.00      0.00 1243676   17744   0.44     132      16      0.00      0.00      0.00       0  |__containerd-shim
05:39:16        0         -      2556    0.00    0.00    0.00    0.00    0.00     0      0.00      0.00 1243676   17744   0.44     132      16      0.00      0.00      0.00       0  |__containerd-shim
05:39:16        0         -      2557    0.00    0.00    0.00    0.00    0.00     0      0.00      0.00 1243676   17744   0.44     132      16      0.00      0.00      0.00       0  |__containerd-shim
05:39:16        0         -      2558    0.00    0.00    0.00    0.00    0.00     1      0.00      0.00 1243676   17744   0.44     132      16      0.00      0.00      0.00       0  |__containerd-shim
05:39:16        0         -      2625    0.00    0.00    0.00    0.00    0.00     0      0.00      0.00 1243676   17744   0.44     132      16      0.00      0.00      0.00       0  |__containerd-shim
05:39:16        0         -      2970    0.00    0.00    0.00    0.00    0.00     0      0.00      0.00 1243676   17744   0.44     132      16      0.00      0.00      0.00       0  |__containerd-shim
05:39:16        0         -     13819    0.00    0.00    0.00    0.00    0.00     1      0.00      0.00 1243676   17744   0.44     132      16      0.00      0.00      0.00       0  |__containerd-shim
05:39:16        0      2563         -    0.00    0.00    0.00    0.00    0.00     0      0.00      0.00 1243676   17772   0.44     132      16      0.00      0.00      0.00       0  containerd-shim
05:39:16        0         -      2563    0.00    0.00    0.00    0.00    0.00     0      0.00      0.00 1243676   17772   0.44     132      16      0.00      0.00      0.00       0  |__containerd-shim
05:39:16        0         -      2566    0.00    0.00    0.00    0.00    0.00     0      0.00      0.00 1243676   17772   0.44     132      16      0.00      0.00      0.00       0  |__containerd-shim
05:39:16        0         -      2567    0.00    0.00    0.00    0.00    0.00     0      0.00      0.00 1243676   17772   0.44     132      16      0.00      0.00      0.00       0  |__containerd-shim
05:39:16        0         -      2568    0.00    0.00    0.00    0.00    0.00     1      0.00      0.00 1243676   17772   0.44     132      16      0.00      0.00      0.00       0  |__containerd-shim
05:39:16        0         -      2569    0.00    0.00    0.00    0.00    0.00     1      0.00      0.00 1243676   17772   0.44     132      16      0.00      0.00      0.00       0  |__containerd-shim
05:39:16        0         -      2570    0.00    0.00    0.00    0.00    0.00     1      0.00      0.00 1243676   17772   0.44     132      16      0.00      0.00      0.00       0  |__containerd-shim
05:39:16        0         -      2582    0.00    0.00    0.00    0.00    0.00     1      0.00      0.00 1243676   17772   0.44     132      16      0.00      0.00      0.00       0  |__containerd-shim
05:39:16        0         -      2583    0.00    0.00    0.00    0.00    0.00     1      0.00      0.00 1243676   17772   0.44     132      16      0.00      0.00      0.00       0  |__containerd-shim
05:39:16        0         -      2584    0.00    0.00    0.00    0.00    0.00     0      0.00      0.00 1243676   17772   0.44     132      16      0.00      0.00      0.00       0  |__containerd-shim
05:39:16        0         -      2585    0.00    0.00    0.00    0.00    0.00     1      0.00      0.00 1243676   17772   0.44     132      16      0.00      0.00      0.00       0  |__containerd-shim
05:39:16        0         -      2620    0.00    0.00    0.00    0.00    0.00     1      0.00      0.00 1243676   17772   0.44     132      16      0.00      0.00      0.00       0  |__containerd-shim
05:39:16        0         -      2965    0.00    0.00    0.00    0.00    0.00     0      0.00      0.00 1243676   17772   0.44     132      16      0.00      0.00      0.00       0  |__containerd-shim
05:39:16        0         -      5391    0.00    0.00    0.00    0.00    0.00     0      0.00      0.00 1243676   17772   0.44     132      16      0.00      0.00      0.00       0  |__containerd-shim
05:39:16    65535      2594         -    0.00    0.00    0.00    0.00    0.00     1      0.00      0.00     972     512   0.01     132      12      0.00      0.00      0.00       0  pause
05:39:16    65535         -      2594    0.00    0.00    0.00    0.00    0.00     1      0.00      0.00     972     512   0.01     132      12      0.00      0.00      0.00       0  |__pause
05:39:16    65535      2606         -    0.00    0.00    0.00    0.00    0.00     1      0.00      0.00     972     512   0.01     132      12      0.00      0.00      0.00       0  pause
05:39:16    65535         -      2606    0.00    0.00    0.00    0.00    0.00     1      0.00      0.00     972     512   0.01     132      12      0.00      0.00      0.00       0  |__pause
05:39:16        0      2645         -    0.50    0.50    0.00    0.00    1.00     1      0.00      0.00 1299856   45824   1.14     132      16      0.00      0.00      0.00       0  kube-scheduler
05:39:16        0         -      2645    0.00    0.00    0.00    0.00    0.00     1      0.00      0.00 1299856   45824   1.14     132      16      0.00      0.00      0.00       0  |__kube-scheduler
05:39:16        0         -      2672    0.00    0.50    0.00    0.50    0.50     1      0.00      0.00 1299856   45824   1.14     132      16      0.00      0.00      0.00       0  |__kube-scheduler
05:39:16        0         -      2673    0.00    0.00    0.00    0.50    0.00     1      0.00      0.00 1299856   45824   1.14     132      16      0.00      0.00      0.00       0  |__kube-scheduler
05:39:16        0         -      2674    0.00    0.00    0.00    0.00    0.00     1      0.00      0.00 1299856   45824   1.14     132      16      0.00      0.00      0.00       0  |__kube-scheduler
05:39:16        0         -      2675    0.00    0.00    0.00    0.00    0.00     1      0.00      0.00 1299856   45824   1.14     132      16      0.00      0.00      0.00       0  |__kube-scheduler
05:39:16        0         -      2681    0.00    0.00    0.00    0.00    0.00     1      0.00      0.00 1299856   45824   1.14     132      16      0.00      0.00      0.00       0  |__kube-scheduler
05:39:16        0         -      2686    0.50    0.00    0.00    0.00    0.50     1      0.00      0.00 1299856   45824   1.14     132      16      0.00      0.00      0.00       0  |__kube-scheduler
05:39:16        0         -      2687    0.00    0.00    0.00    0.00    0.00     0      0.00      0.00 1299856   45824   1.14     132      16      0.00      0.00      0.00       0  |__kube-scheduler
05:39:16        0         -      8556    0.00    0.00    0.00    0.00    0.00     1      0.00      0.00 1299856   45824   1.14     132      16      0.00      0.00      0.00       0  |__kube-scheduler
05:39:16        0      2657         -    1.00    0.50    0.00    0.50    1.50     1      0.00      0.00 1387092  106524   2.66     132      20      0.00      0.00      0.00       0  kube-controller
05:39:16        0         -      2657    0.00    0.00    0.00    0.50    0.00     1      0.00      0.00 1387092  106524   2.66     132      20      0.00      0.00      0.00       0  |__kube-controller
05:39:16        0         -      2682    0.00    0.50    0.00    1.00    0.50     1      0.00      0.00 1387092  106524   2.66     132      20      0.00      0.00      0.00       0  |__kube-controller
05:39:16        0         -      2683    0.00    0.00    0.00    0.00    0.00     1      0.00      0.00 1387092  106524   2.66     132      20      0.00      0.00      0.00       0  |__kube-controller
05:39:16        0         -      2684    0.00    0.00    0.00    0.50    0.00     0      0.00      0.00 1387092  106524   2.66     132      20      0.00      0.00      0.00       0  |__kube-controller
05:39:16        0         -      2685    0.00    0.00    0.00    0.00    0.00     1      0.00      0.00 1387092  106524   2.66     132      20      0.00      0.00      0.00       0  |__kube-controller
05:39:16        0         -      2688    0.50    0.00    0.00    0.50    0.50     0      0.00      0.00 1387092  106524   2.66     132      20      0.00      0.00      0.00       0  |__kube-controller
05:39:16        0         -      2689    0.00    0.50    0.00    0.50    0.50     1      0.00      0.00 1387092  106524   2.66     132      20      0.00      0.00      0.00       0  |__kube-controller
05:39:16        0      2699         -    0.00    0.00    0.00    0.00    0.00     0      0.00      0.00 1243740   17792   0.44     132      16      0.00      0.00      0.00       0  containerd-shim
05:39:16        0         -      2699    0.00    0.00    0.00    0.00    0.00     0      0.00      0.00 1243740   17792   0.44     132      16      0.00      0.00      0.00       0  |__containerd-shim
05:39:16        0         -      2701    0.00    0.00    0.00    0.00    0.00     1      0.00      0.00 1243740   17792   0.44     132      16      0.00      0.00      0.00       0  |__containerd-shim
05:39:16        0         -      2702    0.00    0.00    0.00    0.00    0.00     1      0.00      0.00 1243740   17792   0.44     132      16      0.00      0.00      0.00       0  |__containerd-shim
05:39:16        0         -      2703    0.00    0.00    0.00    0.00    0.00     0      0.00      0.00 1243740   17792   0.44     132      16      0.00      0.00      0.00       0  |__containerd-shim
05:39:16        0         -      2704    0.00    0.00    0.00    0.00    0.00     1      0.00      0.00 1243740   17792   0.44     132      16      0.00      0.00      0.00       0  |__containerd-shim
05:39:16        0         -      2705    0.00    0.00    0.00    0.00    0.00     0      0.00      0.00 1243740   17792   0.44     132      16      0.00      0.00      0.00       0  |__containerd-shim
05:39:16        0         -      2706    0.00    0.00    0.00    0.00    0.00     1      0.00      0.00 1243740   17792   0.44     132      16      0.00      0.00      0.00       0  |__containerd-shim
05:39:16        0         -      2707    0.00    0.00    0.00    0.00    0.00     0      0.00      0.00 1243740   17792   0.44     132      16      0.00      0.00      0.00       0  |__containerd-shim
05:39:16        0         -      2708    0.00    0.00    0.00    0.00    0.00     1      0.00      0.00 1243740   17792   0.44     132      16      0.00      0.00      0.00       0  |__containerd-shim
05:39:16        0         -      2728    0.00    0.00    0.00    0.00    0.00     0      0.00      0.00 1243740   17792   0.44     132      16      0.00      0.00      0.00       0  |__containerd-shim
05:39:16        0         -      2760    0.00    0.00    0.00    0.00    0.00     1      0.00      0.00 1243740   17792   0.44     132      16      0.00      0.00      0.00       0  |__containerd-shim
05:39:16        0         -      2976    0.00    0.00    0.00    0.00    0.00     1      0.00      0.00 1243740   17792   0.44     132      16      0.00      0.00      0.00       0  |__containerd-shim
05:39:16        0         -     10082    0.00    0.00    0.00    0.00    0.00     0      0.00      0.00 1243740   17792   0.44     132      16      0.00      0.00      0.00       0  |__containerd-shim
05:39:16    65535      2722         -    0.00    0.00    0.00    0.00    0.00     0      0.00      0.00     972     512   0.01     132      12      0.00      0.00      0.00       0  pause
05:39:16    65535         -      2722    0.00    0.00    0.00    0.00    0.00     0      0.00      0.00     972     512   0.01     132      12      0.00      0.00      0.00       0  |__pause
05:39:16        0      2746         -    0.50    0.50    0.00    0.00    1.00     0      1.00      0.00 1307632   31980   0.80     132      16      0.00      0.00      0.00       0  cloud-controlle
05:39:16        0         -      2746    0.00    0.00    0.00    0.00    0.00     0      0.00      0.00 1307632   31980   0.80     132      16      0.00      0.00      0.00       0  |__cloud-controlle
05:39:16        0         -      2761    0.00    0.00    0.00    0.50    0.00     1      0.00      0.00 1307632   31980   0.80     132      16      0.00      0.00      0.00       0  |__cloud-controlle
05:39:16        0         -      2762    0.00    0.00    0.00    0.00    0.00     0      0.00      0.00 1307632   31980   0.80     132      16      0.00      0.00      0.00       0  |__cloud-controlle
05:39:16        0         -      2763    0.50    0.50    0.00    0.00    1.00     1      1.00      0.00 1307632   31980   0.80     132      16      0.00      0.00      0.00       0  |__cloud-controlle
05:39:16        0         -      2764    0.00    0.00    0.00    0.00    0.00     0      0.00      0.00 1307632   31980   0.80     132      16      0.00      0.00      0.00       0  |__cloud-controlle
05:39:16        0         -      2765    0.00    0.00    0.00    0.00    0.00     1      0.00      0.00 1307632   31980   0.80     132      16      0.00      0.00      0.00       0  |__cloud-controlle
05:39:16        0         -      2766    0.00    0.00    0.00    0.00    0.00     0      0.00      0.00 1307632   31980   0.80     132      16      0.00      0.00      0.00       0  |__cloud-controlle
05:39:16        0      3719         -    0.00    0.00    0.00    0.00    0.00     1      0.00      0.00 1243164   17472   0.44     132       8      0.00      0.00      0.00       0  containerd-shim
05:39:16        0         -      3719    0.00    0.00    0.00    0.00    0.00     1      0.00      0.00 1243164   17472   0.44     132       8      0.00      0.00      0.00       0  |__containerd-shim
05:39:16        0         -      3720    0.00    0.00    0.00    0.00    0.00     0      0.00      0.00 1243164   17472   0.44     132       8      0.00      0.00      0.00       0  |__containerd-shim
05:39:16        0         -      3721    0.00    0.00    0.00    0.00    0.00     0      0.00      0.00 1243164   17472   0.44     132       8      0.00      0.00      0.00       0  |__containerd-shim
05:39:16        0         -      3722    0.00    0.00    0.00    0.00    0.00     1      0.00      0.00 1243164   17472   0.44     132       8      0.00      0.00      0.00       0  |__containerd-shim
05:39:16        0         -      3723    0.00    0.00    0.00    0.00    0.00     0      0.00      0.00 1243164   17472   0.44     132       8      0.00      0.00      0.00       0  |__containerd-shim
05:39:16        0         -      3724    0.00    0.00    0.00    0.00    0.00     0      0.00      0.00 1243164   17472   0.44     132       8      0.00      0.00      0.00       0  |__containerd-shim
05:39:16        0         -      3725    0.00    0.00    0.00    0.00    0.00     1      0.00      0.00 1243164   17472   0.44     132       8      0.00      0.00      0.00       0  |__containerd-shim
05:39:16        0         -      3726    0.00    0.00    0.00    0.00    0.00     0      0.00      0.00 1243164   17472   0.44     132       8      0.00      0.00      0.00       0  |__containerd-shim
05:39:16        0         -      3727    0.00    0.00    0.00    0.00    0.00     1      0.00      0.00 1243164   17472   0.44     132       8      0.00      0.00      0.00       0  |__containerd-shim
05:39:16        0         -      3728    0.00    0.00    0.00    0.00    0.00     0      0.00      0.00 1243164   17472   0.44     132       8      0.00      0.00      0.00       0  |__containerd-shim
05:39:16        0         -      3888    0.00    0.00    0.00    0.00    0.00     0      0.00      0.00 1243164   17472   0.44     132       8      0.00      0.00      0.00       0  |__containerd-shim
05:39:16        0         -      4277    0.00    0.00    0.00    0.00    0.00     0      0.00      0.00 1243164   17472   0.44     132       8      0.00      0.00      0.00       0  |__containerd-shim
05:39:16        0         -      4278    0.00    0.00    0.00    0.00    0.00     1      0.00      0.00 1243164   17472   0.44     132       8      0.00      0.00      0.00       0  |__containerd-shim
05:39:16    65535      3743         -    0.00    0.00    0.00    0.00    0.00     0      0.00      0.00     972     512   0.01     132      12      0.00      0.00      0.00       0  pause
05:39:16    65535         -      3743    0.00    0.00    0.00    0.00    0.00     0      0.00      0.00     972     512   0.01     132      12      0.00      0.00      0.00       0  |__pause
05:39:16    10001      3874         -    0.00    0.00    0.00    0.00    0.00     1      0.00      0.00 1903772   56448   1.41     132      16      0.00      0.00      0.00       0  operator
05:39:16    10001         -      3874    0.00    0.00    0.00    0.00    0.00     1      0.00      0.00 1903772   56448   1.41     132      16      0.00      0.00      0.00       0  |__operator
05:39:16    10001         -      3889    0.00    0.00    0.00    0.50    0.00     0      0.00      0.00 1903772   56448   1.41     132      16      0.00      0.00      0.00       0  |__operator
05:39:16    10001         -      3890    0.50    0.50    0.00    0.50    1.00     0      0.00      0.00 1903772   56448   1.41     132      16      0.00      0.00      0.00       0  |__operator
05:39:16    10001         -      3891    0.00    0.00    0.00    0.00    0.00     1      0.00      0.00 1903772   56448   1.41     132      16      0.00      0.00      0.00       0  |__operator
05:39:16    10001         -      3892    0.00    0.00    0.00    0.00    0.00     0      0.00      0.00 1903772   56448   1.41     132      16      0.00      0.00      0.00       0  |__operator
05:39:16    10001         -      3893    0.00    0.00    0.00    0.00    0.00     0      0.00      0.00 1903772   56448   1.41     132      16      0.00      0.00      0.00       0  |__operator
05:39:16    10001         -      3894    0.00    0.00    0.00    0.50    0.00     0      0.00      0.00 1903772   56448   1.41     132      16      0.00      0.00      0.00       0  |__operator
05:39:16    10001         -      3895    0.00    0.00    0.00    0.50    0.00     1      0.00      0.00 1903772   56448   1.41     132      16      0.00      0.00      0.00       0  |__operator
05:39:16    10001         -      3896    0.00    0.00    0.00    0.00    0.00     1      0.00      0.00 1903772   56448   1.41     132      16      0.00      0.00      0.00       0  |__operator
05:39:16        0      3914         -    0.00    0.00    0.00    0.00    0.00     1      0.00      0.00 1243420   18708   0.47     132      12      0.00      0.00      0.00       0  containerd-shim
05:39:16        0         -      3914    0.00    0.00    0.00    0.00    0.00     1      0.00      0.00 1243420   18708   0.47     132      12      0.00      0.00      0.00       0  |__containerd-shim
05:39:16        0         -      3915    0.00    0.00    0.00    0.00    0.00     0      0.00      0.00 1243420   18708   0.47     132      12      0.00      0.00      0.00       0  |__containerd-shim
05:39:16        0         -      3916    0.00    0.00    0.00    0.00    0.00     1      0.00      0.00 1243420   18708   0.47     132      12      0.00      0.00      0.00       0  |__containerd-shim
05:39:16        0         -      3917    0.00    0.00    0.00    0.00    0.00     1      0.00      0.00 1243420   18708   0.47     132      12      0.00      0.00      0.00       0  |__containerd-shim
05:39:16        0         -      3918    0.00    0.00    0.00    0.00    0.00     1      0.00      0.00 1243420   18708   0.47     132      12      0.00      0.00      0.00       0  |__containerd-shim
05:39:16        0         -      3919    0.00    0.00    0.00    0.00    0.00     0      0.00      0.00 1243420   18708   0.47     132      12      0.00      0.00      0.00       0  |__containerd-shim
05:39:16        0         -      3920    0.00    0.00    0.00    0.00    0.00     1      0.00      0.00 1243420   18708   0.47     132      12      0.00      0.00      0.00       0  |__containerd-shim
05:39:16        0         -      3921    0.00    0.00    0.00    0.00    0.00     1      0.00      0.00 1243420   18708   0.47     132      12      0.00      0.00      0.00       0  |__containerd-shim
05:39:16        0         -      3922    0.00    0.00    0.00    0.00    0.00     1      0.00      0.00 1243420   18708   0.47     132      12      0.00      0.00      0.00       0  |__containerd-shim
05:39:16        0         -      3923    0.00    0.00    0.00    0.00    0.00     0      0.00      0.00 1243420   18708   0.47     132      12      0.00      0.00      0.00       0  |__containerd-shim
05:39:16        0         -      4106    0.00    0.00    0.00    0.00    0.00     0      0.00      0.00 1243420   18708   0.47     132      12      0.00      0.00      0.00       0  |__containerd-shim
05:39:16        0         -      4107    0.00    0.00    0.00    0.00    0.00     0      0.00      0.00 1243420   18708   0.47     132      12      0.00      0.00      0.00       0  |__containerd-shim
05:39:16        0         -      6822    0.00    0.00    0.00    0.00    0.00     1      0.00      0.00 1243420   18708   0.47     132      12      0.00      0.00      0.00       0  |__containerd-shim
05:39:16    65535      3938         -    0.00    0.00    0.00    0.00    0.00     0      0.00      0.00     972     512   0.01     132      12      0.00      0.00      0.00       0  pause
05:39:16    65535         -      3938    0.00    0.00    0.00    0.00    0.00     0      0.00      0.00     972     512   0.01     132      12      0.00      0.00      0.00       0  |__pause
05:39:16        0      4418         -    0.00    0.00    0.00    0.00    0.00     1      0.00      0.00    4480    1152   0.03     132      12      0.00      0.00      0.00       0  runsvdir
05:39:16        0         -      4418    0.00    0.00    0.00    0.00    0.00     1      0.00      0.00    4480    1152   0.03     132      12      0.00      0.00      0.00       0  |__runsvdir
05:39:16        0      4530         -    0.00    0.00    0.00    0.00    0.00     0      0.00      0.00 1243420   17832   0.44     132      16      0.00      0.00      0.00       0  containerd-shim
05:39:16        0         -      4530    0.00    0.00    0.00    0.00    0.00     0      0.00      0.00 1243420   17832   0.44     132      16      0.00      0.00      0.00       0  |__containerd-shim
05:39:16        0         -      4533    0.00    0.00    0.00    0.00    0.00     0      0.00      0.00 1243420   17832   0.44     132      16      0.00      0.00      0.00       0  |__containerd-shim
05:39:16        0         -      4534    0.00    0.00    0.00    0.00    0.00     0      0.00      0.00 1243420   17832   0.44     132      16      0.00      0.00      0.00       0  |__containerd-shim
05:39:16        0         -      4535    0.00    0.00    0.00    0.00    0.00     1      0.00      0.00 1243420   17832   0.44     132      16      0.00      0.00      0.00       0  |__containerd-shim
05:39:16        0         -      4536    0.00    0.00    0.00    0.00    0.00     1      0.00      0.00 1243420   17832   0.44     132      16      0.00      0.00      0.00       0  |__containerd-shim
05:39:16        0         -      4537    0.00    0.00    0.00    0.00    0.00     0      0.00      0.00 1243420   17832   0.44     132      16      0.00      0.00      0.00       0  |__containerd-shim
05:39:16        0         -      4539    0.00    0.00    0.00    0.00    0.00     0      0.00      0.00 1243420   17832   0.44     132      16      0.00      0.00      0.00       0  |__containerd-shim
05:39:16        0         -      4540    0.00    0.00    0.00    0.00    0.00     0      0.00      0.00 1243420   17832   0.44     132      16      0.00      0.00      0.00       0  |__containerd-shim
05:39:16        0         -      4541    0.00    0.00    0.00    0.00    0.00     0      0.00      0.00 1243420   17832   0.44     132      16      0.00      0.00      0.00       0  |__containerd-shim
05:39:16        0         -      4543    0.00    0.00    0.00    0.00    0.00     1      0.00      0.00 1243420   17832   0.44     132      16      0.00      0.00      0.00       0  |__containerd-shim
05:39:16        0         -      4610    0.00    0.00    0.00    0.00    0.00     0      0.00      0.00 1243420   17832   0.44     132      16      0.00      0.00      0.00       0  |__containerd-shim
05:39:16        0         -      5674    0.00    0.00    0.00    0.00    0.00     0      0.00      0.00 1243420   17832   0.44     132      16      0.00      0.00      0.00       0  |__containerd-shim
05:39:16        0         -      6826    0.00    0.00    0.00    0.00    0.00     1      0.00      0.00 1243420   17832   0.44     132      16      0.00      0.00      0.00       0  |__containerd-shim
05:39:16    65535      4574         -    0.00    0.00    0.00    0.00    0.00     0      0.00      0.00     972     512   0.01     132      12      0.00      0.00      0.00       0  pause
05:39:16    65535         -      4574    0.00    0.00    0.00    0.00    0.00     0      0.00      0.00     972     512   0.01     132      12      0.00      0.00      0.00       0  |__pause
05:39:16        0      4698         -    0.00    0.00    0.00    0.00    0.00     0      0.00      0.00    4328    1152   0.03     132      12      0.00      0.00      0.00       0  runsv
05:39:16        0         -      4698    0.00    0.00    0.00    0.00    0.00     0      0.00      0.00    4328    1152   0.03     132      12      0.00      0.00      0.00       0  |__runsv
05:39:16        0      4699         -    0.00    0.00    0.00    0.00    0.00     1      0.00      0.00    4328    1152   0.03     132      12      0.00      0.00      0.00       0  runsv
05:39:16        0         -      4699    0.00    0.00    0.00    0.00    0.00     1      0.00      0.00    4328    1152   0.03     132      12      0.00      0.00      0.00       0  |__runsv
05:39:16        0      4700         -    0.00    0.00    0.00    0.00    0.00     0      0.00      0.00    4328    1152   0.03     132      16      0.00      0.00      0.00       0  runsv
05:39:16        0         -      4700    0.00    0.00    0.00    0.00    0.00     0      0.00      0.00    4328    1152   0.03     132      16      0.00      0.00      0.00       0  |__runsv
05:39:16        0      4701         -    0.00    0.00    0.00    0.00    0.00     0      0.00      0.00    4328    1152   0.03     132      12      0.00      0.00      0.00       0  runsv
05:39:16        0         -      4701    0.00    0.00    0.00    0.00    0.00     0      0.00      0.00    4328    1152   0.03     132      12      0.00      0.00      0.00       0  |__runsv
05:39:16        0      4702         -    0.00    0.00    0.00    0.00    0.00     0      0.00      0.00    4328    1152   0.03     132      12      0.00      0.00      0.00       0  runsv
05:39:16        0         -      4702    0.00    0.00    0.00    0.00    0.00     0      0.00      0.00    4328    1152   0.03     132      12      0.00      0.00      0.00       0  |__runsv
05:39:16        0      4703         -    0.00    0.00    0.00    0.00    0.00     1      0.00      0.00    4328    1152   0.03     132      16      0.00      0.00      0.00       0  runsv
05:39:16        0         -      4703    0.00    0.00    0.00    0.00    0.00     1      0.00      0.00    4328    1152   0.03     132      16      0.00      0.00      0.00       0  |__runsv
05:39:16        0      4704         -    0.00    0.00    0.00    0.00    0.00     1      0.00      0.00    4472    1152   0.03     132      12      0.00      0.00      0.00       0  svlogd
05:39:16        0         -      4704    0.00    0.00    0.00    0.00    0.00     1      0.00      0.00    4472    1152   0.03     132      12      0.00      0.00      0.00       0  |__svlogd
05:39:16        0      4705         -    0.00    0.00    0.00    0.00    0.00     1      0.00      0.00 1753800   53112   1.32     132      16      0.00      0.00      0.00       0  calico-node
05:39:16        0         -      4705    0.00    0.00    0.00    0.00    0.00     1      0.00      0.00 1753800   53112   1.32     132      16      0.00      0.00      0.00       0  |__calico-node
05:39:16        0         -      4747    0.00    0.00    0.00    0.00    0.00     0      0.00      0.00 1753800   53112   1.32     132      16      0.00      0.00      0.00       0  |__calico-node
05:39:16        0         -      4748    0.00    0.00    0.00    0.00    0.00     1      0.00      0.00 1753800   53112   1.32     132      16      0.00      0.00      0.00       0  |__calico-node
05:39:16        0         -      4749    0.00    0.00    0.00    0.00    0.00     0      0.00      0.00 1753800   53112   1.32     132      16      0.00      0.00      0.00       0  |__calico-node
05:39:16        0         -      4750    0.00    0.00    0.00    0.00    0.00     0      0.00      0.00 1753800   53112   1.32     132      16      0.00      0.00      0.00       0  |__calico-node
05:39:16        0         -      4765    0.00    0.00    0.00    0.00    0.00     1      0.00      0.00 1753800   53112   1.32     132      16      0.00      0.00      0.00       0  |__calico-node
05:39:16        0      4706         -    0.00    0.00    0.00    0.00    0.00     0      0.00      0.00   12004    1792   0.04     132      12      0.00      0.00      0.00       0  run
05:39:16        0         -      4706    0.00    0.00    0.00    0.00    0.00     0      0.00      0.00   12004    1792   0.04     132      12      0.00      0.00      0.00       0  |__run
05:39:16        0      4707         -    0.00    0.00    0.00    0.00    0.00     0      0.00      0.00   12004    1792   0.04     132      12      0.00      0.00      0.00       0  run
05:39:16        0         -      4707    0.00    0.00    0.00    0.00    0.00     0      0.00      0.00   12004    1792   0.04     132      12      0.00      0.00      0.00       0  |__run
05:39:16        0      4709         -    0.00    0.00    0.00    0.00    0.00     1      0.00      0.00   12004    1920   0.05     132      12      0.00      0.00      0.00       0  run
05:39:16        0         -      4709    0.00    0.00    0.00    0.00    0.00     1      0.00      0.00   12004    1920   0.05     132      12      0.00      0.00      0.00       0  |__run
05:39:16        0      4710         -    0.00    0.00    0.00    0.00    0.00     1      0.00      0.00 1827276   47596   1.19     132      16      0.00      0.00      0.00       0  calico-node
05:39:16        0         -      4710    0.00    0.00    0.00    0.00    0.00     1      0.00      0.00 1827276   47596   1.19     132      16      0.00      0.00      0.00       0  |__calico-node
05:39:16        0         -      4753    0.00    0.00    0.00    0.00    0.00     1      0.00      0.00 1827276   47596   1.19     132      16      0.00      0.00      0.00       0  |__calico-node
05:39:16        0         -      4754    0.00    0.00    0.00    0.00    0.00     0      0.00      0.00 1827276   47596   1.19     132      16      0.00      0.00      0.00       0  |__calico-node
05:39:16        0         -      4755    0.00    0.00    0.00    0.00    0.00     1      0.00      0.00 1827276   47596   1.19     132      16      0.00      0.00      0.00       0  |__calico-node
05:39:16        0         -      4759    0.00    0.00    0.00    0.00    0.00     1      0.00      0.00 1827276   47596   1.19     132      16      0.00      0.00      0.00       0  |__calico-node
05:39:16        0         -      4761    0.00    0.00    0.00    0.00    0.00     1      0.00      0.00 1827276   47596   1.19     132      16      0.00      0.00      0.00       0  |__calico-node
05:39:16        0         -      4763    0.00    0.00    0.00    0.00    0.00     1      0.00      0.00 1827276   47596   1.19     132      16      0.00      0.00      0.00       0  |__calico-node
05:39:16        0      4711         -    0.00    0.00    0.00    0.00    0.00     1      0.00      0.00   12004    1920   0.05     132      16      0.00      0.00      0.00       0  run
05:39:16        0         -      4711    0.00    0.00    0.00    0.00    0.00     1      0.00      0.00   12004    1920   0.05     132      16      0.00      0.00      0.00       0  |__run
05:39:16        0      4713         -    0.00    0.00    0.00    0.00    0.00     1      0.00      0.00 1827532   48240   1.20     132      20      0.00      0.00      0.00       0  calico-node
05:39:16        0         -      4713    0.00    0.00    0.00    0.00    0.00     1      0.00      0.00 1827532   48240   1.20     132      20      0.00      0.00      0.00       0  |__calico-node
05:39:16        0         -      4731    0.00    0.00    0.00    0.00    0.00     1      0.00      0.00 1827532   48240   1.20     132      20      0.00      0.00      0.00       0  |__calico-node
05:39:16        0         -      4732    0.00    0.00    0.00    0.00    0.00     1      0.00      0.00 1827532   48240   1.20     132      20      0.00      0.00      0.00       0  |__calico-node
05:39:16        0         -      4733    0.00    0.00    0.00    0.00    0.00     0      0.00      0.00 1827532   48240   1.20     132      20      0.00      0.00      0.00       0  |__calico-node
05:39:16        0         -      4734    0.00    0.00    0.00    0.00    0.00     0      0.00      0.00 1827532   48240   1.20     132      20      0.00      0.00      0.00       0  |__calico-node
05:39:16        0         -      4762    0.00    0.00    0.00    0.00    0.00     1      0.00      0.00 1827532   48240   1.20     132      20      0.00      0.00      0.00       0  |__calico-node
05:39:16        0         -      4764    0.00    0.00    0.00    0.00    0.00     1      0.00      0.00 1827532   48240   1.20     132      20      0.00      0.00      0.00       0  |__calico-node
05:39:16        0      4736         -    0.00    0.00    0.00    0.00    0.00     0      0.00      0.00   12004     912   0.02     132      12      0.00      0.00      0.00       0  run
05:39:16        0         -      4736    0.00    0.00    0.00    0.00    0.00     0      0.00      0.00   12004     912   0.02     132      12      0.00      0.00      0.00       0  |__run
05:39:16        0      4737         -    0.00    0.00    0.00    0.00    0.00     0      0.00      0.00   23148    1920   0.05     132      16      0.00      0.00      0.00       0  tee
05:39:16        0         -      4737    0.00    0.00    0.00    0.00    0.00     0      0.00      0.00   23148    1920   0.05     132      16      0.00      0.00      0.00       0  |__tee
05:39:16        0      4738         -    0.00    0.00    0.00    0.00    0.00     0      0.00      0.00    4472    1024   0.03     132      12      0.00      0.00      0.00       0  svlogd
05:39:16        0         -      4738    0.00    0.00    0.00    0.00    0.00     0      0.00      0.00    4472    1024   0.03     132      12      0.00      0.00      0.00       0  |__svlogd
05:39:16        0      4739         -    0.00    0.00    0.00    0.00    0.00     1      0.00      0.00   12004    1040   0.03     132      12      0.00      0.00      0.00       0  run
05:39:16        0         -      4739    0.00    0.00    0.00    0.00    0.00     1      0.00      0.00   12004    1040   0.03     132      12      0.00      0.00      0.00       0  |__run
05:39:16        0      4740         -    0.00    0.00    0.00    0.00    0.00     0      0.00      0.00   23148    1536   0.04     132      16      0.00      0.00      0.00       0  tee
05:39:16        0         -      4740    0.00    0.00    0.00    0.00    0.00     0      0.00      0.00   23148    1536   0.04     132      16      0.00      0.00      0.00       0  |__tee
05:39:16        0      4741         -    0.00    0.00    0.00    0.00    0.00     1      0.00      0.00    4472    1152   0.03     132      12      0.00      0.00      0.00       0  svlogd
05:39:16        0         -      4741    0.00    0.00    0.00    0.00    0.00     1      0.00      0.00    4472    1152   0.03     132      12      0.00      0.00      0.00       0  |__svlogd
05:39:16        0      4742         -    0.00    0.00    0.00    0.00    0.00     1      0.00      0.00   12004    1040   0.03     132      12      0.00      0.00      0.00       0  run
05:39:16        0         -      4742    0.00    0.00    0.00    0.00    0.00     1      0.00      0.00   12004    1040   0.03     132      12      0.00      0.00      0.00       0  |__run
05:39:16        0      4743         -    0.00    0.00    0.00    0.00    0.00     1      0.00      0.00   23148    1664   0.04     132      20      0.00      0.00      0.00       0  tee
05:39:16        0         -      4743    0.00    0.00    0.00    0.00    0.00     1      0.00      0.00   23148    1664   0.04     132      20      0.00      0.00      0.00       0  |__tee
05:39:16        0      4744         -    0.00    0.00    0.00    0.00    0.00     1      0.00      0.00   12004    1040   0.03     132      12      0.00      0.00      0.00       0  run
05:39:16        0         -      4744    0.00    0.00    0.00    0.00    0.00     1      0.00      0.00   12004    1040   0.03     132      12      0.00      0.00      0.00       0  |__run
05:39:16        0      4745         -    0.00    0.00    0.00    0.00    0.00     0      0.00      0.00   23148    1792   0.04     132      16      0.00      0.00      0.00       0  tee
05:39:16        0         -      4745    0.00    0.00    0.00    0.00    0.00     0      0.00      0.00   23148    1792   0.04     132      16      0.00      0.00      0.00       0  |__tee
05:39:16        0      4746         -    0.00    0.00    0.00    0.00    0.00     0      0.00      0.00    4472    1152   0.03     132      16      0.00      0.00      0.00       0  svlogd
05:39:16        0         -      4746    0.00    0.00    0.00    0.00    0.00     0      0.00      0.00    4472    1152   0.03     132      16      0.00      0.00      0.00       0  |__svlogd
05:39:16        0      4751         -    0.00    0.00    0.00    0.00    0.00     0      0.00      0.00    4472    1152   0.03     132      12      0.00      0.00      0.00       0  svlogd
05:39:16        0         -      4751    0.00    0.00    0.00    0.00    0.00     0      0.00      0.00    4472    1152   0.03     132      12      0.00      0.00      0.00       0  |__svlogd
05:39:16    10001      4865         -    0.00    0.00    0.00    0.00    0.00     0      0.00      0.00 1285120   41532   1.04     132      16      0.00      0.00      0.00       0  calico-typha
05:39:16    10001         -      4865    0.00    0.00    0.00    0.00    0.00     0      0.00      0.00 1285120   41532   1.04     132      16      0.00      0.00      0.00       0  |__calico-typha
05:39:16    10001         -      4877    0.00    0.00    0.00    0.50    0.00     1      0.00      0.00 1285120   41532   1.04     132      16      0.00      0.00      0.00       0  |__calico-typha
05:39:16    10001         -      4878    0.00    0.00    0.00    0.00    0.00     1      0.00      0.00 1285120   41532   1.04     132      16      0.00      0.00      0.00       0  |__calico-typha
05:39:16    10001         -      4879    0.00    0.00    0.00    0.00    0.00     1      0.00      0.00 1285120   41532   1.04     132      16      0.00      0.00      0.00       0  |__calico-typha
05:39:16    10001         -      4880    0.00    0.00    0.00    0.00    0.00     1      0.00      0.00 1285120   41532   1.04     132      16      0.00      0.00      0.00       0  |__calico-typha
05:39:16    10001         -      4881    0.50    0.00    0.00    0.00    0.50     1      0.00      0.00 1285120   41532   1.04     132      16      0.00      0.00      0.00       0  |__calico-typha
05:39:16    10001         -      4882    0.00    0.00    0.00    0.00    0.00     0      0.00      0.00 1285120   41532   1.04     132      16      0.00      0.00      0.00       0  |__calico-typha
05:39:16    10001         -      4883    0.50    0.00    0.00    0.00    0.50     0      0.00      0.00 1285120   41532   1.04     132      16      0.00      0.00      0.00       0  |__calico-typha
05:39:16    10001         -     10535    0.00    0.00    0.00    0.00    0.00     0      0.00      0.00 1285120   41532   1.04     132      16      0.00      0.00      0.00       0  |__calico-typha
05:39:16        0      4899         -    1.00    0.50    0.00    0.00    1.50     1      0.00      0.00 2049240   67320   1.68     132      16      0.00      0.00      0.00       0  calico-node
05:39:16        0         -      4899    0.00    0.00    0.00    0.00    0.00     1      0.00      0.00 2049240   67320   1.68     132      16      0.00      0.00      0.00       0  |__calico-node
05:39:16        0         -      4900    0.50    0.50    0.00    2.00    1.00     1      0.00      0.00 2049240   67320   1.68     132      16      0.00      0.00      0.00       0  |__calico-node
05:39:16        0         -      4901    0.00    0.00    0.00    0.00    0.00     0      0.00      0.00 2049240   67320   1.68     132      16      0.00      0.00      0.00       0  |__calico-node
05:39:16        0         -      4902    0.00    0.00    0.00    0.00    0.00     1      0.00      0.00 2049240   67320   1.68     132      16      0.00      0.00      0.00       0  |__calico-node
05:39:16        0         -      4903    0.00    0.00    0.00    0.00    0.00     1      0.00      0.00 2049240   67320   1.68     132      16      0.00      0.00      0.00       0  |__calico-node
05:39:16        0         -      4904    0.50    0.00    0.00    1.50    0.50     1      0.00      0.00 2049240   67320   1.68     132      16      0.00      0.00      0.00       0  |__calico-node
05:39:16        0         -      4941    0.00    0.00    0.00    0.00    0.00     0      0.00      0.00 2049240   67320   1.68     132      16      0.00      0.00      0.00       0  |__calico-node
05:39:16        0         -      4945    0.00    0.00    0.00    1.00    0.00     1      0.00      0.00 2049240   67320   1.68     132      16      0.00      0.00      0.00       0  |__calico-node
05:39:16        0         -      4946    0.00    0.00    0.00    0.00    0.00     1      0.00      0.00 2049240   67320   1.68     132      16      0.00      0.00      0.00       0  |__calico-node
05:39:16        0         -      4947    0.00    0.00    0.00    0.50    0.00     1      0.00      0.00 2049240   67320   1.68     132      16      0.00      0.00      0.00       0  |__calico-node
05:39:16        0      4916         -    0.00    0.00    0.00    0.00    0.00     1      0.00      0.00 1753800   49408   1.23     132      12      0.00      0.00      0.00       0  calico-node
05:39:16        0         -      4916    0.00    0.00    0.00    0.00    0.00     1      0.00      0.00 1753800   49408   1.23     132      12      0.00      0.00      0.00       0  |__calico-node
05:39:16        0         -      4918    0.00    0.00    0.00    0.00    0.00     0      0.00      0.00 1753800   49408   1.23     132      12      0.00      0.00      0.00       0  |__calico-node
05:39:16        0         -      4919    0.00    0.00    0.00    0.00    0.00     1      0.00      0.00 1753800   49408   1.23     132      12      0.00      0.00      0.00       0  |__calico-node
05:39:16        0         -      4920    0.00    0.00    0.00    0.00    0.00     1      0.00      0.00 1753800   49408   1.23     132      12      0.00      0.00      0.00       0  |__calico-node
05:39:16        0         -      4921    0.00    0.00    0.00    0.00    0.00     1      0.00      0.00 1753800   49408   1.23     132      12      0.00      0.00      0.00       0  |__calico-node
05:39:16        0         -      4927    0.00    0.00    0.00    0.00    0.00     0      0.00      0.00 1753800   49408   1.23     132      12      0.00      0.00      0.00       0  |__calico-node
05:39:16        0      4917         -    0.00    0.00    0.00    0.00    0.00     0      0.00      0.00 1753800   50168   1.25     132      12      0.00      0.00      0.00       0  calico-node
05:39:16        0         -      4917    0.00    0.00    0.00    0.00    0.00     0      0.00      0.00 1753800   50168   1.25     132      12      0.00      0.00      0.00       0  |__calico-node
05:39:16        0         -      4922    0.00    0.00    0.00    0.00    0.00     0      0.00      0.00 1753800   50168   1.25     132      12      0.00      0.00      0.00       0  |__calico-node
05:39:16        0         -      4923    0.00    0.00    0.00    0.00    0.00     0      0.00      0.00 1753800   50168   1.25     132      12      0.00      0.00      0.00       0  |__calico-node
05:39:16        0         -      4924    0.00    0.00    0.00    0.00    0.00     1      0.00      0.00 1753800   50168   1.25     132      12      0.00      0.00      0.00       0  |__calico-node
05:39:16        0         -      4925    0.00    0.00    0.00    0.00    0.00     0      0.00      0.00 1753800   50168   1.25     132      12      0.00      0.00      0.00       0  |__calico-node
05:39:16        0         -      4926    0.00    0.00    0.00    0.00    0.00     1      0.00      0.00 1753800   50168   1.25     132      12      0.00      0.00      0.00       0  |__calico-node
05:39:16        0      5104         -    0.00    0.00    0.00    0.00    0.00     0      0.00      0.00 1243420   18140   0.45     132      12      0.00      0.00      0.00       0  containerd-shim
05:39:16        0         -      5104    0.00    0.00    0.00    0.00    0.00     0      0.00      0.00 1243420   18140   0.45     132      12      0.00      0.00      0.00       0  |__containerd-shim
05:39:16        0         -      5106    0.00    0.00    0.00    0.00    0.00     0      0.00      0.00 1243420   18140   0.45     132      12      0.00      0.00      0.00       0  |__containerd-shim
05:39:16        0         -      5107    0.00    0.00    0.00    0.00    0.00     0      0.00      0.00 1243420   18140   0.45     132      12      0.00      0.00      0.00       0  |__containerd-shim
05:39:16        0         -      5108    0.00    0.00    0.00    0.00    0.00     1      0.00      0.00 1243420   18140   0.45     132      12      0.00      0.00      0.00       0  |__containerd-shim
05:39:16        0         -      5109    0.00    0.00    0.00    0.00    0.00     1      0.00      0.00 1243420   18140   0.45     132      12      0.00      0.00      0.00       0  |__containerd-shim
05:39:16        0         -      5110    0.00    0.00    0.00    0.00    0.00     0      0.00      0.00 1243420   18140   0.45     132      12      0.00      0.00      0.00       0  |__containerd-shim
05:39:16        0         -      5112    0.00    0.00    0.00    0.00    0.00     0      0.00      0.00 1243420   18140   0.45     132      12      0.00      0.00      0.00       0  |__containerd-shim
05:39:16        0         -      5113    0.00    0.00    0.00    0.00    0.00     0      0.00      0.00 1243420   18140   0.45     132      12      0.00      0.00      0.00       0  |__containerd-shim
05:39:16        0         -      5114    0.00    0.00    0.00    0.00    0.00     0      0.00      0.00 1243420   18140   0.45     132      12      0.00      0.00      0.00       0  |__containerd-shim
05:39:16        0         -      5138    0.00    0.00    0.00    0.00    0.00     0      0.00      0.00 1243420   18140   0.45     132      12      0.00      0.00      0.00       0  |__containerd-shim
05:39:16        0         -      5140    0.00    0.00    0.00    0.00    0.00     0      0.00      0.00 1243420   18140   0.45     132      12      0.00      0.00      0.00       0  |__containerd-shim
05:39:16        0         -      5146    0.00    0.00    0.00    0.00    0.00     1      0.00      0.00 1243420   18140   0.45     132      12      0.00      0.00      0.00       0  |__containerd-shim
05:39:16        0         -      5955    0.00    0.00    0.00    0.00    0.00     1      0.00      0.00 1243420   18140   0.45     132      12      0.00      0.00      0.00       0  |__containerd-shim
05:39:16    65535      5132         -    0.00    0.00    0.00    0.00    0.00     1      0.00      0.00     972     512   0.01     132       8      0.00      0.00      0.00       0  pause
05:39:16    65535         -      5132    0.00    0.00    0.00    0.00    0.00     1      0.00      0.00     972     512   0.01     132       8      0.00      0.00      0.00       0  |__pause
05:39:16        0      5274         -    0.00    0.00    0.00    0.00    0.00     1      0.00      0.00 1243676   17708   0.44     132      12      0.00      0.00      0.00       0  containerd-shim
05:39:16        0         -      5274    0.00    0.00    0.00    0.00    0.00     1      0.00      0.00 1243676   17708   0.44     132      12      0.00      0.00      0.00       0  |__containerd-shim
05:39:16        0         -      5276    0.00    0.00    0.00    0.00    0.00     0      0.00      0.00 1243676   17708   0.44     132      12      0.00      0.00      0.00       0  |__containerd-shim
05:39:16        0         -      5277    0.00    0.00    0.00    0.00    0.00     1      0.00      0.00 1243676   17708   0.44     132      12      0.00      0.00      0.00       0  |__containerd-shim
05:39:16        0         -      5278    0.00    0.00    0.00    0.00    0.00     0      0.00      0.00 1243676   17708   0.44     132      12      0.00      0.00      0.00       0  |__containerd-shim
05:39:16        0         -      5279    0.00    0.00    0.00    0.00    0.00     1      0.00      0.00 1243676   17708   0.44     132      12      0.00      0.00      0.00       0  |__containerd-shim
05:39:16        0         -      5280    0.00    0.00    0.00    0.00    0.00     1      0.00      0.00 1243676   17708   0.44     132      12      0.00      0.00      0.00       0  |__containerd-shim
05:39:16        0         -      5282    0.00    0.00    0.00    0.00    0.00     0      0.00      0.00 1243676   17708   0.44     132      12      0.00      0.00      0.00       0  |__containerd-shim
05:39:16        0         -      5283    0.00    0.00    0.00    0.00    0.00     1      0.00      0.00 1243676   17708   0.44     132      12      0.00      0.00      0.00       0  |__containerd-shim
05:39:16        0         -      5284    0.00    0.00    0.00    0.00    0.00     1      0.00      0.00 1243676   17708   0.44     132      12      0.00      0.00      0.00       0  |__containerd-shim
05:39:16        0         -      5285    0.00    0.00    0.00    0.00    0.00     1      0.00      0.00 1243676   17708   0.44     132      12      0.00      0.00      0.00       0  |__containerd-shim
05:39:16        0         -      5620    0.00    0.00    0.00    0.00    0.00     0      0.00      0.00 1243676   17708   0.44     132      12      0.00      0.00      0.00       0  |__containerd-shim
05:39:16        0         -      5621    0.00    0.00    0.00    0.00    0.00     0      0.00      0.00 1243676   17708   0.44     132      12      0.00      0.00      0.00       0  |__containerd-shim
05:39:16        0         -     14091    0.00    0.00    0.00    0.00    0.00     0      0.00      0.00 1243676   17708   0.44     132      12      0.00      0.00      0.00       0  |__containerd-shim
05:39:16    65535      5309         -    0.00    0.00    0.00    0.00    0.00     0      0.00      0.00     972     512   0.01     132      16      0.00      0.00      0.00       0  pause
05:39:16    65535         -      5309    0.00    0.00    0.00    0.00    0.00     0      0.00      0.00     972     512   0.01     132      16      0.00      0.00      0.00       0  |__pause
05:39:16        0      5368         -    0.00    0.00    0.00    0.00    0.00     0      0.00      0.00 1243164   17772   0.44     132      16      0.00      0.00      0.00       0  containerd-shim
05:39:16        0         -      5368    0.00    0.00    0.00    0.00    0.00     0      0.00      0.00 1243164   17772   0.44     132      16      0.00      0.00      0.00       0  |__containerd-shim
05:39:16        0         -      5369    0.00    0.00    0.00    0.00    0.00     0      0.00      0.00 1243164   17772   0.44     132      16      0.00      0.00      0.00       0  |__containerd-shim
05:39:16        0         -      5370    0.00    0.00    0.00    0.00    0.00     0      0.00      0.00 1243164   17772   0.44     132      16      0.00      0.00      0.00       0  |__containerd-shim
05:39:16        0         -      5371    0.00    0.00    0.00    0.00    0.00     0      0.00      0.00 1243164   17772   0.44     132      16      0.00      0.00      0.00       0  |__containerd-shim
05:39:16        0         -      5372    0.00    0.00    0.00    0.00    0.00     1      0.00      0.00 1243164   17772   0.44     132      16      0.00      0.00      0.00       0  |__containerd-shim
05:39:16        0         -      5373    0.00    0.00    0.00    0.00    0.00     0      0.00      0.00 1243164   17772   0.44     132      16      0.00      0.00      0.00       0  |__containerd-shim
05:39:16        0         -      5375    0.00    0.00    0.00    0.00    0.00     0      0.00      0.00 1243164   17772   0.44     132      16      0.00      0.00      0.00       0  |__containerd-shim
05:39:16        0         -      5376    0.00    0.00    0.00    0.00    0.00     1      0.00      0.00 1243164   17772   0.44     132      16      0.00      0.00      0.00       0  |__containerd-shim
05:39:16        0         -      5377    0.00    0.00    0.00    0.00    0.00     1      0.00      0.00 1243164   17772   0.44     132      16      0.00      0.00      0.00       0  |__containerd-shim
05:39:16        0         -      5428    0.00    0.00    0.00    0.00    0.00     1      0.00      0.00 1243164   17772   0.44     132      16      0.00      0.00      0.00       0  |__containerd-shim
05:39:16        0         -      5430    0.00    0.00    0.00    0.00    0.00     0      0.00      0.00 1243164   17772   0.44     132      16      0.00      0.00      0.00       0  |__containerd-shim
05:39:16        0         -      5720    0.00    0.00    0.00    0.00    0.00     0      0.00      0.00 1243164   17772   0.44     132      16      0.00      0.00      0.00       0  |__containerd-shim
05:39:16        0         -      7324    0.00    0.00    0.00    0.00    0.00     1      0.00      0.00 1243164   17772   0.44     132      16      0.00      0.00      0.00       0  |__containerd-shim
05:39:16    65535      5394         -    0.00    0.00    0.00    0.00    0.00     0      0.00      0.00     972     512   0.01     132       4      0.00      0.00      0.00       0  pause
05:39:16    65535         -      5394    0.00    0.00    0.00    0.00    0.00     0      0.00      0.00     972     512   0.01     132       4      0.00      0.00      0.00       0  |__pause
05:39:16      999      5521         -    0.00    0.00    0.00    0.00    0.00     1      0.00      0.00 1242220    2176   0.05     132      16      0.00      0.00      0.00       0  wrapper
05:39:16      999         -      5521    0.00    0.00    0.00    0.00    0.00     1      0.00      0.00 1242220    2176   0.05     132      16      0.00      0.00      0.00       0  |__wrapper
05:39:16      999         -      5533    0.00    0.00    0.00    0.00    0.00     0      0.00      0.00 1242220    2176   0.05     132      16      0.00      0.00      0.00       0  |__wrapper
05:39:16      999         -      5534    0.00    0.00    0.00    0.00    0.00     0      0.00      0.00 1242220    2176   0.05     132      16      0.00      0.00      0.00       0  |__wrapper
05:39:16      999         -      5535    0.00    0.00    0.00    0.00    0.00     0      0.00      0.00 1242220    2176   0.05     132      16      0.00      0.00      0.00       0  |__wrapper
05:39:16      999         -      5536    0.00    0.00    0.00    0.00    0.00     1      0.00      0.00 1242220    2176   0.05     132      16      0.00      0.00      0.00       0  |__wrapper
05:39:16      999         -      5537    0.00    0.00    0.00    0.00    0.00     1      0.00      0.00 1242220    2176   0.05     132      16      0.00      0.00      0.00       0  |__wrapper
05:39:16      999         -      5538    0.00    0.00    0.00    0.00    0.00     1      0.00      0.00 1242220    2176   0.05     132      16      0.00      0.00      0.00       0  |__wrapper
05:39:16      999      5540         -    0.00    0.00    0.00    0.50    0.00     1      0.00      0.00 1288820   30988   0.77     132      16      0.00      0.00      0.00       0  kube-controller
05:39:16      999         -      5540    0.00    0.00    0.00    0.50    0.00     1      0.00      0.00 1288820   30988   0.77     132      16      0.00      0.00      0.00       0  |__kube-controller
05:39:16      999         -      5541    0.00    0.00    0.00    0.50    0.00     1      0.00      0.00 1288820   30988   0.77     132      16      0.00      0.00      0.00       0  |__kube-controller
05:39:16      999         -      5542    0.00    0.00    0.00    0.00    0.00     0      0.00      0.00 1288820   30988   0.77     132      16      0.00      0.00      0.00       0  |__kube-controller
05:39:16      999         -      5543    0.50    0.00    0.00    0.50    0.50     1      0.00      0.00 1288820   30988   0.77     132      16      0.00      0.00      0.00       0  |__kube-controller
05:39:16      999         -      5544    0.00    0.00    0.00    0.00    0.00     1      0.00      0.00 1288820   30988   0.77     132      16      0.00      0.00      0.00       0  |__kube-controller
05:39:16        0      5606         -    0.00    0.00    0.00    0.00    0.00     1      1.50      0.00 1275800   17428   0.43     132      12      0.00      0.00      0.00       0  cluster-proport
05:39:16        0         -      5606    0.00    0.00    0.00    0.00    0.00     1      1.00      0.00 1275800   17428   0.43     132      12      0.00      0.00      0.00       0  |__cluster-proport
05:39:16        0         -      5622    0.00    0.00    0.00    0.00    0.00     1      0.00      0.00 1275800   17428   0.43     132      12      0.00      0.00      0.00       0  |__cluster-proport
05:39:16        0         -      5623    0.00    0.00    0.00    0.00    0.00     0      0.50      0.00 1275800   17428   0.43     132      12      0.00      0.00      0.00       0  |__cluster-proport
05:39:16        0         -      5624    0.00    0.00    0.00    0.00    0.00     0      0.00      0.00 1275800   17428   0.43     132      12      0.00      0.00      0.00       0  |__cluster-proport
05:39:16        0         -      5625    0.00    0.00    0.00    0.00    0.00     1      0.00      0.00 1275800   17428   0.43     132      12      0.00      0.00      0.00       0  |__cluster-proport
05:39:16        0         -      5626    0.00    0.00    0.00    0.00    0.00     0      0.00      0.00 1275800   17428   0.43     132      12      0.00      0.00      0.00       0  |__cluster-proport
05:39:16        0      5640         -    0.00    0.00    0.00    0.00    0.00     1      0.00      0.00 1305692   23936   0.60     132      16      0.00      0.00      0.00       0  coredns
05:39:16        0         -      5640    0.00    0.00    0.00    0.00    0.00     1      0.00      0.00 1305692   23936   0.60     132      16      0.00      0.00      0.00       0  |__coredns
05:39:16        0         -      5651    0.00    0.00    0.00    0.00    0.00     0      0.00      0.00 1305692   23936   0.60     132      16      0.00      0.00      0.00       0  |__coredns
05:39:16        0         -      5652    0.00    0.00    0.00    0.00    0.00     0      0.00      0.00 1305692   23936   0.60     132      16      0.00      0.00      0.00       0  |__coredns
05:39:16        0         -      5653    0.00    0.00    0.00    0.00    0.00     0      0.00      0.00 1305692   23936   0.60     132      16      0.00      0.00      0.00       0  |__coredns
05:39:16        0         -      5654    0.00    0.00    0.00    0.00    0.00     0      0.00      0.00 1305692   23936   0.60     132      16      0.00      0.00      0.00       0  |__coredns
05:39:16        0         -      5655    0.00    0.00    0.00    0.00    0.00     1      0.00      0.00 1305692   23936   0.60     132      16      0.00      0.00      0.00       0  |__coredns
05:39:16        0         -      6319    0.00    0.00    0.00    0.00    0.00     1      0.00      0.00 1305692   23936   0.60     132      16      0.00      0.00      0.00       0  |__coredns
05:39:16        0      8231         -    0.00    0.00    0.00    0.00    0.00     0      0.00      0.00 1243420   17684   0.44     132      16      0.00      0.00      0.00       0  containerd-shim
05:39:16        0         -      8231    0.00    0.00    0.00    0.00    0.00     0      0.00      0.00 1243420   17684   0.44     132      16      0.00      0.00      0.00       0  |__containerd-shim
05:39:16        0         -      8232    0.00    0.00    0.00    0.00    0.00     0      0.00      0.00 1243420   17684   0.44     132      16      0.00      0.00      0.00       0  |__containerd-shim
05:39:16        0         -      8233    0.00    0.00    0.00    0.00    0.00     1      0.00      0.00 1243420   17684   0.44     132      16      0.00      0.00      0.00       0  |__containerd-shim
05:39:16        0         -      8234    0.00    0.00    0.00    0.00    0.00     1      0.00      0.00 1243420   17684   0.44     132      16      0.00      0.00      0.00       0  |__containerd-shim
05:39:16        0         -      8235    0.00    0.00    0.00    0.00    0.00     1      0.00      0.00 1243420   17684   0.44     132      16      0.00      0.00      0.00       0  |__containerd-shim
05:39:16        0         -      8236    0.00    0.00    0.00    0.00    0.00     1      0.00      0.00 1243420   17684   0.44     132      16      0.00      0.00      0.00       0  |__containerd-shim
05:39:16        0         -      8240    0.00    0.00    0.00    0.00    0.00     1      0.00      0.00 1243420   17684   0.44     132      16      0.00      0.00      0.00       0  |__containerd-shim
05:39:16        0         -      8241    0.00    0.00    0.00    0.00    0.00     0      0.00      0.00 1243420   17684   0.44     132      16      0.00      0.00      0.00       0  |__containerd-shim
05:39:16        0         -      8242    0.00    0.00    0.00    0.00    0.00     1      0.00      0.00 1243420   17684   0.44     132      16      0.00      0.00      0.00       0  |__containerd-shim
05:39:16        0         -      8269    0.00    0.00    0.00    0.00    0.00     1      0.00      0.00 1243420   17684   0.44     132      16      0.00      0.00      0.00       0  |__containerd-shim
05:39:16        0         -      8295    0.00    0.00    0.00    0.00    0.00     1      0.00      0.00 1243420   17684   0.44     132      16      0.00      0.00      0.00       0  |__containerd-shim
05:39:16        0         -      8296    0.00    0.00    0.00    0.00    0.00     0      0.00      0.00 1243420   17684   0.44     132      16      0.00      0.00      0.00       0  |__containerd-shim
05:39:16        0         -      8527    0.00    0.00    0.00    0.00    0.00     0      0.00      0.00 1243420   17684   0.44     132      16      0.00      0.00      0.00       0  |__containerd-shim
05:39:16    65535      8260         -    0.00    0.00    0.00    0.00    0.00     1      0.00      0.00     972     512   0.01     132      12      0.00      0.00      0.00       0  pause
05:39:16    65535         -      8260    0.00    0.00    0.00    0.00    0.00     1      0.00      0.00     972     512   0.01     132      12      0.00      0.00      0.00       0  |__pause
05:39:16        0      8288         -    0.00    0.00    0.00    0.00    0.00     0      0.00      0.00    2684     256   0.01     132      16      0.00      0.00      0.00       0  tini
05:39:16        0         -      8288    0.00    0.00    0.00    0.00    0.00     0      0.00      0.00    2684     256   0.01     132      16      0.00      0.00      0.00       0  |__tini
05:39:16        0      8352         -    2.00    1.00    0.00    0.00    3.00     0     74.50      0.00 1703492  290364   7.24     132      16      2.00    446.00      0.00       0  agent
05:39:16        0         -      8352    0.00    0.00    0.00    0.00    0.00     0      0.00      0.00 1703544  290364   7.24     132      16      0.00      0.00      0.00       0  |__agent
05:39:16        0         -      8353    0.50    0.50    0.00    5.00    1.00     1      0.00      0.00 1703544  290364   7.24     132      16      0.00      0.00      0.00       0  |__agent
05:39:16        0         -      8354    1.00    0.00    0.00    4.50    1.00     1     16.00      0.00 1703724  290492   7.24     132      16      0.00     72.00      0.00       0  |__agent
05:39:16        0         -      8355    0.00    0.00    0.00    0.00    0.00     1      0.00      0.00 1703840  290620   7.25     132      16      0.00      0.00      0.00       0  |__agent
05:39:16        0         -      8367    0.50    0.00    0.00    2.50    0.50     1     28.50      0.00 1703900  290748   7.25     132      16      0.00    180.00      0.00       0  |__agent
05:39:16        0         -      8368    0.00    0.00    0.00    0.00    0.00     1      0.00      0.00 1703960  290748   7.25     132      16      0.00      0.00      0.00       0  |__agent
05:39:16        0         -      8381    0.00    0.00    0.00    0.00    0.00     1      0.00      0.00 1703960  290748   7.25     132      16      0.00      0.00      0.00       0  |__agent
05:39:16        0         -      8382    0.50    0.00    0.00    0.50    0.50     1     61.50      0.00 1704072  290876   7.25     132      16      0.00     58.00      0.00       0  |__agent
05:39:16        0         -      8530    0.00    0.00    0.00    0.00    0.00     0      0.00      0.00 1704080  290876   7.25     132      16      0.00      0.00      0.00       0  |__agent
05:39:16        0         -      8555    0.00    0.00    0.00    1.00    0.00     1      0.00      0.00 1704312  291004   7.26     132      16      0.00      0.00      0.00       0  |__agent
05:39:16        0         -      8557    0.00    0.00    0.00    0.00    0.00     1      0.00      0.00 1704312  291004   7.26     132      16      0.00      0.00      0.00       0  |__agent
05:39:16        0         -      8558    0.50    0.00    0.00    5.50    0.50     1     33.00      0.00 1704372  291132   7.26     132      16      2.00    194.00      0.00       0  |__agent
05:39:16        0      9277         -    0.00    0.00    0.00    0.00    0.00     0      0.00      0.00 1243420   17856   0.45     132      16      0.00      0.00      0.00       0  containerd-shim
05:39:16        0         -      9277    0.00    0.00    0.00    0.00    0.00     0      0.00      0.00 1243420   17856   0.45     132      16      0.00      0.00      0.00       0  |__containerd-shim
05:39:16        0         -      9280    0.00    0.00    0.00    0.00    0.00     1      0.00      0.00 1243420   17856   0.45     132      16      0.00      0.00      0.00       0  |__containerd-shim
05:39:16        0         -      9281    0.00    0.00    0.00    0.00    0.00     1      0.00      0.00 1243420   17856   0.45     132      16      0.00      0.00      0.00       0  |__containerd-shim
05:39:16        0         -      9283    0.00    0.00    0.00    0.00    0.00     1      0.00      0.00 1243420   17856   0.45     132      16      0.00      0.00      0.00       0  |__containerd-shim
05:39:16        0         -      9284    0.00    0.00    0.00    0.00    0.00     1      0.00      0.00 1243420   17856   0.45     132      16      0.00      0.00      0.00       0  |__containerd-shim
05:39:16        0         -      9285    0.00    0.00    0.00    0.00    0.00     1      0.00      0.00 1243420   17856   0.45     132      16      0.00      0.00      0.00       0  |__containerd-shim
05:39:16        0         -      9287    0.00    0.00    0.00    0.00    0.00     1      0.00      0.00 1243420   17856   0.45     132      16      0.00      0.00      0.00       0  |__containerd-shim
05:39:16        0         -      9288    0.00    0.00    0.00    0.00    0.00     1      0.00      0.00 1243420   17856   0.45     132      16      0.00      0.00      0.00       0  |__containerd-shim
05:39:16        0         -      9289    0.00    0.00    0.00    0.00    0.00     0      0.00      0.00 1243420   17856   0.45     132      16      0.00      0.00      0.00       0  |__containerd-shim
05:39:16        0         -      9290    0.00    0.00    0.00    0.00    0.00     1      0.00      0.00 1243420   17856   0.45     132      16      0.00      0.00      0.00       0  |__containerd-shim
05:39:16        0         -      9318    0.00    0.00    0.00    0.00    0.00     1      0.00      0.00 1243420   17856   0.45     132      16      0.00      0.00      0.00       0  |__containerd-shim
05:39:16        0         -      9349    0.00    0.00    0.00    0.00    0.00     0      0.00      0.00 1243420   17856   0.45     132      16      0.00      0.00      0.00       0  |__containerd-shim
05:39:16        0         -     14954    0.00    0.00    0.00    0.00    0.00     1      0.00      0.00 1243420   17856   0.45     132      16      0.00      0.00      0.00       0  |__containerd-shim
05:39:16    65535      9311         -    0.00    0.00    0.00    0.00    0.00     0      0.00      0.00     972     512   0.01     132      12      0.00      0.00      0.00       0  pause
05:39:16    65535         -      9311    0.00    0.00    0.00    0.00    0.00     0      0.00      0.00     972     512   0.01     132      12      0.00      0.00      0.00       0  |__pause
05:39:16        0      9336         -    0.00    0.00    0.00    0.00    0.00     1      0.00      0.00    2684     128   0.00     132       8      0.00      0.00      0.00       0  tini
05:39:16        0         -      9336    0.00    0.00    0.00    0.00    0.00     1      0.00      0.00    2684     128   0.00     132       8      0.00      0.00      0.00       0  |__tini
05:39:16        0      9401         -    1.00    0.50    0.00    0.00    1.50     0      0.00      0.00 1634640  224960   5.61     132      16      0.00      0.00      0.00       0  agent
05:39:16        0         -      9401    0.00    0.00    0.00    0.00    0.00     0      0.00      0.00 1634640  224960   5.61     132      16      0.00      0.00      0.00       0  |__agent
05:39:16        0         -      9402    0.00    0.00    0.00    2.00    0.00     1      0.00      0.00 1634640  224960   5.61     132      16      0.00      0.00      0.00       0  |__agent
05:39:16        0         -      9403    0.00    0.00    0.00    0.00    0.00     0      0.00      0.00 1634640  224960   5.61     132      16      0.00      0.00      0.00       0  |__agent
05:39:16        0         -      9404    0.00    0.00    0.00    0.00    0.00     1      0.00      0.00 1634640  224960   5.61     132      16      0.00      0.00      0.00       0  |__agent
05:39:16        0         -      9405    0.00    0.00    0.00    0.00    0.00     1      0.00      0.00 1634640  224960   5.61     132      16      0.00      0.00      0.00       0  |__agent
05:39:16        0         -      9414    0.00    0.00    0.00    0.00    0.00     0      0.00      0.00 1634640  224960   5.61     132      16      0.00      0.00      0.00       0  |__agent
05:39:16        0         -      9415    0.00    0.50    0.00    1.50    0.50     1      0.00      0.00 1634640  224960   5.61     132      16      0.00      0.00      0.00       0  |__agent
05:39:16        0         -      9416    0.00    0.00    0.00    0.00    0.00     0      0.00      0.00 1634640  224960   5.61     132      16      0.00      0.00      0.00       0  |__agent
05:39:16        0         -      9553    0.50    0.00    0.00    2.00    0.50     1      0.00      0.00 1634640  224960   5.61     132      16      0.00      0.00      0.00       0  |__agent
05:39:16        0         -      9554    0.50    0.00    0.00    0.50    0.50     1      0.00      0.00 1634640  224960   5.61     132      16      0.00      0.00      0.00       0  |__agent
05:39:16        0      9690         -    0.00    0.00    0.00    0.00    0.00     0      0.00      0.00 1243164   17708   0.44     132      16      0.00      0.00      0.00       0  containerd-shim
05:39:16        0         -      9690    0.00    0.00    0.00    0.00    0.00     0      0.00      0.00 1243164   17708   0.44     132      16      0.00      0.00      0.00       0  |__containerd-shim
05:39:16        0         -      9691    0.00    0.00    0.00    0.00    0.00     1      0.00      0.00 1243164   17708   0.44     132      16      0.00      0.00      0.00       0  |__containerd-shim
05:39:16        0         -      9692    0.00    0.00    0.00    0.00    0.00     1      0.00      0.00 1243164   17708   0.44     132      16      0.00      0.00      0.00       0  |__containerd-shim
05:39:16        0         -      9693    0.00    0.00    0.00    0.00    0.00     1      0.00      0.00 1243164   17708   0.44     132      16      0.00      0.00      0.00       0  |__containerd-shim
05:39:16        0         -      9694    0.00    0.00    0.00    0.00    0.00     1      0.00      0.00 1243164   17708   0.44     132      16      0.00      0.00      0.00       0  |__containerd-shim
05:39:16        0         -      9695    0.00    0.00    0.00    0.00    0.00     1      0.00      0.00 1243164   17708   0.44     132      16      0.00      0.00      0.00       0  |__containerd-shim
05:39:16        0         -      9696    0.00    0.00    0.00    0.00    0.00     1      0.00      0.00 1243164   17708   0.44     132      16      0.00      0.00      0.00       0  |__containerd-shim
05:39:16        0         -      9697    0.00    0.00    0.00    0.00    0.00     1      0.00      0.00 1243164   17708   0.44     132      16      0.00      0.00      0.00       0  |__containerd-shim
05:39:16        0         -      9698    0.00    0.00    0.00    0.00    0.00     0      0.00      0.00 1243164   17708   0.44     132      16      0.00      0.00      0.00       0  |__containerd-shim
05:39:16        0         -      9724    0.00    0.00    0.00    0.00    0.00     1      0.00      0.00 1243164   17708   0.44     132      16      0.00      0.00      0.00       0  |__containerd-shim
05:39:16        0         -      9725    0.00    0.00    0.00    0.00    0.00     1      0.00      0.00 1243164   17708   0.44     132      16      0.00      0.00      0.00       0  |__containerd-shim
05:39:16        0         -      9894    0.00    0.00    0.00    0.00    0.00     0      0.00      0.00 1243164   17708   0.44     132      16      0.00      0.00      0.00       0  |__containerd-shim
05:39:16        0         -      9895    0.00    0.00    0.00    0.00    0.00     0      0.00      0.00 1243164   17708   0.44     132      16      0.00      0.00      0.00       0  |__containerd-shim
05:39:16    65535      9713         -    0.00    0.00    0.00    0.00    0.00     1      0.00      0.00     972     512   0.01     132      16      0.00      0.00      0.00       0  pause
05:39:16    65535         -      9713    0.00    0.00    0.00    0.00    0.00     1      0.00      0.00     972     512   0.01     132      16      0.00      0.00      0.00       0  |__pause
05:39:16     1000      9799         -    0.00    0.00    0.00    0.00    0.00     1      0.00      0.00 1285008   60876   1.52     132       4      0.00      0.00      0.00       0  webhook
05:39:16     1000         -      9799    0.00    0.00    0.00    0.00    0.00     1      0.00      0.00 1285008   60876   1.52     132       4      0.00      0.00      0.00       0  |__webhook
05:39:16     1000         -      9811    0.00    0.00    0.00    0.00    0.00     1      0.00      0.00 1285008   60876   1.52     132       4      0.00      0.00      0.00       0  |__webhook
05:39:16     1000         -      9812    0.00    0.00    0.00    0.00    0.00     1      0.00      0.00 1285008   60876   1.52     132       4      0.00      0.00      0.00       0  |__webhook
05:39:16     1000         -      9813    0.00    0.00    0.00    0.00    0.00     1      0.00      0.00 1285008   60876   1.52     132       4      0.00      0.00      0.00       0  |__webhook
05:39:16     1000         -      9814    0.00    0.00    0.00    0.00    0.00     0      0.00      0.00 1285008   60876   1.52     132       4      0.00      0.00      0.00       0  |__webhook
05:39:16     1000         -      9815    0.00    0.00    0.00    0.00    0.00     0      0.00      0.00 1285008   60876   1.52     132       4      0.00      0.00      0.00       0  |__webhook
05:39:16     1000         -      9816    0.00    0.00    0.00    0.00    0.00     1      0.00      0.00 1285008   60876   1.52     132       4      0.00      0.00      0.00       0  |__webhook
05:39:16     1000         -      9817    0.00    0.00    0.00    0.00    0.00     1      0.00      0.00 1285008   60876   1.52     132       4      0.00      0.00      0.00       0  |__webhook
05:39:16        0     10450         -    0.00    0.00    0.00    0.00    0.00     1      0.00      0.00 1243420   17792   0.44     132      16      0.00      0.00      0.00       0  containerd-shim
05:39:16        0         -     10450    0.00    0.00    0.00    0.00    0.00     1      0.00      0.00 1243420   17792   0.44     132      16      0.00      0.00      0.00       0  |__containerd-shim
05:39:16        0         -     10452    0.00    0.00    0.00    0.00    0.00     1      0.00      0.00 1243420   17792   0.44     132      16      0.00      0.00      0.00       0  |__containerd-shim
05:39:16        0         -     10453    0.00    0.00    0.00    0.00    0.00     1      0.00      0.00 1243420   17792   0.44     132      16      0.00      0.00      0.00       0  |__containerd-shim
05:39:16        0         -     10454    0.00    0.00    0.00    0.00    0.00     1      0.00      0.00 1243420   17792   0.44     132      16      0.00      0.00      0.00       0  |__containerd-shim
05:39:16        0         -     10455    0.00    0.00    0.00    0.00    0.00     0      0.00      0.00 1243420   17792   0.44     132      16      0.00      0.00      0.00       0  |__containerd-shim
05:39:16        0         -     10456    0.00    0.00    0.00    0.00    0.00     1      0.00      0.00 1243420   17792   0.44     132      16      0.00      0.00      0.00       0  |__containerd-shim
05:39:16        0         -     10457    0.00    0.00    0.00    0.00    0.00     0      0.00      0.00 1243420   17792   0.44     132      16      0.00      0.00      0.00       0  |__containerd-shim
05:39:16        0         -     10458    0.00    0.00    0.00    0.00    0.00     0      0.00      0.00 1243420   17792   0.44     132      16      0.00      0.00      0.00       0  |__containerd-shim
05:39:16        0         -     10459    0.00    0.00    0.00    0.00    0.00     0      0.00      0.00 1243420   17792   0.44     132      16      0.00      0.00      0.00       0  |__containerd-shim
05:39:16        0         -     10460    0.00    0.00    0.00    0.00    0.00     0      0.00      0.00 1243420   17792   0.44     132      16      0.00      0.00      0.00       0  |__containerd-shim
05:39:16        0         -     10623    0.00    0.00    0.00    0.00    0.00     0      0.00      0.00 1243420   17792   0.44     132      16      0.00      0.00      0.00       0  |__containerd-shim
05:39:16        0         -     11272    0.00    0.00    0.00    0.00    0.00     1      0.00      0.00 1243420   17792   0.44     132      16      0.00      0.00      0.00       0  |__containerd-shim
05:39:16        0         -     13434    0.00    0.00    0.00    0.00    0.00     0      0.00      0.00 1243420   17792   0.44     132      16      0.00      0.00      0.00       0  |__containerd-shim
05:39:16    65535     10476         -    0.00    0.00    0.00    0.00    0.00     0      0.00      0.00     972     512   0.01     132       8      0.00      0.00      0.00       0  pause
05:39:16    65535         -     10476    0.00    0.00    0.00    0.00    0.00     0      0.00      0.00     972     512   0.01     132       8      0.00      0.00      0.00       0  |__pause
05:39:16    65534     10609         -    0.00    0.00    0.00    0.00    0.00     0      0.00      0.00 1276068   48352   1.21     132      16      0.00      0.00      0.00       0  system-upgrade-
05:39:16    65534         -     10609    0.00    0.00    0.00    0.00    0.00     0      0.00      0.00 1276068   48352   1.21     132      16      0.00      0.00      0.00       0  |__system-upgrade-
05:39:16    65534         -     10624    0.00    0.00    0.00    0.00    0.00     1      0.00      0.00 1276068   48352   1.21     132      16      0.00      0.00      0.00       0  |__system-upgrade-
05:39:16    65534         -     10625    0.00    0.00    0.00    0.00    0.00     0      0.00      0.00 1276068   48352   1.21     132      16      0.00      0.00      0.00       0  |__system-upgrade-
05:39:16    65534         -     10626    0.00    0.00    0.00    0.00    0.00     0      0.00      0.00 1276068   48352   1.21     132      16      0.00      0.00      0.00       0  |__system-upgrade-
05:39:16    65534         -     10627    0.00    0.00    0.00    0.00    0.00     1      0.00      0.00 1276068   48352   1.21     132      16      0.00      0.00      0.00       0  |__system-upgrade-
05:39:16    65534         -     10628    0.00    0.00    0.00    0.00    0.00     1      0.00      0.00 1276068   48352   1.21     132      16      0.00      0.00      0.00       0  |__system-upgrade-
05:39:16    65534         -     10629    0.00    0.00    0.00    0.00    0.00     1      0.00      0.00 1276068   48352   1.21     132      16      0.00      0.00      0.00       0  |__system-upgrade-
05:39:16    65534         -     10630    0.00    0.00    0.00    0.00    0.00     1      0.00      0.00 1276068   48352   1.21     132      16      0.00      0.00      0.00       0  |__system-upgrade-
05:39:16    65534         -     10631    0.00    0.00    0.00    0.50    0.00     1      0.00      0.00 1276068   48352   1.21     132      16      0.00      0.00      0.00       0  |__system-upgrade-
05:39:16        0     11033         -    0.00    0.00    0.00    0.00    0.00     0      0.00      0.00 1284552   38408   0.96     132      16      0.00      0.00      0.00       0  rancher-system-
05:39:16        0         -     11033    0.00    0.00    0.00    0.00    0.00     0      0.00      0.00 1284552   38408   0.96     132      16      0.00      0.00      0.00       0  |__rancher-system-
05:39:16        0         -     11036    0.00    0.00    0.00    0.00    0.00     0      0.00      0.00 1284552   38408   0.96     132      16      0.00      0.00      0.00       0  |__rancher-system-
05:39:16        0         -     11037    0.00    0.00    0.00    0.00    0.00     1      0.00      0.00 1284552   38408   0.96     132      16      0.00      0.00      0.00       0  |__rancher-system-
05:39:16        0         -     11038    0.00    0.00    0.00    0.00    0.00     0      0.00      0.00 1284552   38408   0.96     132      16      0.00      0.00      0.00       0  |__rancher-system-
05:39:16        0         -     11045    0.00    0.00    0.00    0.00    0.00     0      0.00      0.00 1284552   38408   0.96     132      16      0.00      0.00      0.00       0  |__rancher-system-
05:39:16        0         -     11058    0.00    0.00    0.00    0.00    0.00     1      0.00      0.00 1284552   38408   0.96     132      16      0.00      0.00      0.00       0  |__rancher-system-
05:39:16        0         -     11059    0.00    0.00    0.00    0.00    0.00     0      0.00      0.00 1284552   38408   0.96     132      16      0.00      0.00      0.00       0  |__rancher-system-
05:39:16        0         -     11062    0.00    0.00    0.00    0.00    0.00     1      0.00      0.00 1284552   38408   0.96     132      16      0.00      0.00      0.00       0  |__rancher-system-
05:39:16        0         -     14858    0.00    0.00    0.00    0.00    0.00     0      0.00      0.00 1284552   38408   0.96     132      16      0.00      0.00      0.00       0  |__rancher-system-
05:39:16        0     11440         -    0.00    0.00    0.00    0.00    0.00     1      0.00      0.00       0       0   0.00       0       0      0.00      0.00      0.00       0  psimon
05:39:16        0         -     11440    0.00    0.00    0.00    0.00    0.00     1      0.00      0.00       0       0   0.00       0       0      0.00      0.00      0.00       0  |__psimon
05:39:16        0     14766         -    0.00    0.00    0.00    0.00    0.00     1      0.00      0.00       0       0   0.00       0       0      0.00      0.00      0.00       0  kworker/u6:0-events_power_efficient
05:39:16        0         -     14766    0.00    0.00    0.00    0.00    0.00     1      0.00      0.00       0       0   0.00       0       0      0.00      0.00      0.00       0  |__kworker/u6:0-events_power_efficient
05:39:16        0     17634         -    0.00    0.00    0.00    0.00    0.00     1      0.00      0.00       0       0   0.00       0       0      0.00      0.00      0.00       0  kworker/1:1-events
05:39:16        0         -     17634    0.00    0.00    0.00    0.00    0.00     1      0.00      0.00       0       0   0.00       0       0      0.00      0.00      0.00       0  |__kworker/1:1-events
05:39:16        0     17998         -    0.00    0.00    0.00    0.00    0.00     1      0.00      0.00   12020    8064   0.20     132      44      0.00      0.00      0.00       0  sshd
05:39:16        0         -     17998    0.00    0.00    0.00    0.00    0.00     1      0.00      0.00   12020    8064   0.20     132      44      0.00      0.00      0.00       0  |__sshd
05:39:16        0     17999         -    0.00    0.00    0.00    0.00    0.00     0      0.00      0.00   14972   10368   0.26     272     272      0.00      0.00      0.00       0  sshd
05:39:16        0         -     17999    0.00    0.00    0.00    0.00    0.00     0      0.00      0.00   14972   10368   0.26     272     272      0.00      0.00      0.00       0  |__sshd
05:39:16        0     18003         -    0.00    0.00    0.00    0.00    0.00     1      0.00      0.00       0       0   0.00       0       0      0.00      0.00      0.00       0  kworker/u6:1-writeback
05:39:16        0         -     18003    0.00    0.00    0.00    0.00    0.00     1      0.00      0.00       0       0   0.00       0       0      0.00      0.00      0.00       0  |__kworker/u6:1-writeback
05:39:16        0     18004         -    0.00    0.00    0.00    0.00    0.00     0      0.00      0.00   20812   11392   0.28     132      24      0.00      0.00      0.00       0  systemd
05:39:16        0         -     18004    0.00    0.00    0.00    0.00    0.00     0      0.00      0.00   20812   11392   0.28     132      24      0.00      0.00      0.00       0  |__systemd
05:39:16        0     18006         -    0.00    0.00    0.00    0.00    0.00     0      0.00      0.00   21156    3376   0.08     276      12      0.00      0.00      0.00       0  (sd-pam)
05:39:16        0         -     18006    0.00    0.00    0.00    0.00    0.00     0      0.00      0.00   21156    3376   0.08     276      12      0.00      0.00      0.00       0  |__(sd-pam)
05:39:16        0     18011         -    0.00    0.00    0.00    0.00    0.00     1      0.00      0.00       0       0   0.00       0       0      0.00      0.00      0.00       0  psimon
05:39:16        0         -     18011    0.00    0.00    0.00    0.00    0.00     1      0.00      0.00       0       0   0.00       0       0      0.00      0.00      0.00       0  |__psimon
05:39:16        0     18187         -    0.00    0.00    0.00    0.00    0.00     0      0.00      0.00    9192    5376   0.13     132     112      0.00      0.00      0.00       0  bash
05:39:16        0         -     18187    0.00    0.00    0.00    0.00    0.00     0      0.00      0.00    9192    5376   0.13     132     112      0.00      0.00      0.00       0  |__bash
05:39:16        0     19879         -    0.00    0.00    0.00    0.00    0.00     0      0.00      0.00       0       0   0.00       0       0      0.00      0.00      0.00       0  kworker/0:1-events
05:39:16        0         -     19879    0.00    0.00    0.00    0.00    0.00     0      0.00      0.00       0       0   0.00       0       0      0.00      0.00      0.00       0  |__kworker/0:1-events
05:39:16        0     24389         -    0.00    0.00    0.00    0.00    0.00     1      0.00      0.00       0       0   0.00       0       0      0.00      0.00      0.00       0  kworker/u6:3-writeback
05:39:16        0         -     24389    0.00    0.00    0.00    0.00    0.00     1      0.00      0.00       0       0   0.00       0       0      0.00      0.00      0.00       0  |__kworker/u6:3-writeback
05:39:16        0     25859         -    0.00    0.00    0.00    0.00    0.00     1      0.00      0.00       0       0   0.00       0       0      0.00      0.00      0.00       0  kworker/1:0-events
05:39:16        0         -     25859    0.00    0.00    0.00    0.00    0.00     1      0.00      0.00       0       0   0.00       0       0      0.00      0.00      0.00       0  |__kworker/1:0-events
05:39:16        0     25863         -    0.00    0.00    0.00    0.00    0.00     0      0.00      0.00       0       0   0.00       0       0      0.00      0.00      0.00       0  kworker/0:0-events
05:39:16        0         -     25863    0.00    0.00    0.00    0.00    0.00     0      0.00      0.00       0       0   0.00       0       0      0.00      0.00      0.00       0  |__kworker/0:0-events
05:39:16        0     26191         -    0.00    0.00    0.00    0.00    0.00     0      0.00      0.00       0       0   0.00       0       0      0.00      0.00      0.00       0  kworker/u5:3-events_power_efficient
05:39:16        0         -     26191    0.00    0.00    0.00    0.00    0.00     0      0.00      0.00       0       0   0.00       0       0      0.00      0.00      0.00       0  |__kworker/u5:3-events_power_efficient
05:39:16        0     27143         -    0.00    0.00    0.00    0.00    0.00     0      0.00      0.00       0       0   0.00       0       0      0.00      0.00      0.00       0  kworker/u5:4-flush-253:0
05:39:16        0         -     27143    0.00    0.00    0.00    0.00    0.00     0      0.00      0.00       0       0   0.00       0       0      0.00      0.00      0.00       0  |__kworker/u5:4-flush-253:0
05:39:16        0     27359         -    0.00    0.00    0.00    0.00    0.00     1      0.00      0.00    8944    4736   0.12     132      24      0.00      0.00      0.00       0  bash
05:39:16        0         -     27359    0.00    0.00    0.00    0.00    0.00     1      0.00      0.00    8944    4736   0.12     132      24      0.00      0.00      0.00       0  |__bash
05:39:16        0     27587         -    3.50   24.00    0.00    1.00   27.50     0      0.00      0.00   10168    9216   0.23     132      20      0.00     80.00      0.00       0  pidstat
05:39:16        0         -     27587    3.50   24.00    0.00    1.00   27.50     0      0.00      0.00   10168    9216   0.23     132      20      0.00     80.00      0.00       0  |__pidstat

# Time        UID      TGID       TID    %usr %system  %guest   %wait    %CPU   CPU  minflt/s  majflt/s     VSZ     RSS   %MEM StkSize  StkRef   kB_rd/s   kB_wr/s kB_ccwr/s iodelay  Command
05:39:18        0         1         -    0.00    0.00    0.00    0.00    0.00     1      0.00      0.00   23608   12776   0.32     132      52      0.00      0.00      0.00       0  systemd
05:39:18        0         -         1    0.00    0.00    0.00    0.00    0.00     1      0.00      0.00   23608   12776   0.32     132      52      0.00      0.00      0.00       0  |__systemd
05:39:18        0         2         -    0.00    0.00    0.00    0.00    0.00     0      0.00      0.00       0       0   0.00       0       0      0.00      0.00      0.00       0  kthreadd
05:39:18        0         -         2    0.00    0.00    0.00    0.00    0.00     0      0.00      0.00       0       0   0.00       0       0      0.00      0.00      0.00       0  |__kthreadd
05:39:18        0         3         -    0.00    0.00    0.00    0.00    0.00     0      0.00      0.00       0       0   0.00       0       0      0.00      0.00      0.00       0  pool_workqueue_release
05:39:18        0         -         3    0.00    0.00    0.00    0.00    0.00     0      0.00      0.00       0       0   0.00       0       0      0.00      0.00      0.00       0  |__pool_workqueue_release
05:39:18        0         4         -    0.00    0.00    0.00    0.00    0.00     0      0.00      0.00       0       0   0.00       0       0      0.00      0.00      0.00       0  kworker/R-rcu_g
05:39:18        0         -         4    0.00    0.00    0.00    0.00    0.00     0      0.00      0.00       0       0   0.00       0       0      0.00      0.00      0.00       0  |__kworker/R-rcu_g
05:39:18        0         5         -    0.00    0.00    0.00    0.00    0.00     0      0.00      0.00       0       0   0.00       0       0      0.00      0.00      0.00       0  kworker/R-rcu_p
05:39:18        0         -         5    0.00    0.00    0.00    0.00    0.00     0      0.00      0.00       0       0   0.00       0       0      0.00      0.00      0.00       0  |__kworker/R-rcu_p
05:39:18        0         6         -    0.00    0.00    0.00    0.00    0.00     0      0.00      0.00       0       0   0.00       0       0      0.00      0.00      0.00       0  kworker/R-slub_
05:39:18        0         -         6    0.00    0.00    0.00    0.00    0.00     0      0.00      0.00       0       0   0.00       0       0      0.00      0.00      0.00       0  |__kworker/R-slub_
05:39:18        0         7         -    0.00    0.00    0.00    0.00    0.00     0      0.00      0.00       0       0   0.00       0       0      0.00      0.00      0.00       0  kworker/R-netns
05:39:18        0         -         7    0.00    0.00    0.00    0.00    0.00     0      0.00      0.00       0       0   0.00       0       0      0.00      0.00      0.00       0  |__kworker/R-netns
05:39:18        0         9         -    0.00    0.00    0.00    0.00    0.00     0      0.00      0.00       0       0   0.00       0       0      0.00      0.00      0.00       0  kworker/0:0H-events_highpri
05:39:18        0         -         9    0.00    0.00    0.00    0.00    0.00     0      0.00      0.00       0       0   0.00       0       0      0.00      0.00      0.00       0  |__kworker/0:0H-events_highpri
05:39:18        0        11         -    0.00    0.00    0.00    0.00    0.00     0      0.00      0.00       0       0   0.00       0       0      0.00      0.00      0.00       0  kworker/u4:0-ext4-rsv-conversion
05:39:18        0         -        11    0.00    0.00    0.00    0.00    0.00     0      0.00      0.00       0       0   0.00       0       0      0.00      0.00      0.00       0  |__kworker/u4:0-ext4-rsv-conversion
05:39:18        0        12         -    0.00    0.00    0.00    0.00    0.00     0      0.00      0.00       0       0   0.00       0       0      0.00      0.00      0.00       0  kworker/R-mm_pe
05:39:18        0         -        12    0.00    0.00    0.00    0.00    0.00     0      0.00      0.00       0       0   0.00       0       0      0.00      0.00      0.00       0  |__kworker/R-mm_pe
05:39:18        0        13         -    0.00    0.00    0.00    0.00    0.00     0      0.00      0.00       0       0   0.00       0       0      0.00      0.00      0.00       0  rcu_tasks_kthread
05:39:18        0         -        13    0.00    0.00    0.00    0.00    0.00     0      0.00      0.00       0       0   0.00       0       0      0.00      0.00      0.00       0  |__rcu_tasks_kthread
05:39:18        0        14         -    0.00    0.00    0.00    0.00    0.00     0      0.00      0.00       0       0   0.00       0       0      0.00      0.00      0.00       0  rcu_tasks_rude_kthread
05:39:18        0         -        14    0.00    0.00    0.00    0.00    0.00     0      0.00      0.00       0       0   0.00       0       0      0.00      0.00      0.00       0  |__rcu_tasks_rude_kthread
05:39:18        0        15         -    0.00    0.00    0.00    0.00    0.00     1      0.00      0.00       0       0   0.00       0       0      0.00      0.00      0.00       0  rcu_tasks_trace_kthread
05:39:18        0         -        15    0.00    0.00    0.00    0.00    0.00     1      0.00      0.00       0       0   0.00       0       0      0.00      0.00      0.00       0  |__rcu_tasks_trace_kthread
05:39:18        0        16         -    0.00    0.00    0.00    0.00    0.00     0      0.00      0.00       0       0   0.00       0       0      0.00      0.00      0.00       0  ksoftirqd/0
05:39:18        0         -        16    0.00    0.00    0.00    0.00    0.00     0      0.00      0.00       0       0   0.00       0       0      0.00      0.00      0.00       0  |__ksoftirqd/0
05:39:18        0        17         -    0.00    0.00    0.00    0.50    0.00     1      0.00      0.00       0       0   0.00       0       0      0.00      0.00      0.00       0  rcu_preempt
05:39:18        0         -        17    0.00    0.00    0.00    0.50    0.00     1      0.00      0.00       0       0   0.00       0       0      0.00      0.00      0.00       0  |__rcu_preempt
05:39:18        0        18         -    0.00    0.00    0.00    0.00    0.00     0      0.00      0.00       0       0   0.00       0       0      0.00      0.00      0.00       0  migration/0
05:39:18        0         -        18    0.00    0.00    0.00    0.00    0.00     0      0.00      0.00       0       0   0.00       0       0      0.00      0.00      0.00       0  |__migration/0
05:39:18        0        19         -    0.00    0.00    0.00    0.00    0.00     0      0.00      0.00       0       0   0.00       0       0      0.00      0.00      0.00       0  idle_inject/0
05:39:18        0         -        19    0.00    0.00    0.00    0.00    0.00     0      0.00      0.00       0       0   0.00       0       0      0.00      0.00      0.00       0  |__idle_inject/0
05:39:18        0        20         -    0.00    0.00    0.00    0.00    0.00     0      0.00      0.00       0       0   0.00       0       0      0.00      0.00      0.00       0  cpuhp/0
05:39:18        0         -        20    0.00    0.00    0.00    0.00    0.00     0      0.00      0.00       0       0   0.00       0       0      0.00      0.00      0.00       0  |__cpuhp/0
05:39:18        0        21         -    0.00    0.00    0.00    0.00    0.00     1      0.00      0.00       0       0   0.00       0       0      0.00      0.00      0.00       0  cpuhp/1
05:39:18        0         -        21    0.00    0.00    0.00    0.00    0.00     1      0.00      0.00       0       0   0.00       0       0      0.00      0.00      0.00       0  |__cpuhp/1
05:39:18        0        22         -    0.00    0.00    0.00    0.00    0.00     1      0.00      0.00       0       0   0.00       0       0      0.00      0.00      0.00       0  idle_inject/1
05:39:18        0         -        22    0.00    0.00    0.00    0.00    0.00     1      0.00      0.00       0       0   0.00       0       0      0.00      0.00      0.00       0  |__idle_inject/1
05:39:18        0        23         -    0.00    0.00    0.00    0.00    0.00     1      0.00      0.00       0       0   0.00       0       0      0.00      0.00      0.00       0  migration/1
05:39:18        0         -        23    0.00    0.00    0.00    0.00    0.00     1      0.00      0.00       0       0   0.00       0       0      0.00      0.00      0.00       0  |__migration/1
05:39:18        0        24         -    0.00    0.00    0.00    0.00    0.00     1      0.00      0.00       0       0   0.00       0       0      0.00      0.00      0.00       0  ksoftirqd/1
05:39:18        0         -        24    0.00    0.00    0.00    0.00    0.00     1      0.00      0.00       0       0   0.00       0       0      0.00      0.00      0.00       0  |__ksoftirqd/1
05:39:18        0        26         -    0.00    0.00    0.00    0.00    0.00     1      0.00      0.00       0       0   0.00       0       0      0.00      0.00      0.00       0  kworker/1:0H-kblockd
05:39:18        0         -        26    0.00    0.00    0.00    0.00    0.00     1      0.00      0.00       0       0   0.00       0       0      0.00      0.00      0.00       0  |__kworker/1:0H-kblockd
05:39:18        0        27         -    0.00    0.00    0.00    0.00    0.00     1      0.00      0.00       0       0   0.00       0       0      0.00      0.00      0.00       0  kworker/u5:0-events_power_efficient
05:39:18        0         -        27    0.00    0.00    0.00    0.00    0.00     1      0.00      0.00       0       0   0.00       0       0      0.00      0.00      0.00       0  |__kworker/u5:0-events_power_efficient
05:39:18        0        29         -    0.00    0.00    0.00    0.00    0.00     0      0.00      0.00       0       0   0.00       0       0      0.00      0.00      0.00       0  kdevtmpfs
05:39:18        0         -        29    0.00    0.00    0.00    0.00    0.00     0      0.00      0.00       0       0   0.00       0       0      0.00      0.00      0.00       0  |__kdevtmpfs
05:39:18        0        30         -    0.00    0.00    0.00    0.00    0.00     1      0.00      0.00       0       0   0.00       0       0      0.00      0.00      0.00       0  kworker/R-inet_
05:39:18        0         -        30    0.00    0.00    0.00    0.00    0.00     1      0.00      0.00       0       0   0.00       0       0      0.00      0.00      0.00       0  |__kworker/R-inet_
05:39:18        0        31         -    0.00    0.00    0.00    0.00    0.00     0      0.00      0.00       0       0   0.00       0       0      0.00      0.00      0.00       0  kworker/u5:1-events_power_efficient
05:39:18        0         -        31    0.00    0.00    0.00    0.00    0.00     0      0.00      0.00       0       0   0.00       0       0      0.00      0.00      0.00       0  |__kworker/u5:1-events_power_efficient
05:39:18        0        32         -    0.00    0.00    0.00    0.00    0.00     1      0.00      0.00       0       0   0.00       0       0      0.00      0.00      0.00       0  kauditd
05:39:18        0         -        32    0.00    0.00    0.00    0.00    0.00     1      0.00      0.00       0       0   0.00       0       0      0.00      0.00      0.00       0  |__kauditd
05:39:18        0        33         -    0.00    0.00    0.00    0.00    0.00     1      0.00      0.00       0       0   0.00       0       0      0.00      0.00      0.00       0  khungtaskd
05:39:18        0         -        33    0.00    0.00    0.00    0.00    0.00     1      0.00      0.00       0       0   0.00       0       0      0.00      0.00      0.00       0  |__khungtaskd
05:39:18        0        34         -    0.00    0.00    0.00    0.00    0.00     0      0.00      0.00       0       0   0.00       0       0      0.00      0.00      0.00       0  oom_reaper
05:39:18        0         -        34    0.00    0.00    0.00    0.00    0.00     0      0.00      0.00       0       0   0.00       0       0      0.00      0.00      0.00       0  |__oom_reaper
05:39:18        0        35         -    0.00    0.00    0.00    0.00    0.00     0      0.00      0.00       0       0   0.00       0       0      0.00      0.00      0.00       0  kworker/u5:2-events_power_efficient
05:39:18        0         -        35    0.00    0.00    0.00    0.00    0.00     0      0.00      0.00       0       0   0.00       0       0      0.00      0.00      0.00       0  |__kworker/u5:2-events_power_efficient
05:39:18        0        36         -    0.00    0.00    0.00    0.00    0.00     0      0.00      0.00       0       0   0.00       0       0      0.00      0.00      0.00       0  kworker/R-write
05:39:18        0         -        36    0.00    0.00    0.00    0.00    0.00     0      0.00      0.00       0       0   0.00       0       0      0.00      0.00      0.00       0  |__kworker/R-write
05:39:18        0        37         -    0.00    0.00    0.00    0.50    0.00     0      0.00      0.00       0       0   0.00       0       0      0.00      0.00      0.00       0  kcompactd0
05:39:18        0         -        37    0.00    0.00    0.00    0.50    0.00     0      0.00      0.00       0       0   0.00       0       0      0.00      0.00      0.00       0  |__kcompactd0
05:39:18        0        38         -    0.00    0.00    0.00    0.00    0.00     0      0.00      0.00       0       0   0.00       0       0      0.00      0.00      0.00       0  ksmd
05:39:18        0         -        38    0.00    0.00    0.00    0.00    0.00     0      0.00      0.00       0       0   0.00       0       0      0.00      0.00      0.00       0  |__ksmd
05:39:18        0        39         -    0.00    0.00    0.00    0.00    0.00     0      0.00      0.00       0       0   0.00       0       0      0.00      0.00      0.00       0  khugepaged
05:39:18        0         -        39    0.00    0.00    0.00    0.00    0.00     0      0.00      0.00       0       0   0.00       0       0      0.00      0.00      0.00       0  |__khugepaged
05:39:18        0        40         -    0.00    0.00    0.00    0.00    0.00     0      0.00      0.00       0       0   0.00       0       0      0.00      0.00      0.00       0  kworker/R-kinte
05:39:18        0         -        40    0.00    0.00    0.00    0.00    0.00     0      0.00      0.00       0       0   0.00       0       0      0.00      0.00      0.00       0  |__kworker/R-kinte
05:39:18        0        41         -    0.00    0.00    0.00    0.00    0.00     0      0.00      0.00       0       0   0.00       0       0      0.00      0.00      0.00       0  kworker/R-kbloc
05:39:18        0         -        41    0.00    0.00    0.00    0.00    0.00     0      0.00      0.00       0       0   0.00       0       0      0.00      0.00      0.00       0  |__kworker/R-kbloc
05:39:18        0        42         -    0.00    0.00    0.00    0.00    0.00     0      0.00      0.00       0       0   0.00       0       0      0.00      0.00      0.00       0  kworker/R-blkcg
05:39:18        0         -        42    0.00    0.00    0.00    0.00    0.00     0      0.00      0.00       0       0   0.00       0       0      0.00      0.00      0.00       0  |__kworker/R-blkcg
05:39:18        0        43         -    0.00    0.00    0.00    0.00    0.00     1      0.00      0.00       0       0   0.00       0       0      0.00      0.00      0.00       0  irq/9-acpi
05:39:18        0         -        43    0.00    0.00    0.00    0.00    0.00     1      0.00      0.00       0       0   0.00       0       0      0.00      0.00      0.00       0  |__irq/9-acpi
05:39:18        0        44         -    0.00    0.00    0.00    0.00    0.00     1      0.00      0.00       0       0   0.00       0       0      0.00      0.00      0.00       0  kworker/R-tpm_d
05:39:18        0         -        44    0.00    0.00    0.00    0.00    0.00     1      0.00      0.00       0       0   0.00       0       0      0.00      0.00      0.00       0  |__kworker/R-tpm_d
05:39:18        0        45         -    0.00    0.00    0.00    0.00    0.00     1      0.00      0.00       0       0   0.00       0       0      0.00      0.00      0.00       0  kworker/R-ata_s
05:39:18        0         -        45    0.00    0.00    0.00    0.00    0.00     1      0.00      0.00       0       0   0.00       0       0      0.00      0.00      0.00       0  |__kworker/R-ata_s
05:39:18        0        46         -    0.00    0.00    0.00    0.00    0.00     1      0.00      0.00       0       0   0.00       0       0      0.00      0.00      0.00       0  kworker/R-md
05:39:18        0         -        46    0.00    0.00    0.00    0.00    0.00     1      0.00      0.00       0       0   0.00       0       0      0.00      0.00      0.00       0  |__kworker/R-md
05:39:18        0        47         -    0.00    0.00    0.00    0.00    0.00     1      0.00      0.00       0       0   0.00       0       0      0.00      0.00      0.00       0  kworker/R-md_bi
05:39:18        0         -        47    0.00    0.00    0.00    0.00    0.00     1      0.00      0.00       0       0   0.00       0       0      0.00      0.00      0.00       0  |__kworker/R-md_bi
05:39:18        0        48         -    0.00    0.00    0.00    0.00    0.00     1      0.00      0.00       0       0   0.00       0       0      0.00      0.00      0.00       0  kworker/R-edac-
05:39:18        0         -        48    0.00    0.00    0.00    0.00    0.00     1      0.00      0.00       0       0   0.00       0       0      0.00      0.00      0.00       0  |__kworker/R-edac-
05:39:18        0        49         -    0.00    0.00    0.00    0.00    0.00     1      0.00      0.00       0       0   0.00       0       0      0.00      0.00      0.00       0  kworker/R-devfr
05:39:18        0         -        49    0.00    0.00    0.00    0.00    0.00     1      0.00      0.00       0       0   0.00       0       0      0.00      0.00      0.00       0  |__kworker/R-devfr
05:39:18        0        50         -    0.00    0.00    0.00    0.00    0.00     1      0.00      0.00       0       0   0.00       0       0      0.00      0.00      0.00       0  watchdogd
05:39:18        0         -        50    0.00    0.00    0.00    0.00    0.00     1      0.00      0.00       0       0   0.00       0       0      0.00      0.00      0.00       0  |__watchdogd
05:39:18        0        52         -    0.00    0.00    0.00    0.00    0.00     0      0.00      0.00       0       0   0.00       0       0      0.00      0.00      0.00       0  kworker/0:1H-kblockd
05:39:18        0         -        52    0.00    0.00    0.00    0.00    0.00     0      0.00      0.00       0       0   0.00       0       0      0.00      0.00      0.00       0  |__kworker/0:1H-kblockd
05:39:18        0        53         -    0.00    0.00    0.00    0.00    0.00     1      0.00      0.00       0       0   0.00       0       0      0.00      0.00      0.00       0  kswapd0
05:39:18        0         -        53    0.00    0.00    0.00    0.00    0.00     1      0.00      0.00       0       0   0.00       0       0      0.00      0.00      0.00       0  |__kswapd0
05:39:18        0        54         -    0.00    0.00    0.00    0.00    0.00     1      0.00      0.00       0       0   0.00       0       0      0.00      0.00      0.00       0  ecryptfs-kthread
05:39:18        0         -        54    0.00    0.00    0.00    0.00    0.00     1      0.00      0.00       0       0   0.00       0       0      0.00      0.00      0.00       0  |__ecryptfs-kthread
05:39:18        0        55         -    0.00    0.00    0.00    0.00    0.00     1      0.00      0.00       0       0   0.00       0       0      0.00      0.00      0.00       0  kworker/R-kthro
05:39:18        0         -        55    0.00    0.00    0.00    0.00    0.00     1      0.00      0.00       0       0   0.00       0       0      0.00      0.00      0.00       0  |__kworker/R-kthro
05:39:18        0        56         -    0.00    0.00    0.00    0.00    0.00     1      0.00      0.00       0       0   0.00       0       0      0.00      0.00      0.00       0  kworker/R-acpi_
05:39:18        0         -        56    0.00    0.00    0.00    0.00    0.00     1      0.00      0.00       0       0   0.00       0       0      0.00      0.00      0.00       0  |__kworker/R-acpi_
05:39:18        0        58         -    0.00    0.00    0.00    0.00    0.00     1      0.00      0.00       0       0   0.00       0       0      0.00      0.00      0.00       0  kworker/1:1H-kblockd
05:39:18        0         -        58    0.00    0.00    0.00    0.00    0.00     1      0.00      0.00       0       0   0.00       0       0      0.00      0.00      0.00       0  |__kworker/1:1H-kblockd
05:39:18        0        59         -    0.00    0.00    0.00    0.00    0.00     0      0.00      0.00       0       0   0.00       0       0      0.00      0.00      0.00       0  scsi_eh_0
05:39:18        0         -        59    0.00    0.00    0.00    0.00    0.00     0      0.00      0.00       0       0   0.00       0       0      0.00      0.00      0.00       0  |__scsi_eh_0
05:39:18        0        60         -    0.00    0.00    0.00    0.00    0.00     0      0.00      0.00       0       0   0.00       0       0      0.00      0.00      0.00       0  kworker/R-scsi_
05:39:18        0         -        60    0.00    0.00    0.00    0.00    0.00     0      0.00      0.00       0       0   0.00       0       0      0.00      0.00      0.00       0  |__kworker/R-scsi_
05:39:18        0        61         -    0.00    0.00    0.00    0.00    0.00     0      0.00      0.00       0       0   0.00       0       0      0.00      0.00      0.00       0  scsi_eh_1
05:39:18        0         -        61    0.00    0.00    0.00    0.00    0.00     0      0.00      0.00       0       0   0.00       0       0      0.00      0.00      0.00       0  |__scsi_eh_1
05:39:18        0        62         -    0.00    0.00    0.00    0.00    0.00     0      0.00      0.00       0       0   0.00       0       0      0.00      0.00      0.00       0  kworker/R-scsi_
05:39:18        0         -        62    0.00    0.00    0.00    0.00    0.00     0      0.00      0.00       0       0   0.00       0       0      0.00      0.00      0.00       0  |__kworker/R-scsi_
05:39:18        0        63         -    0.00    0.00    0.00    0.00    0.00     1      0.00      0.00       0       0   0.00       0       0      0.00      0.00      0.00       0  scsi_eh_2
05:39:18        0         -        63    0.00    0.00    0.00    0.00    0.00     1      0.00      0.00       0       0   0.00       0       0      0.00      0.00      0.00       0  |__scsi_eh_2
05:39:18        0        64         -    0.00    0.00    0.00    0.00    0.00     0      0.00      0.00       0       0   0.00       0       0      0.00      0.00      0.00       0  kworker/R-scsi_
05:39:18        0         -        64    0.00    0.00    0.00    0.00    0.00     0      0.00      0.00       0       0   0.00       0       0      0.00      0.00      0.00       0  |__kworker/R-scsi_
05:39:18        0        65         -    0.00    0.00    0.00    0.00    0.00     1      0.00      0.00       0       0   0.00       0       0      0.00      0.00      0.00       0  kworker/u6:2-events_power_efficient
05:39:18        0         -        65    0.00    0.00    0.00    0.00    0.00     1      0.00      0.00       0       0   0.00       0       0      0.00      0.00      0.00       0  |__kworker/u6:2-events_power_efficient
05:39:18        0        67         -    0.00    0.00    0.00    0.00    0.00     0      0.00      0.00       0       0   0.00       0       0      0.00      0.00      0.00       0  kworker/R-mld
05:39:18        0         -        67    0.00    0.00    0.00    0.00    0.00     0      0.00      0.00       0       0   0.00       0       0      0.00      0.00      0.00       0  |__kworker/R-mld
05:39:18        0        68         -    0.00    0.00    0.00    0.00    0.00     0      0.00      0.00       0       0   0.00       0       0      0.00      0.00      0.00       0  kworker/R-ipv6_
05:39:18        0         -        68    0.00    0.00    0.00    0.00    0.00     0      0.00      0.00       0       0   0.00       0       0      0.00      0.00      0.00       0  |__kworker/R-ipv6_
05:39:18        0        75         -    0.00    0.00    0.00    0.00    0.00     1      0.00      0.00       0       0   0.00       0       0      0.00      0.00      0.00       0  kworker/R-kstrp
05:39:18        0         -        75    0.00    0.00    0.00    0.00    0.00     1      0.00      0.00       0       0   0.00       0       0      0.00      0.00      0.00       0  |__kworker/R-kstrp
05:39:18        0        77         -    0.00    0.00    0.00    0.00    0.00     0      0.00      0.00       0       0   0.00       0       0      0.00      0.00      0.00       0  kworker/u7:0
05:39:18        0         -        77    0.00    0.00    0.00    0.00    0.00     0      0.00      0.00       0       0   0.00       0       0      0.00      0.00      0.00       0  |__kworker/u7:0
05:39:18        0        78         -    0.00    0.00    0.00    0.00    0.00     0      0.00      0.00       0       0   0.00       0       0      0.00      0.00      0.00       0  kworker/u8:0
05:39:18        0         -        78    0.00    0.00    0.00    0.00    0.00     0      0.00      0.00       0       0   0.00       0       0      0.00      0.00      0.00       0  |__kworker/u8:0
05:39:18        0        79         -    0.00    0.00    0.00    0.00    0.00     1      0.00      0.00       0       0   0.00       0       0      0.00      0.00      0.00       0  kworker/u9:0
05:39:18        0         -        79    0.00    0.00    0.00    0.00    0.00     1      0.00      0.00       0       0   0.00       0       0      0.00      0.00      0.00       0  |__kworker/u9:0
05:39:18        0        84         -    0.00    0.00    0.00    0.00    0.00     0      0.00      0.00       0       0   0.00       0       0      0.00      0.00      0.00       0  kworker/R-crypt
05:39:18        0         -        84    0.00    0.00    0.00    0.00    0.00     0      0.00      0.00       0       0   0.00       0       0      0.00      0.00      0.00       0  |__kworker/R-crypt
05:39:18        0        85         -    0.00    0.00    0.00    0.00    0.00     1      0.00      0.00       0       0   0.00       0       0      0.00      0.00      0.00       0  kworker/1:2-events
05:39:18        0         -        85    0.00    0.00    0.00    0.00    0.00     1      0.00      0.00       0       0   0.00       0       0      0.00      0.00      0.00       0  |__kworker/1:2-events
05:39:18        0        94         -    0.00    0.00    0.00    0.00    0.00     1      0.00      0.00       0       0   0.00       0       0      0.00      0.00      0.00       0  kworker/R-charg
05:39:18        0         -        94    0.00    0.00    0.00    0.00    0.00     1      0.00      0.00       0       0   0.00       0       0      0.00      0.00      0.00       0  |__kworker/R-charg
05:39:18        0       143         -    0.00    0.00    0.00    0.00    0.00     0      0.00      0.00       0       0   0.00       0       0      0.00      0.00      0.00       0  kworker/0:2-events
05:39:18        0         -       143    0.00    0.00    0.00    0.00    0.00     0      0.00      0.00       0       0   0.00       0       0      0.00      0.00      0.00       0  |__kworker/0:2-events
05:39:18        0       188         -    0.00    0.00    0.00    0.00    0.00     0      0.00      0.00       0       0   0.00       0       0      0.00      0.00      0.00       0  kworker/R-raid5
05:39:18        0         -       188    0.00    0.00    0.00    0.00    0.00     0      0.00      0.00       0       0   0.00       0       0      0.00      0.00      0.00       0  |__kworker/R-raid5
05:39:18        0       225         -    0.00    0.00    0.00    0.00    0.00     0      0.00      0.00       0       0   0.00       0       0      0.00      0.00      0.00       0  jbd2/vda1-8
05:39:18        0         -       225    0.00    0.00    0.00    0.00    0.00     0      0.00      0.00       0       0   0.00       0       0      0.00      0.00      0.00       0  |__jbd2/vda1-8
05:39:18        0       226         -    0.00    0.00    0.00    0.00    0.00     1      0.00      0.00       0       0   0.00       0       0      0.00      0.00      0.00       0  kworker/R-ext4-
05:39:18        0         -       226    0.00    0.00    0.00    0.00    0.00     1      0.00      0.00       0       0   0.00       0       0      0.00      0.00      0.00       0  |__kworker/R-ext4-
05:39:18        0       298         -    0.00    0.00    0.00    0.00    0.00     1      0.00      0.00   34396    8584   0.21     132      12      0.00      0.00      0.00       0  systemd-journal
05:39:18        0         -       298    0.00    0.00    0.00    0.00    0.00     1      0.00      0.00   34396    8584   0.21     132      12      0.00      0.00      0.00       0  |__systemd-journal
05:39:18        0       318         -    0.00    0.00    0.00    0.00    0.00     0      0.00      0.00       0       0   0.00       0       0      0.00      0.00      0.00       0  kworker/R-kmpat
05:39:18        0         -       318    0.00    0.00    0.00    0.00    0.00     0      0.00      0.00       0       0   0.00       0       0      0.00      0.00      0.00       0  |__kworker/R-kmpat
05:39:18        0       319         -    0.00    0.00    0.00    0.00    0.00     1      0.00      0.00       0       0   0.00       0       0      0.00      0.00      0.00       0  kworker/R-kmpat
05:39:18        0         -       319    0.00    0.00    0.00    0.00    0.00     1      0.00      0.00       0       0   0.00       0       0      0.00      0.00      0.00       0  |__kworker/R-kmpat
05:39:18        0       353         -    0.00    0.00    0.00    0.00    0.00     0      0.00      0.00  288952   27136   0.68     132     120      0.00      0.00      0.00       0  multipathd
05:39:18        0         -       353    0.00    0.00    0.00    0.00    0.00     0      0.00      0.00  288952   27136   0.68     132     120      0.00      0.00      0.00       0  |__multipathd
05:39:18        0         -       365    0.00    0.00    0.00    0.00    0.00     0      0.00      0.00  288952   27136   0.68     132     120      0.00      0.00      0.00       0  |__multipathd
05:39:18        0         -       366    0.00    0.00    0.00    0.00    0.00     0      0.00      0.00  288952   27136   0.68     132     120      0.00      0.00      0.00       0  |__multipathd
05:39:18        0         -       367    0.00    0.00    0.00    0.00    0.00     0      0.00      0.00  288952   27136   0.68     132     120      0.00      0.00      0.00       0  |__multipathd
05:39:18        0         -       368    0.00    0.00    0.00    0.00    0.00     0      0.00      0.00  288952   27136   0.68     132     120      0.00      0.00      0.00       0  |__multipathd
05:39:18        0         -       369    0.00    0.00    0.00    0.00    0.00     1      0.00      0.00  288952   27136   0.68     132     120      0.00      0.00      0.00       0  |__multipathd
05:39:18        0         -       370    0.00    0.00    0.00    0.00    0.00     1      0.00      0.00  288952   27136   0.68     132     120      0.00      0.00      0.00       0  |__multipathd
05:39:18        0       354         -    0.00    0.00    0.00    0.00    0.00     1      0.00      0.00       0       0   0.00       0       0      0.00      0.00      0.00       0  kworker/u4:1-ext4-rsv-conversion
05:39:18        0         -       354    0.00    0.00    0.00    0.00    0.00     1      0.00      0.00       0       0   0.00       0       0      0.00      0.00      0.00       0  |__kworker/u4:1-ext4-rsv-conversion
05:39:18        0       435         -    0.00    0.00    0.00    0.00    0.00     0      0.00      0.00       0       0   0.00       0       0      0.00      0.00      0.00       0  jbd2/vda16-8
05:39:18        0         -       435    0.00    0.00    0.00    0.00    0.00     0      0.00      0.00       0       0   0.00       0       0      0.00      0.00      0.00       0  |__jbd2/vda16-8
05:39:18        0       436         -    0.00    0.00    0.00    0.00    0.00     1      0.00      0.00       0       0   0.00       0       0      0.00      0.00      0.00       0  kworker/R-ext4-
05:39:18        0         -       436    0.00    0.00    0.00    0.00    0.00     1      0.00      0.00       0       0   0.00       0       0      0.00      0.00      0.00       0  |__kworker/R-ext4-
05:39:18      996       504         -    0.00    0.00    0.00    0.00    0.00     0      0.00      0.00   91024    6400   0.16     132      16      0.00      0.00      0.00       0  systemd-timesyn
05:39:18      996         -       504    0.00    0.00    0.00    0.00    0.00     0      0.00      0.00   91024    6400   0.16     132      16      0.00      0.00      0.00       0  |__systemd-timesyn
05:39:18      996         -       541    0.00    0.00    0.00    0.00    0.00     0      0.00      0.00   91024    6400   0.16     132      16      0.00      0.00      0.00       0  |__sd-resolve
05:39:18      998       676         -    0.00    0.00    0.00    0.00    0.00     1      0.00      0.00   22428    7040   0.18     132      40      0.00      0.00      0.00       0  systemd-network
05:39:18      998         -       676    0.00    0.00    0.00    0.00    0.00     1      0.00      0.00   22428    7040   0.18     132      40      0.00      0.00      0.00       0  |__systemd-network
05:39:18      991       711         -    0.00    0.00    0.00    0.00    0.00     0      0.00      0.00   21724    8192   0.20     132      36      0.00      0.00      0.00       0  systemd-resolve
05:39:18      991         -       711    0.00    0.00    0.00    0.00    0.00     0      0.00      0.00   21724    8192   0.20     132      36      0.00      0.00      0.00       0  |__systemd-resolve
05:39:18        0       737         -    0.00    0.00    0.00    0.00    0.00     0      0.00      0.00   26056    6628   0.17     132      12      0.00      0.00      0.00       0  systemd-udevd
05:39:18        0         -       737    0.00    0.00    0.00    0.00    0.00     0      0.00      0.00   26056    6628   0.17     132      12      0.00      0.00      0.00       0  |__systemd-udevd
05:39:18        0       738         -    0.00    0.00    0.00    0.00    0.00     0      0.00      0.00       0       0   0.00       0       0      0.00      0.00      0.00       0  psimon
05:39:18        0         -       738    0.00    0.00    0.00    0.00    0.00     0      0.00      0.00       0       0   0.00       0       0      0.00      0.00      0.00       0  |__psimon
05:39:18        0       861         -    0.00    0.00    0.00    0.00    0.00     1      0.00      0.00    7224    2688   0.07     132      40      0.00      0.00      0.00       0  cron
05:39:18        0         -       861    0.00    0.00    0.00    0.00    0.00     1      0.00      0.00    7224    2688   0.07     132      40      0.00      0.00      0.00       0  |__cron
05:39:18      101       862         -    0.00    0.00    0.00    0.00    0.00     1      0.00      0.00    9900    4864   0.12     132       8      0.00      0.00      0.00       0  dbus-daemon
05:39:18      101         -       862    0.00    0.00    0.00    0.00    0.00     1      0.00      0.00    9900    4864   0.12     132       8      0.00      0.00      0.00       0  |__dbus-daemon
05:39:18      989       867         -    0.00    0.00    0.00    0.00    0.00     0      0.00      0.00  308164    5760   0.14     132      16      0.00      0.00      0.00       0  polkitd
05:39:18      989         -       867    0.00    0.00    0.00    0.00    0.00     0      0.00      0.00  308164    5760   0.14     132      16      0.00      0.00      0.00       0  |__polkitd
05:39:18      989         -       939    0.00    0.00    0.00    0.00    0.00     1      0.00      0.00  308164    5760   0.14     132      16      0.00      0.00      0.00       0  |__gmain
05:39:18      989         -       940    0.00    0.00    0.00    0.00    0.00     0      0.00      0.00  308164    5760   0.14     132      16      0.00      0.00      0.00       0  |__pool-spawner
05:39:18      989         -       941    0.00    0.00    0.00    0.00    0.00     0      0.00      0.00  308164    5760   0.14     132      16      0.00      0.00      0.00       0  |__gdbus
05:39:18        0       874         -    0.00    0.00    0.00    0.00    0.00     1      0.00      0.00   17984    7296   0.18     132      16      0.00      0.00      0.00       0  systemd-logind
05:39:18        0         -       874    0.00    0.00    0.00    0.00    0.00     1      0.00      0.00   17984    7296   0.18     132      16      0.00      0.00      0.00       0  |__systemd-logind
05:39:18        0       886         -    0.00    0.00    0.00    0.00    0.00     0      0.00      0.00  468952    8576   0.21     132      28      0.00      0.00      0.00       0  udisksd
05:39:18        0         -       886    0.00    0.00    0.00    0.00    0.00     0      0.00      0.00  468952    8576   0.21     132      28      0.00      0.00      0.00       0  |__udisksd
05:39:18        0         -       891    0.00    0.00    0.00    0.00    0.00     1      0.00      0.00  468952    8576   0.21     132      28      0.00      0.00      0.00       0  |__gmain
05:39:18        0         -       892    0.00    0.00    0.00    0.00    0.00     1      0.00      0.00  468952    8576   0.21     132      28      0.00      0.00      0.00       0  |__pool-spawner
05:39:18        0         -       894    0.00    0.00    0.00    0.00    0.00     0      0.00      0.00  468952    8576   0.21     132      28      0.00      0.00      0.00       0  |__gdbus
05:39:18        0         -       972    0.00    0.00    0.00    0.00    0.00     0      0.00      0.00  468952    8576   0.21     132      28      0.00      0.00      0.00       0  |__probing-thread
05:39:18        0         -       991    0.00    0.00    0.00    0.00    0.00     0      0.00      0.00  468952    8576   0.21     132      28      0.00      0.00      0.00       0  |__cleanup
05:39:18        0       917         -    0.00    0.00    0.00    0.00    0.00     1      0.00      0.00  110000   13952   0.35     132      84      0.00      0.00      0.00       0  unattended-upgr
05:39:18        0         -       917    0.00    0.00    0.00    0.00    0.00     1      0.00      0.00  110000   13952   0.35     132      84      0.00      0.00      0.00       0  |__unattended-upgr
05:39:18        0         -      1021    0.00    0.00    0.00    0.00    0.00     0      0.00      0.00  110000   13952   0.35     132      84      0.00      0.00      0.00       0  |__gmain
05:39:18      102       922         -    0.00    0.00    0.00    0.00    0.00     1      0.00      0.00  222508    4992   0.12     132      56      0.00      0.00      0.00       0  rsyslogd
05:39:18      102         -       922    0.00    0.00    0.00    0.00    0.00     1      0.00      0.00  222508    4992   0.12     132      56      0.00      0.00      0.00       0  |__rsyslogd
05:39:18      102         -      1010    0.00    0.00    0.00    0.00    0.00     1      0.00      0.00  222508    4992   0.12     132      56      0.00      0.00      0.00       0  |__in:imuxsock
05:39:18      102         -      1011    0.00    0.00    0.00    0.00    0.00     1      0.00      0.00  222508    4992   0.12     132      56      0.00      0.00      0.00       0  |__in:imklog
05:39:18      102         -      1012    0.00    0.00    0.00    0.00    0.00     1      0.00      0.00  222508    4992   0.12     132      56      0.00      0.00      0.00       0  |__rs:main Q:Reg
05:39:18        0       978         -    0.00    0.00    0.00    0.00    0.00     0      0.00      0.00  392088    7040   0.18     132      12      0.00      0.00      0.00       0  ModemManager
05:39:18        0         -       978    0.00    0.00    0.00    0.00    0.00     0      0.00      0.00  392088    7040   0.18     132      12      0.00      0.00      0.00       0  |__ModemManager
05:39:18        0         -       993    0.00    0.00    0.00    0.00    0.00     1      0.00      0.00  392088    7040   0.18     132      12      0.00      0.00      0.00       0  |__gmain
05:39:18        0         -       994    0.00    0.00    0.00    0.00    0.00     1      0.00      0.00  392088    7040   0.18     132      12      0.00      0.00      0.00       0  |__pool-spawner
05:39:18        0         -       997    0.00    0.00    0.00    0.00    0.00     0      0.00      0.00  392088    7040   0.18     132      12      0.00      0.00      0.00       0  |__gdbus
05:39:18        0       989         -    0.00    0.00    0.00    0.00    0.00     1      0.00      0.00    6148    2048   0.05     132      20      0.00      0.00      0.00       0  agetty
05:39:18        0         -       989    0.00    0.00    0.00    0.00    0.00     1      0.00      0.00    6148    2048   0.05     132      20      0.00      0.00      0.00       0  |__agetty
05:39:18        0      1020         -    0.00    0.00    0.00    0.00    0.00     0      0.00      0.00    6104    1920   0.05     132      20      0.00      0.00      0.00       0  agetty
05:39:18        0         -      1020    0.00    0.00    0.00    0.00    0.00     0      0.00      0.00    6104    1920   0.05     132      20      0.00      0.00      0.00       0  |__agetty
05:39:18        0      1192         -    0.00    0.00    0.00    0.00    0.00     1      0.00      0.00       0       0   0.00       0       0      0.00      0.00      0.00       0  kworker/R-tls-s
05:39:18        0         -      1192    0.00    0.00    0.00    0.00    0.00     1      0.00      0.00       0       0   0.00       0       0      0.00      0.00      0.00       0  |__kworker/R-tls-s
05:39:18        0      1765         -    0.00    0.00    0.00    0.00    0.00     0      0.00      0.00 1239988    2432   0.06     132      16      0.00      0.00      0.00       0  droplet-agent
05:39:18        0         -      1765    0.00    0.00    0.00    0.00    0.00     0      0.00      0.00 1239988    2432   0.06     132      16      0.00      0.00      0.00       0  |__droplet-agent
05:39:18        0         -      1768    0.00    0.00    0.00    0.00    0.00     1      0.00      0.00 1239988    2432   0.06     132      16      0.00      0.00      0.00       0  |__droplet-agent
05:39:18        0         -      1769    0.00    0.00    0.00    0.00    0.00     0      0.00      0.00 1239988    2432   0.06     132      16      0.00      0.00      0.00       0  |__droplet-agent
05:39:18        0         -      1770    0.00    0.00    0.00    0.00    0.00     0      0.00      0.00 1239988    2432   0.06     132      16      0.00      0.00      0.00       0  |__droplet-agent
05:39:18        0         -      1772    0.00    0.00    0.00    0.00    0.00     0      0.00      0.00 1239988    2432   0.06     132      16      0.00      0.00      0.00       0  |__droplet-agent
05:39:18        0         -      1773    0.00    0.00    0.00    0.00    0.00     1      0.00      0.00 1239988    2432   0.06     132      16      0.00      0.00      0.00       0  |__droplet-agent
05:39:18        0         -      1774    0.00    0.00    0.00    0.00    0.00     1      0.00      0.00 1239988    2432   0.06     132      16      0.00      0.00      0.00       0  |__droplet-agent
05:39:18        0         -      1775    0.00    0.00    0.00    0.00    0.00     0      0.00      0.00 1239988    2432   0.06     132      16      0.00      0.00      0.00       0  |__droplet-agent
05:39:18        0         -      1776    0.00    0.00    0.00    0.00    0.00     1      0.00      0.00 1239988    2432   0.06     132      16      0.00      0.00      0.00       0  |__droplet-agent
05:39:18        0      2208         -    0.00    0.00    0.00    0.00    0.00     0      0.00      0.00 1617716   69408   1.73     132      12      0.00      0.00      0.00       0  rke2
05:39:18        0         -      2208    0.00    0.00    0.00    0.00    0.00     0      0.00      0.00 1617716   69408   1.73     132      12      0.00      0.00      0.00       0  |__rke2
05:39:18        0         -      2209    0.00    0.00    0.00    0.00    0.00     0      0.00      0.00 1617716   69408   1.73     132      12      0.00      0.00      0.00       0  |__rke2
05:39:18        0         -      2210    0.50    0.00    0.00    0.00    0.50     1      0.00      0.00 1617716   69408   1.73     132      12      0.00      0.00      0.00       0  |__rke2
05:39:18        0         -      2211    0.00    0.00    0.00    0.00    0.00     1      0.00      0.00 1617716   69408   1.73     132      12      0.00      0.00      0.00       0  |__rke2
05:39:18        0         -      2212    0.00    0.00    0.00    0.00    0.00     1      0.00      0.00 1617716   69408   1.73     132      12      0.00      0.00      0.00       0  |__rke2
05:39:18        0         -      2213    0.00    0.00    0.00    0.00    0.00     1      0.00      0.00 1617716   69408   1.73     132      12      0.00      0.00      0.00       0  |__rke2
05:39:18        0         -      2214    0.00    0.00    0.00    0.00    0.00     0      0.00      0.00 1617716   69408   1.73     132      12      0.00      0.00      0.00       0  |__rke2
05:39:18        0         -      2232    0.00    0.00    0.00    0.00    0.00     1      0.00      0.00 1617716   69408   1.73     132      12      0.00      0.00      0.00       0  |__rke2
05:39:18        0         -      2289    0.00    0.00    0.00    0.00    0.00     1      0.00      0.00 1617716   69408   1.73     132      12      0.00      0.00      0.00       0  |__rke2
05:39:18        0         -      2456    0.00    0.00    0.00    0.00    0.00     1      0.00      0.00 1617716   69408   1.73     132      12      0.00      0.00      0.00       0  |__rke2
05:39:18        0         -      2515    0.00    0.00    0.00    0.00    0.00     1      0.00      0.00 1617716   69408   1.73     132      12      0.00      0.00      0.00       0  |__rke2
05:39:18        0      2233         -    1.00    0.50    0.00    0.00    1.49     1      0.00      0.00 1303816   63976   1.60     132      16      0.00      0.00      0.00       0  containerd
05:39:18        0         -      2233    0.00    0.00    0.00    0.00    0.00     1      0.00      0.00 1303816   63976   1.60     132      16      0.00      0.00      0.00       0  |__containerd
05:39:18        0         -      2234    0.00    0.00    0.00    1.00    0.00     1      0.00      0.00 1303816   63976   1.60     132      16      0.00      0.00      0.00       0  |__containerd
05:39:18        0         -      2237    0.00    0.00    0.00    0.00    0.00     1      0.00      0.00 1303816   63976   1.60     132      16      0.00      0.00      0.00       0  |__containerd
05:39:18        0         -      2252    0.00    0.00    0.00    0.00    0.00     0      0.00      0.00 1303816   63976   1.60     132      16      0.00      0.00      0.00       0  |__containerd
05:39:18        0         -      5453    0.00    0.00    0.00    0.00    0.00     0      0.00      0.00 1303816   63976   1.60     132      16      0.00      0.00      0.00       0  |__containerd
05:39:18        0         -      7819    0.00    0.00    0.00    0.00    0.00     1      0.00      0.00 1303816   63976   1.60     132      16      0.00      0.00      0.00       0  |__containerd
05:39:18        0         -      7933    0.00    0.50    0.00    0.50    0.50     0      0.00      0.00 1303816   63976   1.60     132      16      0.00      0.00      0.00       0  |__containerd
05:39:18        0         -      7968    0.50    0.00    0.00    1.00    0.50     0      0.00      0.00 1303816   63976   1.60     132      16      0.00      0.00      0.00       0  |__containerd
05:39:18        0         -      9234    0.00    0.00    0.00    0.50    0.00     0      0.00      0.00 1303816   63976   1.60     132      16      0.00      0.00      0.00       0  |__containerd
05:39:18        0         -      9241    0.00    0.00    0.00    0.00    0.00     1      0.00      0.00 1303816   63976   1.60     132      16      0.00      0.00      0.00       0  |__containerd
05:39:18        0         -     10596    0.00    0.00    0.00    0.00    0.00     1      0.00      0.00 1303816   63976   1.60     132      16      0.00      0.00      0.00       0  |__containerd
05:39:18        0      2254         -    1.49    1.49    0.00    0.00    2.99     1      1.49      0.00 1312776   80060   2.00     132      12      0.00      0.00      0.00       0  kubelet
05:39:18        0         -      2254    0.00    0.00    0.00    0.00    0.00     1      0.00      0.00 1312776   80060   2.00     132      12      0.00      0.00      0.00       0  |__kubelet
05:39:18        0         -      2255    0.50    0.50    0.00    0.50    1.00     0      0.00      0.00 1312776   80060   2.00     132      12      0.00      0.00      0.00       0  |__kubelet
05:39:18        0         -      2256    0.00    0.00    0.00    0.00    0.00     0      0.00      0.00 1312776   80060   2.00     132      12      0.00      0.00      0.00       0  |__kubelet
05:39:18        0         -      2257    0.00    0.00    0.00    0.00    0.00     0      0.00      0.00 1312776   80060   2.00     132      12      0.00      0.00      0.00       0  |__kubelet
05:39:18        0         -      2258    0.00    0.00    0.00    0.00    0.00     1      0.00      0.00 1312776   80060   2.00     132      12      0.00      0.00      0.00       0  |__kubelet
05:39:18        0         -      2259    0.00    0.00    0.00    0.00    0.00     0      0.00      0.00 1312776   80060   2.00     132      12      0.00      0.00      0.00       0  |__kubelet
05:39:18        0         -      2262    0.00    0.00    0.00    0.00    0.00     1      0.00      0.00 1312776   80060   2.00     132      12      0.00      0.00      0.00       0  |__kubelet
05:39:18        0         -      2275    0.50    0.50    0.00    1.00    1.00     0      0.50      0.00 1312776   80060   2.00     132      12      0.00      0.00      0.00       0  |__kubelet
05:39:18        0         -      2276    0.00    0.00    0.00    0.00    0.00     1      0.00      0.00 1312776   80060   2.00     132      12      0.00      0.00      0.00       0  |__kubelet
05:39:18        0         -      2277    0.50    0.50    0.00    0.50    1.00     1      1.00      0.00 1312776   80060   2.00     132      12      0.00      0.00      0.00       0  |__kubelet
05:39:18        0         -      3023    0.00    0.00    0.00    0.00    0.00     0      0.00      0.00 1312776   80060   2.00     132      12      0.00      0.00      0.00       0  |__kubelet
05:39:18        0         -      3053    0.00    0.00    0.00    0.00    0.00     0      0.00      0.00 1312776   80060   2.00     132      12      0.00      0.00      0.00       0  |__kubelet
05:39:18        0      2303         -    0.50    0.00    0.00    0.00    0.50     0     11.94      0.00 1243560   17672   0.44     132      16      0.00      0.00      0.00       0  containerd-shim
05:39:18        0         -      2303    0.00    0.00    0.00    0.00    0.00     0      0.00      0.00 1243560   17672   0.44     132      16      0.00      0.00      0.00       0  |__containerd-shim
05:39:18        0         -      2307    0.00    0.00    0.00    0.00    0.00     1      0.00      0.00 1243560   17672   0.44     132      16      0.00      0.00      0.00       0  |__containerd-shim
05:39:18        0         -      2308    0.00    0.00    0.00    0.00    0.00     0      0.00      0.00 1243560   17672   0.44     132      16      0.00      0.00      0.00       0  |__containerd-shim
05:39:18        0         -      2309    0.00    0.00    0.00    0.00    0.00     1      0.00      0.00 1243560   17672   0.44     132      16      0.00      0.00      0.00       0  |__containerd-shim
05:39:18        0         -      2310    0.00    0.00    0.00    0.00    0.00     1      0.00      0.00 1243560   17672   0.44     132      16      0.00      0.00      0.00       0  |__containerd-shim
05:39:18        0         -      2312    0.00    0.00    0.00    0.00    0.00     0      0.00      0.00 1243560   17672   0.44     132      16      0.00      0.00      0.00       0  |__containerd-shim
05:39:18        0         -      2314    0.00    0.00    0.00    0.00    0.00     0      0.00      0.00 1243560   17672   0.44     132      16      0.00      0.00      0.00       0  |__containerd-shim
05:39:18        0         -      2316    0.00    0.00    0.00    0.00    0.00     1      0.00      0.00 1243560   17672   0.44     132      16      0.00      0.00      0.00       0  |__containerd-shim
05:39:18        0         -      2317    0.00    0.00    0.00    0.00    0.00     0      0.00      0.00 1243560   17672   0.44     132      16      0.00      0.00      0.00       0  |__containerd-shim
05:39:18        0         -      2323    0.00    0.00    0.00    0.00    0.00     1      0.00      0.00 1243560   17672   0.44     132      16      0.00      0.00      0.00       0  |__containerd-shim
05:39:18        0         -      2435    0.00    0.00    0.00    0.00    0.00     0      0.00      0.00 1243560   17672   0.44     132      16      0.00      0.00      0.00       0  |__containerd-shim
05:39:18        0         -      5956    0.00    0.00    0.00    0.00    0.00     0      0.00      0.00 1243560   17672   0.44     132      16      0.00      0.00      0.00       0  |__containerd-shim
05:39:18        0         -      5957    0.00    0.00    0.00    0.00    0.00     0      4.98      0.00 1243560   17672   0.44     132      16      0.00      0.00      0.00       0  |__containerd-shim
05:39:18        0         -     26803    0.00    0.00    0.00    0.00    0.00     1      6.97      0.00 1243560   17672   0.44     132      16      0.00      0.00      0.00       0  |__containerd-shim
05:39:18        0      2311         -    0.00    0.50    0.00    0.00    0.50     0     10.95      0.00 1243164   17656   0.44     132      16      0.00      0.00      0.00       0  containerd-shim
05:39:18        0         -      2311    0.00    0.00    0.00    0.00    0.00     0      0.00      0.00 1243164   17656   0.44     132      16      0.00      0.00      0.00       0  |__containerd-shim
05:39:18        0         -      2315    0.00    0.00    0.00    0.00    0.00     1      0.00      0.00 1243164   17656   0.44     132      16      0.00      0.00      0.00       0  |__containerd-shim
05:39:18        0         -      2318    0.00    0.00    0.00    0.00    0.00     0      0.00      0.00 1243164   17656   0.44     132      16      0.00      0.00      0.00       0  |__containerd-shim
05:39:18        0         -      2319    0.00    0.00    0.00    0.00    0.00     1      0.00      0.00 1243164   17656   0.44     132      16      0.00      0.00      0.00       0  |__containerd-shim
05:39:18        0         -      2320    0.00    0.00    0.00    0.00    0.00     0      0.00      0.00 1243164   17656   0.44     132      16      0.00      0.00      0.00       0  |__containerd-shim
05:39:18        0         -      2321    0.00    0.00    0.00    0.00    0.00     0      0.00      0.00 1243164   17656   0.44     132      16      0.00      0.00      0.00       0  |__containerd-shim
05:39:18        0         -      2325    0.00    0.00    0.00    0.00    0.00     0      0.00      0.00 1243164   17656   0.44     132      16      0.00      0.00      0.00       0  |__containerd-shim
05:39:18        0         -      2326    0.00    0.00    0.00    0.00    0.00     1      0.00      0.00 1243164   17656   0.44     132      16      0.00      0.00      0.00       0  |__containerd-shim
05:39:18        0         -      2327    0.00    0.00    0.00    0.00    0.00     0      0.00      0.00 1243164   17656   0.44     132      16      0.00      0.00      0.00       0  |__containerd-shim
05:39:18        0         -      2328    0.00    0.00    0.00    0.00    0.00     1      3.98      0.00 1243164   17656   0.44     132      16      0.00      0.00      0.00       0  |__containerd-shim
05:39:18        0         -      2440    0.00    0.00    0.00    0.00    0.00     1      0.00      0.00 1243164   17656   0.44     132      16      0.00      0.00      0.00       0  |__containerd-shim
05:39:18        0         -      2535    0.00    0.00    0.00    0.00    0.00     0      0.00      0.00 1243164   17656   0.44     132      16      0.00      0.00      0.00       0  |__containerd-shim
05:39:18        0         -      5958    0.00    0.00    0.00    0.00    0.00     1      6.97      0.00 1243164   17656   0.44     132      16      0.00      0.00      0.00       0  |__containerd-shim
05:39:18    65535      2354         -    0.00    0.00    0.00    0.00    0.00     1      0.00      0.00     972     512   0.01     132       8      0.00      0.00      0.00       0  pause
05:39:18    65535         -      2354    0.00    0.00    0.00    0.00    0.00     1      0.00      0.00     972     512   0.01     132       8      0.00      0.00      0.00       0  |__pause
05:39:18    65535      2361         -    0.00    0.00    0.00    0.00    0.00     1      0.00      0.00     972     512   0.01     132      12      0.00      0.00      0.00       0  pause
05:39:18    65535         -      2361    0.00    0.00    0.00    0.00    0.00     1      0.00      0.00     972     512   0.01     132      12      0.00      0.00      0.00       0  |__pause
05:39:18        0      2402         -    0.00    0.00    0.00    0.00    0.00     1      0.00      0.00 1299988   29724   0.74     132      16      0.00      0.00      0.00       0  kube-proxy
05:39:18        0         -      2402    0.00    0.00    0.00    0.00    0.00     1      0.00      0.00 1299988   29724   0.74     132      16      0.00      0.00      0.00       0  |__kube-proxy
05:39:18        0         -      2436    0.00    0.00    0.00    0.00    0.00     0      0.00      0.00 1299988   29724   0.74     132      16      0.00      0.00      0.00       0  |__kube-proxy
05:39:18        0         -      2437    0.00    0.00    0.00    0.00    0.00     0      0.00      0.00 1299988   29724   0.74     132      16      0.00      0.00      0.00       0  |__kube-proxy
05:39:18        0         -      2438    0.00    0.00    0.00    0.00    0.00     1      0.00      0.00 1299988   29724   0.74     132      16      0.00      0.00      0.00       0  |__kube-proxy
05:39:18        0         -      2439    0.00    0.00    0.00    0.00    0.00     0      0.00      0.00 1299988   29724   0.74     132      16      0.00      0.00      0.00       0  |__kube-proxy
05:39:18        0         -      2442    0.00    0.00    0.00    0.00    0.00     1      0.00      0.00 1299988   29724   0.74     132      16      0.00      0.00      0.00       0  |__kube-proxy
05:39:18        0         -      2445    0.00    0.00    0.00    0.00    0.00     1      0.00      0.00 1299988   29724   0.74     132      16      0.00      0.00      0.00       0  |__kube-proxy
05:39:18        0      2414         -    2.49    1.99    0.00    1.49    4.48     0      2.49      0.00 11809520  114428   2.85     132      16      0.00    220.90      0.00       0  etcd
05:39:18        0         -      2414    0.50    0.50    0.00    1.49    1.00     0      1.00      0.00 11809520  114428   2.85     132      16      0.00     67.66      0.00       0  |__etcd
05:39:18        0         -      2441    0.00    1.00    0.00    3.48    1.00     0      0.00      0.00 11809520  114428   2.85     132      16      0.00      0.00      0.00       0  |__etcd
05:39:18        0         -      2443    0.50    0.00    0.00    1.49    0.50     0      0.50      0.00 11809520  114428   2.85     132      16      0.00     31.84      0.00       0  |__etcd
05:39:18        0         -      2444    0.00    0.00    0.00    0.00    0.00     0      0.00      0.00 11809520  114428   2.85     132      16      0.00      0.00      0.00       0  |__etcd
05:39:18        0         -      2446    0.00    0.00    0.00    0.00    0.00     0      0.00      0.00 11809520  114428   2.85     132      16      0.00      0.00      0.00       0  |__etcd
05:39:18        0         -      2447    0.00    0.00    0.00    0.00    0.00     0      0.00      0.00 11809520  114428   2.85     132      16      0.00      0.00      0.00       0  |__etcd
05:39:18        0         -      2455    0.00    0.00    0.00    0.00    0.00     0      0.00      0.00 11809520  114428   2.85     132      16      0.00      0.00      0.00       0  |__etcd
05:39:18        0         -      2533    0.00    0.00    0.00    0.00    0.00     1      0.00      0.00 11809520  114428   2.85     132      16      0.00      0.00      0.00       0  |__etcd
05:39:18        0         -      2534    1.00    0.50    0.00    1.49    1.49     0      1.00      0.00 11809520  114428   2.85     132      16      0.00     93.53      0.00       0  |__etcd
05:39:18        0         -      4399    0.00    0.50    0.00    0.50    0.50     0      0.00      0.00 11809520  114428   2.85     132      16      0.00     27.86      0.00       0  |__etcd
05:39:18        0      2465         -    0.00    0.00    0.00    0.00    0.00     1      0.50      0.00 1243816   19032   0.47     132      12      0.00      0.00      0.00       0  containerd-shim
05:39:18        0         -      2465    0.00    0.00    0.00    0.00    0.00     1      0.00      0.00 1243816   19032   0.47     132      12      0.00      0.00      0.00       0  |__containerd-shim
05:39:18        0         -      2466    0.00    0.00    0.00    0.50    0.00     1      0.00      0.00 1243816   19032   0.47     132      12      0.00      0.00      0.00       0  |__containerd-shim
05:39:18        0         -      2467    0.00    0.00    0.00    0.00    0.00     0      0.00      0.00 1243816   19032   0.47     132      12      0.00      0.00      0.00       0  |__containerd-shim
05:39:18        0         -      2468    0.00    0.00    0.00    0.00    0.00     1      0.00      0.00 1243816   19032   0.47     132      12      0.00      0.00      0.00       0  |__containerd-shim
05:39:18        0         -      2469    0.00    0.00    0.00    0.00    0.00     1      0.00      0.00 1243816   19032   0.47     132      12      0.00      0.00      0.00       0  |__containerd-shim
05:39:18        0         -      2470    0.00    0.00    0.00    0.00    0.00     1      0.00      0.00 1243816   19032   0.47     132      12      0.00      0.00      0.00       0  |__containerd-shim
05:39:18        0         -      2471    0.00    0.00    0.00    0.00    0.00     1      0.00      0.00 1243816   19032   0.47     132      12      0.00      0.00      0.00       0  |__containerd-shim
05:39:18        0         -      2472    0.00    0.00    0.00    0.00    0.00     1      0.00      0.00 1243816   19032   0.47     132      12      0.00      0.00      0.00       0  |__containerd-shim
05:39:18        0         -      2473    0.00    0.00    0.00    0.00    0.00     1      0.00      0.00 1243816   19032   0.47     132      12      0.00      0.00      0.00       0  |__containerd-shim
05:39:18        0         -      2474    0.00    0.00    0.00    0.00    0.00     0      0.00      0.00 1243816   19032   0.47     132      12      0.00      0.00      0.00       0  |__containerd-shim
05:39:18        0         -      2966    0.00    0.00    0.00    0.00    0.00     0      0.00      0.00 1243816   19032   0.47     132      12      0.00      0.00      0.00       0  |__containerd-shim
05:39:18        0         -      2967    0.00    0.00    0.00    0.00    0.00     1      0.50      0.00 1243816   19032   0.47     132      12      0.00      0.00      0.00       0  |__containerd-shim
05:39:18        0         -      2968    0.00    0.00    0.00    0.00    0.00     1      0.00      0.00 1243816   19032   0.47     132      12      0.00      0.00      0.00       0  |__containerd-shim
05:39:18        0         -     11864    0.00    0.00    0.00    0.00    0.00     1      0.00      0.00 1243816   19032   0.47     132      12      0.00      0.00      0.00       0  |__containerd-shim
05:39:18    65535      2489         -    0.00    0.00    0.00    0.00    0.00     1      0.00      0.00     972     512   0.01     132      12      0.00      0.00      0.00       0  pause
05:39:18    65535         -      2489    0.00    0.00    0.00    0.00    0.00     1      0.00      0.00     972     512   0.01     132      12      0.00      0.00      0.00       0  |__pause
05:39:18        0      2514         -    7.96    2.99    0.00    0.00   10.95     1      0.00      0.00 2073192  760884  18.97     132      16      0.00      0.00      0.00       0  kube-apiserver
05:39:18        0         -      2514    0.00    0.00    0.00    0.00    0.00     1      0.00      0.00 2073192  760884  18.97     132      16      0.00      0.00      0.00       0  |__kube-apiserver
05:39:18        0         -      2526    0.50    1.00    0.00    4.98    1.49     0      0.00      0.00 2073192  760884  18.97     132      16      0.00      0.00      0.00       0  |__kube-apiserver
05:39:18        0         -      2527    0.00    0.00    0.00    0.00    0.00     0      0.00      0.00 2073192  760884  18.97     132      16      0.00      0.00      0.00       0  |__kube-apiserver
05:39:18        0         -      2528    0.00    0.50    0.00    0.50    0.50     1      0.00      0.00 2073192  760884  18.97     132      16      0.00      0.00      0.00       0  |__kube-apiserver
05:39:18        0         -      2529    0.00    0.00    0.00    0.00    0.00     1      0.00      0.00 2073192  760884  18.97     132      16      0.00      0.00      0.00       0  |__kube-apiserver
05:39:18        0         -      2530    0.00    0.00    0.00    0.00    0.00     1      0.00      0.00 2073192  760884  18.97     132      16      0.00      0.00      0.00       0  |__kube-apiserver
05:39:18        0         -      2531    2.49    0.50    0.00    2.49    2.99     0      0.00      0.00 2073192  760884  18.97     132      16      0.00      0.00      0.00       0  |__kube-apiserver
05:39:18        0         -      2532    0.00    0.00    0.00    0.00    0.00     1      0.00      0.00 2073192  760884  18.97     132      16      0.00      0.00      0.00       0  |__kube-apiserver
05:39:18        0         -      2690    1.99    1.00    0.00    3.48    2.99     0      0.00      0.00 2073192  760884  18.97     132      16      0.00      0.00      0.00       0  |__kube-apiserver
05:39:18        0         -      2767    2.49    0.50    0.00    1.99    2.99     0      0.00      0.00 2073192  760884  18.97     132      16      0.00      0.00      0.00       0  |__kube-apiserver
05:39:18        0         -      3840    0.00    0.00    0.00    0.00    0.00     1      0.00      0.00 2073192  760884  18.97     132      16      0.00      0.00      0.00       0  |__kube-apiserver
05:39:18        0      2549         -    0.00    0.00    0.00    0.00    0.00     0     10.45      0.00 1243676   17744   0.44     132      16      0.00      0.00      0.00       0  containerd-shim
05:39:18        0         -      2549    0.00    0.00    0.00    0.00    0.00     0      0.00      0.00 1243676   17744   0.44     132      16      0.00      0.00      0.00       0  |__containerd-shim
05:39:18        0         -      2550    0.00    0.00    0.00    0.00    0.00     1      0.00      0.00 1243676   17744   0.44     132      16      0.00      0.00      0.00       0  |__containerd-shim
05:39:18        0         -      2551    0.00    0.00    0.00    0.00    0.00     1      0.00      0.00 1243676   17744   0.44     132      16      0.00      0.00      0.00       0  |__containerd-shim
05:39:18        0         -      2552    0.00    0.00    0.00    0.00    0.00     0      6.47      0.00 1243676   17744   0.44     132      16      0.00      0.00      0.00       0  |__containerd-shim
05:39:18        0         -      2553    0.00    0.00    0.00    0.00    0.00     0      0.00      0.00 1243676   17744   0.44     132      16      0.00      0.00      0.00       0  |__containerd-shim
05:39:18        0         -      2554    0.00    0.00    0.00    0.00    0.00     1      0.00      0.00 1243676   17744   0.44     132      16      0.00      0.00      0.00       0  |__containerd-shim
05:39:18        0         -      2555    0.00    0.00    0.00    0.00    0.00     1      3.98      0.00 1243676   17744   0.44     132      16      0.00      0.00      0.00       0  |__containerd-shim
05:39:18        0         -      2556    0.00    0.00    0.00    0.00    0.00     0      0.00      0.00 1243676   17744   0.44     132      16      0.00      0.00      0.00       0  |__containerd-shim
05:39:18        0         -      2557    0.00    0.00    0.00    0.00    0.00     0      0.00      0.00 1243676   17744   0.44     132      16      0.00      0.00      0.00       0  |__containerd-shim
05:39:18        0         -      2558    0.00    0.00    0.00    0.00    0.00     1      0.00      0.00 1243676   17744   0.44     132      16      0.00      0.00      0.00       0  |__containerd-shim
05:39:18        0         -      2625    0.00    0.00    0.00    0.00    0.00     0      0.00      0.00 1243676   17744   0.44     132      16      0.00      0.00      0.00       0  |__containerd-shim
05:39:18        0         -      2970    0.00    0.00    0.00    0.00    0.00     0      0.00      0.00 1243676   17744   0.44     132      16      0.00      0.00      0.00       0  |__containerd-shim
05:39:18        0         -     13819    0.00    0.00    0.00    0.00    0.00     1      0.00      0.00 1243676   17744   0.44     132      16      0.00      0.00      0.00       0  |__containerd-shim
05:39:18        0      2563         -    0.00    0.00    0.00    0.00    0.00     0      7.96      0.00 1243676   17772   0.44     132      16      0.00      0.00      0.00       0  containerd-shim
05:39:18        0         -      2563    0.00    0.00    0.00    0.00    0.00     0      0.00      0.00 1243676   17772   0.44     132      16      0.00      0.00      0.00       0  |__containerd-shim
05:39:18        0         -      2566    0.00    0.00    0.00    0.00    0.00     1      0.00      0.00 1243676   17772   0.44     132      16      0.00      0.00      0.00       0  |__containerd-shim
05:39:18        0         -      2567    0.00    0.00    0.00    0.00    0.00     0      0.00      0.00 1243676   17772   0.44     132      16      0.00      0.00      0.00       0  |__containerd-shim
05:39:18        0         -      2568    0.00    0.00    0.00    0.00    0.00     1      0.00      0.00 1243676   17772   0.44     132      16      0.00      0.00      0.00       0  |__containerd-shim
05:39:18        0         -      2569    0.00    0.00    0.00    0.00    0.00     1      0.00      0.00 1243676   17772   0.44     132      16      0.00      0.00      0.00       0  |__containerd-shim
05:39:18        0         -      2570    0.00    0.00    0.00    0.00    0.00     1      0.00      0.00 1243676   17772   0.44     132      16      0.00      0.00      0.00       0  |__containerd-shim
05:39:18        0         -      2582    0.00    0.00    0.00    0.00    0.00     1      0.00      0.00 1243676   17772   0.44     132      16      0.00      0.00      0.00       0  |__containerd-shim
05:39:18        0         -      2583    0.00    0.00    0.00    0.00    0.00     1      3.98      0.00 1243676   17772   0.44     132      16      0.00      0.00      0.00       0  |__containerd-shim
05:39:18        0         -      2584    0.00    0.00    0.00    0.00    0.00     0      0.00      0.00 1243676   17772   0.44     132      16      0.00      0.00      0.00       0  |__containerd-shim
05:39:18        0         -      2585    0.00    0.00    0.00    0.00    0.00     1      0.00      0.00 1243676   17772   0.44     132      16      0.00      0.00      0.00       0  |__containerd-shim
05:39:18        0         -      2620    0.00    0.50    0.00    0.00    0.50     1      3.98      0.00 1243676   17772   0.44     132      16      0.00      0.00      0.00       0  |__containerd-shim
05:39:18        0         -      2965    0.00    0.00    0.00    0.00    0.00     0      0.00      0.00 1243676   17772   0.44     132      16      0.00      0.00      0.00       0  |__containerd-shim
05:39:18        0         -      5391    0.00    0.00    0.00    0.00    0.00     0      0.00      0.00 1243676   17772   0.44     132      16      0.00      0.00      0.00       0  |__containerd-shim
05:39:18    65535      2594         -    0.00    0.00    0.00    0.00    0.00     1      0.00      0.00     972     512   0.01     132      12      0.00      0.00      0.00       0  pause
05:39:18    65535         -      2594    0.00    0.00    0.00    0.00    0.00     1      0.00      0.00     972     512   0.01     132      12      0.00      0.00      0.00       0  |__pause
05:39:18    65535      2606         -    0.00    0.00    0.00    0.00    0.00     1      0.00      0.00     972     512   0.01     132      12      0.00      0.00      0.00       0  pause
05:39:18    65535         -      2606    0.00    0.00    0.00    0.00    0.00     1      0.00      0.00     972     512   0.01     132      12      0.00      0.00      0.00       0  |__pause
05:39:18        0      2645         -    0.00    0.00    0.00    0.00    0.00     1      1.00      0.00 1299860   45824   1.14     132      16      0.00      0.00      0.00       0  kube-scheduler
05:39:18        0         -      2645    0.00    0.00    0.00    0.00    0.00     1      0.00      0.00 1299860   45824   1.14     132      16      0.00      0.00      0.00       0  |__kube-scheduler
05:39:18        0         -      2672    0.00    0.00    0.00    1.00    0.00     0      0.00      0.00 1299860   45824   1.14     132      16      0.00      0.00      0.00       0  |__kube-scheduler
05:39:18        0         -      2673    0.00    0.50    0.00    0.00    0.50     1      0.00      0.00 1299860   45824   1.14     132      16      0.00      0.00      0.00       0  |__kube-scheduler
05:39:18        0         -      2674    0.00    0.00    0.00    0.00    0.00     1      0.00      0.00 1299860   45824   1.14     132      16      0.00      0.00      0.00       0  |__kube-scheduler
05:39:18        0         -      2675    0.00    0.00    0.00    0.00    0.00     1      0.00      0.00 1299860   45824   1.14     132      16      0.00      0.00      0.00       0  |__kube-scheduler
05:39:18        0         -      2681    0.00    0.00    0.00    0.00    0.00     1      0.00      0.00 1299860   45824   1.14     132      16      0.00      0.00      0.00       0  |__kube-scheduler
05:39:18        0         -      2686    0.00    0.00    0.00    0.50    0.00     0      0.00      0.00 1299860   45824   1.14     132      16      0.00      0.00      0.00       0  |__kube-scheduler
05:39:18        0         -      2687    0.00    0.00    0.00    0.00    0.00     0      0.00      0.00 1299860   45824   1.14     132      16      0.00      0.00      0.00       0  |__kube-scheduler
05:39:18        0         -      8556    0.00    0.00    0.00    0.50    0.00     0      1.00      0.00 1299860   45824   1.14     132      16      0.00      0.00      0.00       0  |__kube-scheduler
05:39:18        0      2657         -    1.00    1.00    0.00    0.50    1.99     0      1.00      0.00 1387092  106524   2.66     132      20      0.00      0.00      0.00       0  kube-controller
05:39:18        0         -      2657    0.00    0.50    0.00    0.50    0.50     0      0.00      0.00 1387092  106524   2.66     132      20      0.00      0.00      0.00       0  |__kube-controller
05:39:18        0         -      2682    0.00    0.00    0.00    1.00    0.00     0      0.00      0.00 1387092  106524   2.66     132      20      0.00      0.00      0.00       0  |__kube-controller
05:39:18        0         -      2683    0.00    0.00    0.00    0.00    0.00     1      0.00      0.00 1387092  106524   2.66     132      20      0.00      0.00      0.00       0  |__kube-controller
05:39:18        0         -      2684    0.50    0.00    0.00    1.00    0.50     0      0.00      0.00 1387092  106524   2.66     132      20      0.00      0.00      0.00       0  |__kube-controller
05:39:18        0         -      2685    0.00    0.00    0.00    0.00    0.00     1      0.00      0.00 1387092  106524   2.66     132      20      0.00      0.00      0.00       0  |__kube-controller
05:39:18        0         -      2688    0.00    0.50    0.00    1.00    0.50     0      1.00      0.00 1387092  106524   2.66     132      20      0.00      0.00      0.00       0  |__kube-controller
05:39:18        0         -      2689    0.00    0.00    0.00    0.00    0.00     1      0.00      0.00 1387092  106524   2.66     132      20      0.00      0.00      0.00       0  |__kube-controller
05:39:18        0      2699         -    0.50    0.00    0.00    0.00    0.50     0     10.45      0.00 1243740   17792   0.44     132      16      0.00      0.00      0.00       0  containerd-shim
05:39:18        0         -      2699    0.00    0.00    0.00    0.00    0.00     0      0.00      0.00 1243740   17792   0.44     132      16      0.00      0.00      0.00       0  |__containerd-shim
05:39:18        0         -      2701    0.00    0.00    0.00    0.00    0.00     1      0.00      0.00 1243740   17792   0.44     132      16      0.00      0.00      0.00       0  |__containerd-shim
05:39:18        0         -      2702    0.00    0.00    0.00    0.00    0.00     1      0.00      0.00 1243740   17792   0.44     132      16      0.00      0.00      0.00       0  |__containerd-shim
05:39:18        0         -      2703    0.00    0.00    0.00    0.00    0.00     0      0.00      0.00 1243740   17792   0.44     132      16      0.00      0.00      0.00       0  |__containerd-shim
05:39:18        0         -      2704    0.00    0.00    0.00    0.00    0.00     1      0.00      0.00 1243740   17792   0.44     132      16      0.00      0.00      0.00       0  |__containerd-shim
05:39:18        0         -      2705    0.00    0.00    0.00    0.00    0.00     0      0.00      0.00 1243740   17792   0.44     132      16      0.00      0.00      0.00       0  |__containerd-shim
05:39:18        0         -      2706    0.00    0.00    0.00    0.00    0.00     1      0.00      0.00 1243740   17792   0.44     132      16      0.00      0.00      0.00       0  |__containerd-shim
05:39:18        0         -      2707    0.00    0.00    0.00    0.00    0.00     0      0.00      0.00 1243740   17792   0.44     132      16      0.00      0.00      0.00       0  |__containerd-shim
05:39:18        0         -      2708    0.00    0.00    0.00    0.00    0.00     1      0.00      0.00 1243740   17792   0.44     132      16      0.00      0.00      0.00       0  |__containerd-shim
05:39:18        0         -      2728    0.00    0.00    0.00    0.00    0.00     0      0.00      0.00 1243740   17792   0.44     132      16      0.00      0.00      0.00       0  |__containerd-shim
05:39:18        0         -      2760    0.00    0.00    0.00    0.00    0.00     1      0.00      0.00 1243740   17792   0.44     132      16      0.00      0.00      0.00       0  |__containerd-shim
05:39:18        0         -      2976    0.00    0.00    0.00    0.00    0.00     1      6.47      0.00 1243740   17792   0.44     132      16      0.00      0.00      0.00       0  |__containerd-shim
05:39:18        0         -     10082    0.00    0.00    0.00    0.00    0.00     0      3.98      0.00 1243740   17792   0.44     132      16      0.00      0.00      0.00       0  |__containerd-shim
05:39:18    65535      2722         -    0.00    0.00    0.00    0.00    0.00     0      0.00      0.00     972     512   0.01     132      12      0.00      0.00      0.00       0  pause
05:39:18    65535         -      2722    0.00    0.00    0.00    0.00    0.00     0      0.00      0.00     972     512   0.01     132      12      0.00      0.00      0.00       0  |__pause
05:39:18        0      2746         -    0.00    0.00    0.00    0.00    0.00     0      0.00      0.00 1307632   31980   0.80     132      16      0.00      0.00      0.00       0  cloud-controlle
05:39:18        0         -      2746    0.50    0.00    0.00    0.00    0.50     0      0.00      0.00 1307632   31980   0.80     132      16      0.00      0.00      0.00       0  |__cloud-controlle
05:39:18        0         -      2761    0.00    0.50    0.00    0.00    0.50     1      0.00      0.00 1307632   31980   0.80     132      16      0.00      0.00      0.00       0  |__cloud-controlle
05:39:18        0         -      2762    0.00    0.00    0.00    0.00    0.00     0      0.00      0.00 1307632   31980   0.80     132      16      0.00      0.00      0.00       0  |__cloud-controlle
05:39:18        0         -      2763    0.00    0.00    0.00    0.00    0.00     0      0.00      0.00 1307632   31980   0.80     132      16      0.00      0.00      0.00       0  |__cloud-controlle
05:39:18        0         -      2764    0.00    0.00    0.00    0.00    0.00     0      0.00      0.00 1307632   31980   0.80     132      16      0.00      0.00      0.00       0  |__cloud-controlle
05:39:18        0         -      2765    0.00    0.00    0.00    0.00    0.00     1      0.00      0.00 1307632   31980   0.80     132      16      0.00      0.00      0.00       0  |__cloud-controlle
05:39:18        0         -      2766    0.00    0.00    0.00    0.00    0.00     0      0.00      0.00 1307632   31980   0.80     132      16      0.00      0.00      0.00       0  |__cloud-controlle
05:39:18        0      3719         -    0.00    0.00    0.00    0.00    0.00     1      8.96      0.00 1243164   17600   0.44     132       8      0.00      0.00      0.00       0  containerd-shim
05:39:18        0         -      3719    0.00    0.00    0.00    0.00    0.00     1      0.00      0.00 1243164   17600   0.44     132       8      0.00      0.00      0.00       0  |__containerd-shim
05:39:18        0         -      3720    0.00    0.00    0.00    0.00    0.00     0      0.00      0.00 1243164   17600   0.44     132       8      0.00      0.00      0.00       0  |__containerd-shim
05:39:18        0         -      3721    0.00    0.00    0.00    0.00    0.00     0      4.98      0.00 1243164   17600   0.44     132       8      0.00      0.00      0.00       0  |__containerd-shim
05:39:18        0         -      3722    0.00    0.00    0.00    0.00    0.00     1      0.00      0.00 1243164   17600   0.44     132       8      0.00      0.00      0.00       0  |__containerd-shim
05:39:18        0         -      3723    0.00    0.00    0.00    0.00    0.00     0      0.00      0.00 1243164   17600   0.44     132       8      0.00      0.00      0.00       0  |__containerd-shim
05:39:18        0         -      3724    0.00    0.00    0.00    0.00    0.00     0      0.00      0.00 1243164   17600   0.44     132       8      0.00      0.00      0.00       0  |__containerd-shim
05:39:18        0         -      3725    0.00    0.00    0.00    0.00    0.00     1      0.00      0.00 1243164   17600   0.44     132       8      0.00      0.00      0.00       0  |__containerd-shim
05:39:18        0         -      3726    0.00    0.00    0.00    0.00    0.00     0      0.00      0.00 1243164   17600   0.44     132       8      0.00      0.00      0.00       0  |__containerd-shim
05:39:18        0         -      3727    0.00    0.00    0.00    0.00    0.00     1      3.98      0.00 1243164   17600   0.44     132       8      0.00      0.00      0.00       0  |__containerd-shim
05:39:18        0         -      3728    0.00    0.00    0.00    0.00    0.00     0      0.00      0.00 1243164   17600   0.44     132       8      0.00      0.00      0.00       0  |__containerd-shim
05:39:18        0         -      3888    0.00    0.00    0.00    0.00    0.00     0      0.00      0.00 1243164   17600   0.44     132       8      0.00      0.00      0.00       0  |__containerd-shim
05:39:18        0         -      4277    0.00    0.00    0.00    0.00    0.00     0      0.00      0.00 1243164   17600   0.44     132       8      0.00      0.00      0.00       0  |__containerd-shim
05:39:18        0         -      4278    0.00    0.00    0.00    0.00    0.00     1      0.00      0.00 1243164   17600   0.44     132       8      0.00      0.00      0.00       0  |__containerd-shim
05:39:18    65535      3743         -    0.00    0.00    0.00    0.00    0.00     0      0.00      0.00     972     512   0.01     132      12      0.00      0.00      0.00       0  pause
05:39:18    65535         -      3743    0.00    0.00    0.00    0.00    0.00     0      0.00      0.00     972     512   0.01     132      12      0.00      0.00      0.00       0  |__pause
05:39:18    10001      3874         -    0.50    0.50    0.00    0.00    1.00     1      0.00      0.00 1903772   56448   1.41     132      16      0.00      0.00      0.00       0  operator
05:39:18    10001         -      3874    0.00    0.00    0.00    0.00    0.00     1      0.00      0.00 1903772   56448   1.41     132      16      0.00      0.00      0.00       0  |__operator
05:39:18    10001         -      3889    0.00    0.00    0.00    2.99    0.00     0      0.00      0.00 1903772   56448   1.41     132      16      0.00      0.00      0.00       0  |__operator
05:39:18    10001         -      3890    0.00    0.00    0.00    1.00    0.00     0      0.00      0.00 1903772   56448   1.41     132      16      0.00      0.00      0.00       0  |__operator
05:39:18    10001         -      3891    0.00    0.00    0.00    0.00    0.00     1      0.00      0.00 1903772   56448   1.41     132      16      0.00      0.00      0.00       0  |__operator
05:39:18    10001         -      3892    0.00    0.00    0.00    0.00    0.00     0      0.00      0.00 1903772   56448   1.41     132      16      0.00      0.00      0.00       0  |__operator
05:39:18    10001         -      3893    0.00    0.00    0.00    0.00    0.00     0      0.00      0.00 1903772   56448   1.41     132      16      0.00      0.00      0.00       0  |__operator
05:39:18    10001         -      3894    0.00    0.00    0.00    1.99    0.00     1      0.00      0.00 1903772   56448   1.41     132      16      0.00      0.00      0.00       0  |__operator
05:39:18    10001         -      3895    0.50    0.00    0.00    0.50    0.50     0      0.00      0.00 1903772   56448   1.41     132      16      0.00      0.00      0.00       0  |__operator
05:39:18    10001         -      3896    0.00    0.00    0.00    0.00    0.00     1      0.00      0.00 1903772   56448   1.41     132      16      0.00      0.00      0.00       0  |__operator
05:39:18        0      3914         -    0.00    0.00    0.00    0.00    0.00     1      9.95      0.00 1243420   18708   0.47     132      12      0.00      0.00      0.00       0  containerd-shim
05:39:18        0         -      3914    0.00    0.00    0.00    0.00    0.00     1      0.00      0.00 1243420   18708   0.47     132      12      0.00      0.00      0.00       0  |__containerd-shim
05:39:18        0         -      3915    0.00    0.50    0.00    0.00    0.50     0      0.00      0.00 1243420   18708   0.47     132      12      0.00      0.00      0.00       0  |__containerd-shim
05:39:18        0         -      3916    0.00    0.00    0.00    0.00    0.00     1      0.00      0.00 1243420   18708   0.47     132      12      0.00      0.00      0.00       0  |__containerd-shim
05:39:18        0         -      3917    0.00    0.00    0.00    0.00    0.00     1      9.95      0.00 1243420   18708   0.47     132      12      0.00      0.00      0.00       0  |__containerd-shim
05:39:18        0         -      3918    0.00    0.00    0.00    0.50    0.00     1      0.00      0.00 1243420   18708   0.47     132      12      0.00      0.00      0.00       0  |__containerd-shim
05:39:18        0         -      3919    0.00    0.00    0.00    0.00    0.00     0      0.00      0.00 1243420   18708   0.47     132      12      0.00      0.00      0.00       0  |__containerd-shim
05:39:18        0         -      3920    0.00    0.00    0.00    0.00    0.00     1      0.00      0.00 1243420   18708   0.47     132      12      0.00      0.00      0.00       0  |__containerd-shim
05:39:18        0         -      3921    0.00    0.00    0.00    0.00    0.00     1      0.00      0.00 1243420   18708   0.47     132      12      0.00      0.00      0.00       0  |__containerd-shim
05:39:18        0         -      3922    0.00    0.00    0.00    0.00    0.00     1      0.00      0.00 1243420   18708   0.47     132      12      0.00      0.00      0.00       0  |__containerd-shim
05:39:18        0         -      3923    0.00    0.00    0.00    0.00    0.00     0      0.00      0.00 1243420   18708   0.47     132      12      0.00      0.00      0.00       0  |__containerd-shim
05:39:18        0         -      4106    0.00    0.00    0.00    0.00    0.00     0      0.00      0.00 1243420   18708   0.47     132      12      0.00      0.00      0.00       0  |__containerd-shim
05:39:18        0         -      4107    0.00    0.00    0.00    0.00    0.00     0      0.00      0.00 1243420   18708   0.47     132      12      0.00      0.00      0.00       0  |__containerd-shim
05:39:18        0         -      6822    0.00    0.00    0.00    0.00    0.00     1      0.00      0.00 1243420   18708   0.47     132      12      0.00      0.00      0.00       0  |__containerd-shim
05:39:18    65535      3938         -    0.00    0.00    0.00    0.00    0.00     0      0.00      0.00     972     512   0.01     132      12      0.00      0.00      0.00       0  pause
05:39:18    65535         -      3938    0.00    0.00    0.00    0.00    0.00     0      0.00      0.00     972     512   0.01     132      12      0.00      0.00      0.00       0  |__pause
05:39:18        0      4418         -    0.00    0.00    0.00    0.00    0.00     1      0.00      0.00    4480    1152   0.03     132      12      0.00      0.00      0.00       0  runsvdir
05:39:18        0         -      4418    0.00    0.00    0.00    0.00    0.00     1      0.00      0.00    4480    1152   0.03     132      12      0.00      0.00      0.00       0  |__runsvdir
05:39:18        0      4530         -    0.00    0.00    0.00    0.00    0.00     0      9.45      0.00 1243420   17832   0.44     132      16      0.00      0.00      0.00       0  containerd-shim
05:39:18        0         -      4530    0.00    0.00    0.00    0.00    0.00     0      0.00      0.00 1243420   17832   0.44     132      16      0.00      0.00      0.00       0  |__containerd-shim
05:39:18        0         -      4533    0.00    0.00    0.00    0.00    0.00     1      0.00      0.00 1243420   17832   0.44     132      16      0.00      0.00      0.00       0  |__containerd-shim
05:39:18        0         -      4534    0.00    0.00    0.00    0.00    0.00     0      0.00      0.00 1243420   17832   0.44     132      16      0.00      0.00      0.00       0  |__containerd-shim
05:39:18        0         -      4535    0.00    0.00    0.00    0.00    0.00     1      0.00      0.00 1243420   17832   0.44     132      16      0.00      0.00      0.00       0  |__containerd-shim
05:39:18        0         -      4536    0.00    0.00    0.00    0.00    0.00     1      0.00      0.00 1243420   17832   0.44     132      16      0.00      0.00      0.00       0  |__containerd-shim
05:39:18        0         -      4537    0.00    0.00    0.00    0.00    0.00     0      0.00      0.00 1243420   17832   0.44     132      16      0.00      0.00      0.00       0  |__containerd-shim
05:39:18        0         -      4539    0.00    0.00    0.00    0.00    0.00     0      0.00      0.00 1243420   17832   0.44     132      16      0.00      0.00      0.00       0  |__containerd-shim
05:39:18        0         -      4540    0.00    0.00    0.00    0.00    0.00     0      0.00      0.00 1243420   17832   0.44     132      16      0.00      0.00      0.00       0  |__containerd-shim
05:39:18        0         -      4541    0.00    0.00    0.00    0.00    0.00     0      0.00      0.00 1243420   17832   0.44     132      16      0.00      0.00      0.00       0  |__containerd-shim
05:39:18        0         -      4543    0.00    0.00    0.00    0.00    0.00     1      0.00      0.00 1243420   17832   0.44     132      16      0.00      0.00      0.00       0  |__containerd-shim
05:39:18        0         -      4610    0.00    0.00    0.00    0.00    0.00     0      0.00      0.00 1243420   17832   0.44     132      16      0.00      0.00      0.00       0  |__containerd-shim
05:39:18        0         -      5674    0.00    0.00    0.00    0.50    0.00     0      9.45      0.00 1243420   17832   0.44     132      16      0.00      0.00      0.00       0  |__containerd-shim
05:39:18        0         -      6826    0.00    0.00    0.00    0.00    0.00     1      0.00      0.00 1243420   17832   0.44     132      16      0.00      0.00      0.00       0  |__containerd-shim
05:39:18    65535      4574         -    0.00    0.00    0.00    0.00    0.00     0      0.00      0.00     972     512   0.01     132      12      0.00      0.00      0.00       0  pause
05:39:18    65535         -      4574    0.00    0.00    0.00    0.00    0.00     0      0.00      0.00     972     512   0.01     132      12      0.00      0.00      0.00       0  |__pause
05:39:18        0      4698         -    0.00    0.00    0.00    0.00    0.00     0      0.00      0.00    4328    1152   0.03     132      12      0.00      0.00      0.00       0  runsv
05:39:18        0         -      4698    0.00    0.00    0.00    0.00    0.00     0      0.00      0.00    4328    1152   0.03     132      12      0.00      0.00      0.00       0  |__runsv
05:39:18        0      4699         -    0.00    0.00    0.00    0.00    0.00     1      0.00      0.00    4328    1152   0.03     132      12      0.00      0.00      0.00       0  runsv
05:39:18        0         -      4699    0.00    0.00    0.00    0.00    0.00     1      0.00      0.00    4328    1152   0.03     132      12      0.00      0.00      0.00       0  |__runsv
05:39:18        0      4700         -    0.00    0.00    0.00    0.00    0.00     0      0.00      0.00    4328    1152   0.03     132      16      0.00      0.00      0.00       0  runsv
05:39:18        0         -      4700    0.00    0.00    0.00    0.00    0.00     0      0.00      0.00    4328    1152   0.03     132      16      0.00      0.00      0.00       0  |__runsv
05:39:18        0      4701         -    0.00    0.00    0.00    0.00    0.00     0      0.00      0.00    4328    1152   0.03     132      12      0.00      0.00      0.00       0  runsv
05:39:18        0         -      4701    0.00    0.00    0.00    0.00    0.00     0      0.00      0.00    4328    1152   0.03     132      12      0.00      0.00      0.00       0  |__runsv
05:39:18        0      4702         -    0.00    0.00    0.00    0.00    0.00     0      0.00      0.00    4328    1152   0.03     132      12      0.00      0.00      0.00       0  runsv
05:39:18        0         -      4702    0.00    0.00    0.00    0.00    0.00     0      0.00      0.00    4328    1152   0.03     132      12      0.00      0.00      0.00       0  |__runsv
05:39:18        0      4703         -    0.00    0.00    0.00    0.00    0.00     1      0.00      0.00    4328    1152   0.03     132      16      0.00      0.00      0.00       0  runsv
05:39:18        0         -      4703    0.00    0.00    0.00    0.00    0.00     1      0.00      0.00    4328    1152   0.03     132      16      0.00      0.00      0.00       0  |__runsv
05:39:18        0      4704         -    0.00    0.00    0.00    0.00    0.00     1      0.00      0.00    4472    1152   0.03     132      12      0.00      0.00      0.00       0  svlogd
05:39:18        0         -      4704    0.00    0.00    0.00    0.00    0.00     1      0.00      0.00    4472    1152   0.03     132      12      0.00      0.00      0.00       0  |__svlogd
05:39:18        0      4705         -    0.00    0.00    0.00    0.00    0.00     1      0.00      0.00 1753800   53112   1.32     132      16      0.00      0.00      0.00       0  calico-node
05:39:18        0         -      4705    0.00    0.00    0.00    0.00    0.00     1      0.00      0.00 1753800   53112   1.32     132      16      0.00      0.00      0.00       0  |__calico-node
05:39:18        0         -      4747    0.00    0.00    0.00    0.00    0.00     0      0.00      0.00 1753800   53112   1.32     132      16      0.00      0.00      0.00       0  |__calico-node
05:39:18        0         -      4748    0.00    0.00    0.00    0.00    0.00     1      0.00      0.00 1753800   53112   1.32     132      16      0.00      0.00      0.00       0  |__calico-node
05:39:18        0         -      4749    0.00    0.00    0.00    0.00    0.00     0      0.00      0.00 1753800   53112   1.32     132      16      0.00      0.00      0.00       0  |__calico-node
05:39:18        0         -      4750    0.00    0.00    0.00    0.00    0.00     0      0.00      0.00 1753800   53112   1.32     132      16      0.00      0.00      0.00       0  |__calico-node
05:39:18        0         -      4765    0.00    0.00    0.00    0.00    0.00     1      0.00      0.00 1753800   53112   1.32     132      16      0.00      0.00      0.00       0  |__calico-node
05:39:18        0      4706         -    0.00    0.00    0.00    0.00    0.00     0      0.00      0.00   12004    1792   0.04     132      12      0.00      0.00      0.00       0  run
05:39:18        0         -      4706    0.00    0.00    0.00    0.00    0.00     0      0.00      0.00   12004    1792   0.04     132      12      0.00      0.00      0.00       0  |__run
05:39:18        0      4707         -    0.00    0.00    0.00    0.00    0.00     0      0.00      0.00   12004    1792   0.04     132      12      0.00      0.00      0.00       0  run
05:39:18        0         -      4707    0.00    0.00    0.00    0.00    0.00     0      0.00      0.00   12004    1792   0.04     132      12      0.00      0.00      0.00       0  |__run
05:39:18        0      4709         -    0.00    0.00    0.00    0.00    0.00     1      0.00      0.00   12004    1920   0.05     132      12      0.00      0.00      0.00       0  run
05:39:18        0         -      4709    0.00    0.00    0.00    0.00    0.00     1      0.00      0.00   12004    1920   0.05     132      12      0.00      0.00      0.00       0  |__run
05:39:18        0      4710         -    0.00    0.00    0.00    0.00    0.00     1      0.00      0.00 1827276   47596   1.19     132      16      0.00      0.00      0.00       0  calico-node
05:39:18        0         -      4710    0.00    0.00    0.00    0.00    0.00     1      0.00      0.00 1827276   47596   1.19     132      16      0.00      0.00      0.00       0  |__calico-node
05:39:18        0         -      4753    0.00    0.00    0.00    0.00    0.00     1      0.00      0.00 1827276   47596   1.19     132      16      0.00      0.00      0.00       0  |__calico-node
05:39:18        0         -      4754    0.00    0.00    0.00    0.00    0.00     0      0.00      0.00 1827276   47596   1.19     132      16      0.00      0.00      0.00       0  |__calico-node
05:39:18        0         -      4755    0.00    0.00    0.00    0.00    0.00     1      0.00      0.00 1827276   47596   1.19     132      16      0.00      0.00      0.00       0  |__calico-node
05:39:18        0         -      4759    0.00    0.00    0.00    0.00    0.00     1      0.00      0.00 1827276   47596   1.19     132      16      0.00      0.00      0.00       0  |__calico-node
05:39:18        0         -      4761    0.00    0.00    0.00    0.00    0.00     1      0.00      0.00 1827276   47596   1.19     132      16      0.00      0.00      0.00       0  |__calico-node
05:39:18        0         -      4763    0.00    0.00    0.00    0.00    0.00     1      0.00      0.00 1827276   47596   1.19     132      16      0.00      0.00      0.00       0  |__calico-node
05:39:18        0      4711         -    0.00    0.00    0.00    0.00    0.00     1      0.00      0.00   12004    1920   0.05     132      16      0.00      0.00      0.00       0  run
05:39:18        0         -      4711    0.00    0.00    0.00    0.00    0.00     1      0.00      0.00   12004    1920   0.05     132      16      0.00      0.00      0.00       0  |__run
05:39:18        0      4713         -    0.00    0.00    0.00    0.00    0.00     1      0.00      0.00 1827532   48240   1.20     132      20      0.00      0.00      0.00       0  calico-node
05:39:18        0         -      4713    0.00    0.00    0.00    0.00    0.00     1      0.00      0.00 1827532   48240   1.20     132      20      0.00      0.00      0.00       0  |__calico-node
05:39:18        0         -      4731    0.00    0.00    0.00    0.00    0.00     1      0.00      0.00 1827532   48240   1.20     132      20      0.00      0.00      0.00       0  |__calico-node
05:39:18        0         -      4732    0.00    0.00    0.00    0.00    0.00     1      0.00      0.00 1827532   48240   1.20     132      20      0.00      0.00      0.00       0  |__calico-node
05:39:18        0         -      4733    0.00    0.00    0.00    0.00    0.00     0      0.00      0.00 1827532   48240   1.20     132      20      0.00      0.00      0.00       0  |__calico-node
05:39:18        0         -      4734    0.00    0.00    0.00    0.00    0.00     0      0.00      0.00 1827532   48240   1.20     132      20      0.00      0.00      0.00       0  |__calico-node
05:39:18        0         -      4762    0.00    0.00    0.00    0.00    0.00     1      0.00      0.00 1827532   48240   1.20     132      20      0.00      0.00      0.00       0  |__calico-node
05:39:18        0         -      4764    0.00    0.00    0.00    0.00    0.00     1      0.00      0.00 1827532   48240   1.20     132      20      0.00      0.00      0.00       0  |__calico-node
05:39:18        0      4736         -    0.00    0.00    0.00    0.00    0.00     0      0.00      0.00   12004     912   0.02     132      12      0.00      0.00      0.00       0  run
05:39:18        0         -      4736    0.00    0.00    0.00    0.00    0.00     0      0.00      0.00   12004     912   0.02     132      12      0.00      0.00      0.00       0  |__run
05:39:18        0      4737         -    0.00    0.00    0.00    0.00    0.00     0      0.00      0.00   23148    1920   0.05     132      16      0.00      0.00      0.00       0  tee
05:39:18        0         -      4737    0.00    0.00    0.00    0.00    0.00     0      0.00      0.00   23148    1920   0.05     132      16      0.00      0.00      0.00       0  |__tee
05:39:18        0      4738         -    0.00    0.00    0.00    0.00    0.00     0      0.00      0.00    4472    1024   0.03     132      12      0.00      0.00      0.00       0  svlogd
05:39:18        0         -      4738    0.00    0.00    0.00    0.00    0.00     0      0.00      0.00    4472    1024   0.03     132      12      0.00      0.00      0.00       0  |__svlogd
05:39:18        0      4739         -    0.00    0.00    0.00    0.00    0.00     1      0.00      0.00   12004    1040   0.03     132      12      0.00      0.00      0.00       0  run
05:39:18        0         -      4739    0.00    0.00    0.00    0.00    0.00     1      0.00      0.00   12004    1040   0.03     132      12      0.00      0.00      0.00       0  |__run
05:39:18        0      4740         -    0.00    0.00    0.00    0.00    0.00     0      0.00      0.00   23148    1536   0.04     132      16      0.00      0.00      0.00       0  tee
05:39:18        0         -      4740    0.00    0.00    0.00    0.00    0.00     0      0.00      0.00   23148    1536   0.04     132      16      0.00      0.00      0.00       0  |__tee
05:39:18        0      4741         -    0.00    0.00    0.00    0.00    0.00     1      0.00      0.00    4472    1152   0.03     132      12      0.00      0.00      0.00       0  svlogd
05:39:18        0         -      4741    0.00    0.00    0.00    0.00    0.00     1      0.00      0.00    4472    1152   0.03     132      12      0.00      0.00      0.00       0  |__svlogd
05:39:18        0      4742         -    0.00    0.00    0.00    0.00    0.00     1      0.00      0.00   12004    1040   0.03     132      12      0.00      0.00      0.00       0  run
05:39:18        0         -      4742    0.00    0.00    0.00    0.00    0.00     1      0.00      0.00   12004    1040   0.03     132      12      0.00      0.00      0.00       0  |__run
05:39:18        0      4743         -    0.00    0.00    0.00    0.00    0.00     1      0.00      0.00   23148    1664   0.04     132      20      0.00      0.00      0.00       0  tee
05:39:18        0         -      4743    0.00    0.00    0.00    0.00    0.00     1      0.00      0.00   23148    1664   0.04     132      20      0.00      0.00      0.00       0  |__tee
05:39:18        0      4744         -    0.00    0.00    0.00    0.00    0.00     1      0.00      0.00   12004    1040   0.03     132      12      0.00      0.00      0.00       0  run
05:39:18        0         -      4744    0.00    0.00    0.00    0.00    0.00     1      0.00      0.00   12004    1040   0.03     132      12      0.00      0.00      0.00       0  |__run
05:39:18        0      4745         -    0.00    0.00    0.00    0.00    0.00     0      0.00      0.00   23148    1792   0.04     132      16      0.00      0.00      0.00       0  tee
05:39:18        0         -      4745    0.00    0.00    0.00    0.00    0.00     0      0.00      0.00   23148    1792   0.04     132      16      0.00      0.00      0.00       0  |__tee
05:39:18        0      4746         -    0.00    0.00    0.00    0.00    0.00     0      0.00      0.00    4472    1152   0.03     132      16      0.00      0.00      0.00       0  svlogd
05:39:18        0         -      4746    0.00    0.00    0.00    0.00    0.00     0      0.00      0.00    4472    1152   0.03     132      16      0.00      0.00      0.00       0  |__svlogd
05:39:18        0      4751         -    0.00    0.00    0.00    0.00    0.00     0      0.00      0.00    4472    1152   0.03     132      12      0.00      0.00      0.00       0  svlogd
05:39:18        0         -      4751    0.00    0.00    0.00    0.00    0.00     0      0.00      0.00    4472    1152   0.03     132      12      0.00      0.00      0.00       0  |__svlogd
05:39:18    10001      4865         -    1.00    0.50    0.00    0.00    1.49     0      9.45      0.00 1285120   41532   1.04     132      16      0.00      0.00      0.00       0  calico-typha
05:39:18    10001         -      4865    0.00    0.00    0.00    0.00    0.00     0      0.00      0.00 1285120   41532   1.04     132      16      0.00      0.00      0.00       0  |__calico-typha
05:39:18    10001         -      4877    0.00    0.00    0.00    1.99    0.00     0      0.00      0.00 1285120   41532   1.04     132      16      0.00      0.00      0.00       0  |__calico-typha
05:39:18    10001         -      4878    0.00    0.00    0.00    0.00    0.00     1      0.00      0.00 1285120   41532   1.04     132      16      0.00      0.00      0.00       0  |__calico-typha
05:39:18    10001         -      4879    0.00    0.00    0.00    0.50    0.00     0      0.50      0.00 1285120   41532   1.04     132      16      0.00      0.00      0.00       0  |__calico-typha
05:39:18    10001         -      4880    0.00    0.00    0.00    0.00    0.00     1      0.00      0.00 1285120   41532   1.04     132      16      0.00      0.00      0.00       0  |__calico-typha
05:39:18    10001         -      4881    0.00    0.00    0.00    1.99    0.00     1      1.99      0.00 1285120   41532   1.04     132      16      0.00      0.00      0.00       0  |__calico-typha
05:39:18    10001         -      4882    0.00    0.00    0.00    0.00    0.00     0      0.00      0.00 1285120   41532   1.04     132      16      0.00      0.00      0.00       0  |__calico-typha
05:39:18    10001         -      4883    0.00    0.00    0.00    1.99    0.00     0      6.97      0.00 1285120   41532   1.04     132      16      0.00      0.00      0.00       0  |__calico-typha
05:39:18    10001         -     10535    0.00    0.00    0.00    0.00    0.00     0      0.00      0.00 1285120   41532   1.04     132      16      0.00      0.00      0.00       0  |__calico-typha
05:39:18        0      4899         -    0.50    0.50    0.00    0.00    1.00     1      0.50      0.00 2049240   67320   1.68     132      16      0.00      0.00      0.00       0  calico-node
05:39:18        0         -      4899    0.00    0.00    0.00    0.00    0.00     1      0.00      0.00 2049240   67320   1.68     132      16      0.00      0.00      0.00       0  |__calico-node
05:39:18        0         -      4900    0.00    0.00    0.00    1.00    0.00     0      0.00      0.00 2049240   67320   1.68     132      16      0.00      0.00      0.00       0  |__calico-node
05:39:18        0         -      4901    0.00    0.00    0.00    0.00    0.00     0      0.00      0.00 2049240   67320   1.68     132      16      0.00      0.00      0.00       0  |__calico-node
05:39:18        0         -      4902    0.00    0.00    0.00    0.00    0.00     1      0.00      0.00 2049240   67320   1.68     132      16      0.00      0.00      0.00       0  |__calico-node
05:39:18        0         -      4903    0.00    0.00    0.00    0.00    0.00     1      0.00      0.00 2049240   67320   1.68     132      16      0.00      0.00      0.00       0  |__calico-node
05:39:18        0         -      4904    0.00    0.00    0.00    1.49    0.00     0      0.50      0.00 2049240   67320   1.68     132      16      0.00      0.00      0.00       0  |__calico-node
05:39:18        0         -      4941    0.00    0.00    0.00    0.00    0.00     0      0.00      0.00 2049240   67320   1.68     132      16      0.00      0.00      0.00       0  |__calico-node
05:39:18        0         -      4945    0.00    0.50    0.00    1.00    0.50     0      0.00      0.00 2049240   67320   1.68     132      16      0.00      0.00      0.00       0  |__calico-node
05:39:18        0         -      4946    0.00    0.00    0.00    0.00    0.00     1      0.00      0.00 2049240   67320   1.68     132      16      0.00      0.00      0.00       0  |__calico-node
05:39:18        0         -      4947    0.50    0.00    0.00    1.99    0.50     0      0.00      0.00 2049240   67320   1.68     132      16      0.00      0.00      0.00       0  |__calico-node
05:39:18        0      4916         -    0.00    0.00    0.00    0.00    0.00     1      0.00      0.00 1753800   49408   1.23     132      12      0.00      0.00      0.00       0  calico-node
05:39:18        0         -      4916    0.00    0.00    0.00    0.00    0.00     1      0.00      0.00 1753800   49408   1.23     132      12      0.00      0.00      0.00       0  |__calico-node
05:39:18        0         -      4918    0.00    0.00    0.00    0.00    0.00     0      0.00      0.00 1753800   49408   1.23     132      12      0.00      0.00      0.00       0  |__calico-node
05:39:18        0         -      4919    0.00    0.00    0.00    0.00    0.00     1      0.00      0.00 1753800   49408   1.23     132      12      0.00      0.00      0.00       0  |__calico-node
05:39:18        0         -      4920    0.00    0.00    0.00    0.00    0.00     1      0.00      0.00 1753800   49408   1.23     132      12      0.00      0.00      0.00       0  |__calico-node
05:39:18        0         -      4921    0.00    0.00    0.00    0.00    0.00     1      0.00      0.00 1753800   49408   1.23     132      12      0.00      0.00      0.00       0  |__calico-node
05:39:18        0         -      4927    0.00    0.00    0.00    0.00    0.00     0      0.00      0.00 1753800   49408   1.23     132      12      0.00      0.00      0.00       0  |__calico-node
05:39:18        0      4917         -    0.00    0.00    0.00    0.00    0.00     0      0.00      0.00 1753800   50168   1.25     132      12      0.00      0.00      0.00       0  calico-node
05:39:18        0         -      4917    0.00    0.00    0.00    0.00    0.00     0      0.00      0.00 1753800   50168   1.25     132      12      0.00      0.00      0.00       0  |__calico-node
05:39:18        0         -      4922    0.00    0.00    0.00    0.00    0.00     0      0.00      0.00 1753800   50168   1.25     132      12      0.00      0.00      0.00       0  |__calico-node
05:39:18        0         -      4923    0.00    0.00    0.00    0.00    0.00     0      0.00      0.00 1753800   50168   1.25     132      12      0.00      0.00      0.00       0  |__calico-node
05:39:18        0         -      4924    0.00    0.00    0.00    0.00    0.00     1      0.00      0.00 1753800   50168   1.25     132      12      0.00      0.00      0.00       0  |__calico-node
05:39:18        0         -      4925    0.00    0.00    0.00    0.00    0.00     0      0.00      0.00 1753800   50168   1.25     132      12      0.00      0.00      0.00       0  |__calico-node
05:39:18        0         -      4926    0.00    0.00    0.00    0.00    0.00     1      0.00      0.00 1753800   50168   1.25     132      12      0.00      0.00      0.00       0  |__calico-node
05:39:18        0      5104         -    0.50    0.00    0.00    0.00    0.50     0     15.42      0.00 1243420   18268   0.46     132      12      0.00      0.00      0.00       0  containerd-shim
05:39:18        0         -      5104    0.00    0.00    0.00    0.00    0.00     0      0.00      0.00 1243420   18268   0.46     132      12      0.00      0.00      0.00       0  |__containerd-shim
05:39:18        0         -      5106    0.00    0.00    0.00    0.00    0.00     0      0.00      0.00 1243420   18268   0.46     132      12      0.00      0.00      0.00       0  |__containerd-shim
05:39:18        0         -      5107    0.00    0.00    0.00    0.00    0.00     0      0.00      0.00 1243420   18268   0.46     132      12      0.00      0.00      0.00       0  |__containerd-shim
05:39:18        0         -      5108    0.00    0.00    0.00    0.00    0.00     1      0.00      0.00 1243420   18268   0.46     132      12      0.00      0.00      0.00       0  |__containerd-shim
05:39:18        0         -      5109    0.00    0.00    0.00    0.00    0.00     1      0.00      0.00 1243420   18268   0.46     132      12      0.00      0.00      0.00       0  |__containerd-shim
05:39:18        0         -      5110    0.00    0.00    0.00    0.00    0.00     0      0.00      0.00 1243420   18268   0.46     132      12      0.00      0.00      0.00       0  |__containerd-shim
05:39:18        0         -      5112    0.00    0.00    0.00    0.00    0.00     0      0.50      0.00 1243420   18268   0.46     132      12      0.00      0.00      0.00       0  |__containerd-shim
05:39:18        0         -      5113    0.00    0.00    0.00    0.00    0.00     0      0.00      0.00 1243420   18268   0.46     132      12      0.00      0.00      0.00       0  |__containerd-shim
05:39:18        0         -      5114    0.00    0.00    0.00    0.00    0.00     0      8.46      0.00 1243420   18268   0.46     132      12      0.00      0.00      0.00       0  |__containerd-shim
05:39:18        0         -      5138    0.00    0.00    0.00    0.00    0.00     0      0.00      0.00 1243420   18268   0.46     132      12      0.00      0.00      0.00       0  |__containerd-shim
05:39:18        0         -      5140    0.00    0.00    0.00    0.00    0.00     0      3.98      0.00 1243420   18268   0.46     132      12      0.00      0.00      0.00       0  |__containerd-shim
05:39:18        0         -      5146    0.00    0.00    0.00    0.00    0.00     1      2.49      0.00 1243420   18268   0.46     132      12      0.00      0.00      0.00       0  |__containerd-shim
05:39:18        0         -      5955    0.00    0.00    0.00    0.00    0.00     1      0.00      0.00 1243420   18268   0.46     132      12      0.00      0.00      0.00       0  |__containerd-shim
05:39:18    65535      5132         -    0.00    0.00    0.00    0.00    0.00     1      0.00      0.00     972     512   0.01     132       8      0.00      0.00      0.00       0  pause
05:39:18    65535         -      5132    0.00    0.00    0.00    0.00    0.00     1      0.00      0.00     972     512   0.01     132       8      0.00      0.00      0.00       0  |__pause
05:39:18        0      5274         -    0.50    0.00    0.00    0.00    0.50     1     10.95      0.00 1243676   17708   0.44     132      12      0.00      0.00      0.00       0  containerd-shim
05:39:18        0         -      5274    0.00    0.00    0.00    0.00    0.00     1      0.00      0.00 1243676   17708   0.44     132      12      0.00      0.00      0.00       0  |__containerd-shim
05:39:18        0         -      5276    0.00    0.00    0.00    0.00    0.00     0      0.00      0.00 1243676   17708   0.44     132      12      0.00      0.00      0.00       0  |__containerd-shim
05:39:18        0         -      5277    0.00    0.00    0.00    0.00    0.00     1      0.00      0.00 1243676   17708   0.44     132      12      0.00      0.00      0.00       0  |__containerd-shim
05:39:18        0         -      5278    0.00    0.00    0.00    0.00    0.00     0      0.00      0.00 1243676   17708   0.44     132      12      0.00      0.00      0.00       0  |__containerd-shim
05:39:18        0         -      5279    0.00    0.00    0.00    0.00    0.00     1      0.00      0.00 1243676   17708   0.44     132      12      0.00      0.00      0.00       0  |__containerd-shim
05:39:18        0         -      5280    0.00    0.00    0.00    0.00    0.00     1      0.00      0.00 1243676   17708   0.44     132      12      0.00      0.00      0.00       0  |__containerd-shim
05:39:18        0         -      5282    0.00    0.00    0.00    0.00    0.00     0      0.00      0.00 1243676   17708   0.44     132      12      0.00      0.00      0.00       0  |__containerd-shim
05:39:18        0         -      5283    0.00    0.00    0.00    0.00    0.00     1      4.48      0.00 1243676   17708   0.44     132      12      0.00      0.00      0.00       0  |__containerd-shim
05:39:18        0         -      5284    0.00    0.00    0.00    0.00    0.00     1      0.00      0.00 1243676   17708   0.44     132      12      0.00      0.00      0.00       0  |__containerd-shim
05:39:18        0         -      5285    0.00    0.00    0.00    0.00    0.00     1      0.00      0.00 1243676   17708   0.44     132      12      0.00      0.00      0.00       0  |__containerd-shim
05:39:18        0         -      5620    0.00    0.00    0.00    0.00    0.00     0      6.47      0.00 1243676   17708   0.44     132      12      0.00      0.00      0.00       0  |__containerd-shim
05:39:18        0         -      5621    0.00    0.00    0.00    0.00    0.00     0      0.00      0.00 1243676   17708   0.44     132      12      0.00      0.00      0.00       0  |__containerd-shim
05:39:18        0         -     14091    0.00    0.00    0.00    0.00    0.00     0      0.00      0.00 1243676   17708   0.44     132      12      0.00      0.00      0.00       0  |__containerd-shim
05:39:18    65535      5309         -    0.00    0.00    0.00    0.00    0.00     0      0.00      0.00     972     512   0.01     132      16      0.00      0.00      0.00       0  pause
05:39:18    65535         -      5309    0.00    0.00    0.00    0.00    0.00     0      0.00      0.00     972     512   0.01     132      16      0.00      0.00      0.00       0  |__pause
05:39:18        0      5368         -    0.00    0.00    0.00    0.00    0.00     0      9.45      0.00 1243164   17772   0.44     132      16      0.00      0.00      0.00       0  containerd-shim
05:39:18        0         -      5368    0.00    0.00    0.00    0.00    0.00     0      0.00      0.00 1243164   17772   0.44     132      16      0.00      0.00      0.00       0  |__containerd-shim
05:39:18        0         -      5369    0.00    0.00    0.00    0.00    0.00     0      0.00      0.00 1243164   17772   0.44     132      16      0.00      0.00      0.00       0  |__containerd-shim
05:39:18        0         -      5370    0.00    0.00    0.00    0.00    0.00     0      0.00      0.00 1243164   17772   0.44     132      16      0.00      0.00      0.00       0  |__containerd-shim
05:39:18        0         -      5371    0.00    0.00    0.00    0.00    0.00     0      0.00      0.00 1243164   17772   0.44     132      16      0.00      0.00      0.00       0  |__containerd-shim
05:39:18        0         -      5372    0.00    0.00    0.00    0.00    0.00     1      3.98      0.00 1243164   17772   0.44     132      16      0.00      0.00      0.00       0  |__containerd-shim
05:39:18        0         -      5373    0.00    0.00    0.00    0.00    0.00     0      0.00      0.00 1243164   17772   0.44     132      16      0.00      0.00      0.00       0  |__containerd-shim
05:39:18        0         -      5375    0.00    0.00    0.00    0.00    0.00     0      0.00      0.00 1243164   17772   0.44     132      16      0.00      0.00      0.00       0  |__containerd-shim
05:39:18        0         -      5376    0.00    0.00    0.00    0.00    0.00     1      5.47      0.00 1243164   17772   0.44     132      16      0.00      0.00      0.00       0  |__containerd-shim
05:39:18        0         -      5377    0.00    0.00    0.00    0.00    0.00     1      0.00      0.00 1243164   17772   0.44     132      16      0.00      0.00      0.00       0  |__containerd-shim
05:39:18        0         -      5428    0.00    0.00    0.00    0.00    0.00     1      0.00      0.00 1243164   17772   0.44     132      16      0.00      0.00      0.00       0  |__containerd-shim
05:39:18        0         -      5430    0.00    0.00    0.00    0.00    0.00     0      0.00      0.00 1243164   17772   0.44     132      16      0.00      0.00      0.00       0  |__containerd-shim
05:39:18        0         -      5720    0.00    0.00    0.00    0.00    0.00     0      0.00      0.00 1243164   17772   0.44     132      16      0.00      0.00      0.00       0  |__containerd-shim
05:39:18        0         -      7324    0.00    0.00    0.00    0.00    0.00     1      0.00      0.00 1243164   17772   0.44     132      16      0.00      0.00      0.00       0  |__containerd-shim
05:39:18    65535      5394         -    0.00    0.00    0.00    0.00    0.00     0      0.00      0.00     972     512   0.01     132       4      0.00      0.00      0.00       0  pause
05:39:18    65535         -      5394    0.00    0.00    0.00    0.00    0.00     0      0.00      0.00     972     512   0.01     132       4      0.00      0.00      0.00       0  |__pause
05:39:18      999      5521         -    0.00    0.00    0.00    0.00    0.00     1      0.00      0.00 1242220    2176   0.05     132      16      0.00      0.00      0.00       0  wrapper
05:39:18      999         -      5521    0.00    0.00    0.00    0.00    0.00     1      0.00      0.00 1242220    2176   0.05     132      16      0.00      0.00      0.00       0  |__wrapper
05:39:18      999         -      5533    0.00    0.00    0.00    0.00    0.00     0      0.00      0.00 1242220    2176   0.05     132      16      0.00      0.00      0.00       0  |__wrapper
05:39:18      999         -      5534    0.00    0.00    0.00    0.00    0.00     0      0.00      0.00 1242220    2176   0.05     132      16      0.00      0.00      0.00       0  |__wrapper
05:39:18      999         -      5535    0.00    0.00    0.00    0.00    0.00     0      0.00      0.00 1242220    2176   0.05     132      16      0.00      0.00      0.00       0  |__wrapper
05:39:18      999         -      5536    0.00    0.00    0.00    0.00    0.00     1      0.00      0.00 1242220    2176   0.05     132      16      0.00      0.00      0.00       0  |__wrapper
05:39:18      999         -      5537    0.00    0.00    0.00    0.00    0.00     1      0.00      0.00 1242220    2176   0.05     132      16      0.00      0.00      0.00       0  |__wrapper
05:39:18      999         -      5538    0.00    0.00    0.00    0.00    0.00     1      0.00      0.00 1242220    2176   0.05     132      16      0.00      0.00      0.00       0  |__wrapper
05:39:18      999      5540         -    0.00    0.00    0.00    0.00    0.00     1      0.00      0.00 1288820   30988   0.77     132      16      0.00      0.00      0.00       0  kube-controller
05:39:18      999         -      5540    0.00    0.00    0.00    0.00    0.00     1      0.00      0.00 1288820   30988   0.77     132      16      0.00      0.00      0.00       0  |__kube-controller
05:39:18      999         -      5541    0.00    0.00    0.00    0.00    0.00     1      0.00      0.00 1288820   30988   0.77     132      16      0.00      0.00      0.00       0  |__kube-controller
05:39:18      999         -      5542    0.00    0.00    0.00    1.49    0.00     0      0.00      0.00 1288820   30988   0.77     132      16      0.00      0.00      0.00       0  |__kube-controller
05:39:18      999         -      5543    0.00    0.00    0.00    0.00    0.00     1      0.00      0.00 1288820   30988   0.77     132      16      0.00      0.00      0.00       0  |__kube-controller
05:39:18      999         -      5544    0.00    0.00    0.00    0.00    0.00     1      0.00      0.00 1288820   30988   0.77     132      16      0.00      0.00      0.00       0  |__kube-controller
05:39:18        0      5606         -    0.00    0.00    0.00    0.00    0.00     1      0.00      0.00 1275800   17428   0.43     132      12      0.00      0.00      0.00       0  cluster-proport
05:39:18        0         -      5606    0.00    0.00    0.00    0.00    0.00     1      0.00      0.00 1275800   17428   0.43     132      12      0.00      0.00      0.00       0  |__cluster-proport
05:39:18        0         -      5622    0.00    0.00    0.00    0.00    0.00     1      0.00      0.00 1275800   17428   0.43     132      12      0.00      0.00      0.00       0  |__cluster-proport
05:39:18        0         -      5623    0.00    0.00    0.00    0.00    0.00     0      0.00      0.00 1275800   17428   0.43     132      12      0.00      0.00      0.00       0  |__cluster-proport
05:39:18        0         -      5624    0.00    0.00    0.00    0.00    0.00     0      0.00      0.00 1275800   17428   0.43     132      12      0.00      0.00      0.00       0  |__cluster-proport
05:39:18        0         -      5625    0.00    0.00    0.00    0.00    0.00     1      0.00      0.00 1275800   17428   0.43     132      12      0.00      0.00      0.00       0  |__cluster-proport
05:39:18        0         -      5626    0.00    0.00    0.00    0.00    0.00     0      0.00      0.00 1275800   17428   0.43     132      12      0.00      0.00      0.00       0  |__cluster-proport
05:39:18        0      5640         -    0.00    0.00    0.00    0.00    0.00     1      0.00      0.00 1305692   23936   0.60     132      16      0.00      0.00      0.00       0  coredns
05:39:18        0         -      5640    0.00    0.00    0.00    0.00    0.00     1      0.00      0.00 1305692   23936   0.60     132      16      0.00      0.00      0.00       0  |__coredns
05:39:18        0         -      5651    0.00    0.00    0.00    0.00    0.00     0      0.00      0.00 1305692   23936   0.60     132      16      0.00      0.00      0.00       0  |__coredns
05:39:18        0         -      5652    0.00    0.00    0.00    0.00    0.00     0      0.00      0.00 1305692   23936   0.60     132      16      0.00      0.00      0.00       0  |__coredns
05:39:18        0         -      5653    0.00    0.00    0.00    0.00    0.00     0      0.00      0.00 1305692   23936   0.60     132      16      0.00      0.00      0.00       0  |__coredns
05:39:18        0         -      5654    0.00    0.00    0.00    0.00    0.00     0      0.00      0.00 1305692   23936   0.60     132      16      0.00      0.00      0.00       0  |__coredns
05:39:18        0         -      5655    0.00    0.00    0.00    0.00    0.00     0      0.00      0.00 1305692   23936   0.60     132      16      0.00      0.00      0.00       0  |__coredns
05:39:18        0         -      6319    0.00    0.00    0.00    0.00    0.00     1      0.00      0.00 1305692   23936   0.60     132      16      0.00      0.00      0.00       0  |__coredns
05:39:18        0      8231         -    0.00    0.50    0.00    0.00    0.50     0     15.42      0.00 1243420   17684   0.44     132      16      0.00      0.00      0.00       0  containerd-shim
05:39:18        0         -      8231    0.00    0.00    0.00    0.00    0.00     0      0.00      0.00 1243420   17684   0.44     132      16      0.00      0.00      0.00       0  |__containerd-shim
05:39:18        0         -      8232    0.00    0.00    0.00    0.00    0.00     0      0.00      0.00 1243420   17684   0.44     132      16      0.00      0.00      0.00       0  |__containerd-shim
05:39:18        0         -      8233    0.00    0.00    0.00    0.00    0.00     1      0.00      0.00 1243420   17684   0.44     132      16      0.00      0.00      0.00       0  |__containerd-shim
05:39:18        0         -      8234    0.00    0.00    0.00    0.00    0.00     1      0.00      0.00 1243420   17684   0.44     132      16      0.00      0.00      0.00       0  |__containerd-shim
05:39:18        0         -      8235    0.00    0.00    0.00    0.00    0.00     1      0.00      0.00 1243420   17684   0.44     132      16      0.00      0.00      0.00       0  |__containerd-shim
05:39:18        0         -      8236    0.00    0.00    0.00    0.00    0.00     1      0.00      0.00 1243420   17684   0.44     132      16      0.00      0.00      0.00       0  |__containerd-shim
05:39:18        0         -      8240    0.00    0.00    0.00    0.00    0.00     1      0.00      0.00 1243420   17684   0.44     132      16      0.00      0.00      0.00       0  |__containerd-shim
05:39:18        0         -      8241    0.00    0.00    0.00    0.00    0.00     0      0.00      0.00 1243420   17684   0.44     132      16      0.00      0.00      0.00       0  |__containerd-shim
05:39:18        0         -      8242    0.50    0.00    0.00    0.00    0.50     1      6.47      0.00 1243420   17684   0.44     132      16      0.00      0.00      0.00       0  |__containerd-shim
05:39:18        0         -      8269    0.00    0.00    0.00    0.00    0.00     1      4.98      0.00 1243420   17684   0.44     132      16      0.00      0.00      0.00       0  |__containerd-shim
05:39:18        0         -      8295    0.00    0.00    0.00    0.00    0.00     1      3.98      0.00 1243420   17684   0.44     132      16      0.00      0.00      0.00       0  |__containerd-shim
05:39:18        0         -      8296    0.50    0.00    0.00    0.00    0.50     0      0.00      0.00 1243420   17684   0.44     132      16      0.00      0.00      0.00       0  |__containerd-shim
05:39:18        0         -      8527    0.00    0.00    0.00    0.00    0.00     0      0.00      0.00 1243420   17684   0.44     132      16      0.00      0.00      0.00       0  |__containerd-shim
05:39:18    65535      8260         -    0.00    0.00    0.00    0.00    0.00     1      0.00      0.00     972     512   0.01     132      12      0.00      0.00      0.00       0  pause
05:39:18    65535         -      8260    0.00    0.00    0.00    0.00    0.00     1      0.00      0.00     972     512   0.01     132      12      0.00      0.00      0.00       0  |__pause
05:39:18        0      8288         -    0.00    0.00    0.00    0.00    0.00     0      0.00      0.00    2684     256   0.01     132      16      0.00      0.00      0.00       0  tini
05:39:18        0         -      8288    0.00    0.00    0.00    0.00    0.00     0      0.00      0.00    2684     256   0.01     132      16      0.00      0.00      0.00       0  |__tini
05:39:18        0      8352         -    2.49    1.00    0.00    0.00    3.48     0    342.79      0.50 1701932  289084   7.21     132      16    117.41   1076.62      0.00       0  agent
05:39:18        0         -      8352    0.00    0.00    0.00    0.00    0.00     0      0.00      0.00 1701932  289084   7.21     132      16      0.00      0.00      0.00       0  |__agent
05:39:18        0         -      8353    0.50    0.00    0.00    2.49    0.50     0      0.00      0.00 1701932  289084   7.21     132      16      0.00      0.00      0.00       0  |__agent
05:39:18        0         -      8354    0.00    0.00    0.00    0.00    0.00     1      0.00      0.00 1701932  289084   7.21     132      16      0.00      0.00      0.00       0  |__agent
05:39:18        0         -      8355    0.00    0.00    0.00    0.00    0.00     1      0.00      0.00 1701932  289084   7.21     132      16      0.00      0.00      0.00       0  |__agent
05:39:18        0         -      8367    0.50    0.50    0.00    1.49    1.00     0    124.38      0.00 1701932  289084   7.21     132      16      0.00    195.02      0.00       0  |__agent
05:39:18        0         -      8368    0.00    0.00    0.00    0.00    0.00     1      0.00      0.00 1701932  289084   7.21     132      16      0.00      0.00      0.00       0  |__agent
05:39:18        0         -      8381    0.00    0.00    0.00    0.00    0.00     1      0.00      0.00 1701932  289084   7.21     132      16      0.00      0.00      0.00       0  |__agent
05:39:18        0         -      8382    0.50    0.50    0.00    1.49    1.00     0    117.41      0.00 1701932  289084   7.21     132      16      0.00    768.16      0.00       0  |__agent
05:39:18        0         -      8530    0.00    0.00    0.00    0.00    0.00     0      0.00      0.00 1701932  289084   7.21     132      16      0.00      0.00      0.00       0  |__agent
05:39:18        0         -      8555    0.50    0.00    0.00    1.49    0.50     0     36.82      0.50 1701932  289084   7.21     132      16    117.41     55.72      0.00       0  |__agent
05:39:18        0         -      8557    0.00    0.00    0.00    0.00    0.00     1      0.00      0.00 1701932  289084   7.21     132      16      0.00      0.00      0.00       0  |__agent
05:39:18        0         -      8558    0.00    0.00    0.00    0.00    0.00     1      0.00      0.00 1701932  289084   7.21     132      16      0.00      0.00      0.00       0  |__agent
05:39:18        0      9277         -    0.00    0.50    0.00    0.00    0.50     0      8.46      0.00 1243420   17984   0.45     132      16      0.00      0.00      0.00       0  containerd-shim
05:39:18        0         -      9277    0.00    0.00    0.00    0.00    0.00     0      0.00      0.00 1243420   17984   0.45     132      16      0.00      0.00      0.00       0  |__containerd-shim
05:39:18        0         -      9280    0.00    0.00    0.00    0.00    0.00     1      0.00      0.00 1243420   17984   0.45     132      16      0.00      0.00      0.00       0  |__containerd-shim
05:39:18        0         -      9281    0.00    0.00    0.00    0.00    0.00     1      0.00      0.00 1243420   17984   0.45     132      16      0.00      0.00      0.00       0  |__containerd-shim
05:39:18        0         -      9283    0.00    0.00    0.00    0.00    0.00     1      0.00      0.00 1243420   17984   0.45     132      16      0.00      0.00      0.00       0  |__containerd-shim
05:39:18        0         -      9284    0.00    0.00    0.00    0.00    0.00     1      0.00      0.00 1243420   17984   0.45     132      16      0.00      0.00      0.00       0  |__containerd-shim
05:39:18        0         -      9285    0.00    0.00    0.00    0.00    0.00     1      0.00      0.00 1243420   17984   0.45     132      16      0.00      0.00      0.00       0  |__containerd-shim
05:39:18        0         -      9287    0.00    0.00    0.00    0.00    0.00     1      0.00      0.00 1243420   17984   0.45     132      16      0.00      0.00      0.00       0  |__containerd-shim
05:39:18        0         -      9288    0.00    0.00    0.00    0.00    0.00     1      0.00      0.00 1243420   17984   0.45     132      16      0.00      0.00      0.00       0  |__containerd-shim
05:39:18        0         -      9289    0.00    0.00    0.00    0.00    0.00     0      0.00      0.00 1243420   17984   0.45     132      16      0.00      0.00      0.00       0  |__containerd-shim
05:39:18        0         -      9290    0.00    0.00    0.00    0.00    0.00     1      0.00      0.00 1243420   17984   0.45     132      16      0.00      0.00      0.00       0  |__containerd-shim
05:39:18        0         -      9318    0.00    0.00    0.00    0.00    0.00     1      0.00      0.00 1243420   17984   0.45     132      16      0.00      0.00      0.00       0  |__containerd-shim
05:39:18        0         -      9349    0.00    0.00    0.00    0.00    0.00     0      4.48      0.00 1243420   17984   0.45     132      16      0.00      0.00      0.00       0  |__containerd-shim
05:39:18        0         -     14954    0.00    0.00    0.00    0.00    0.00     1      3.98      0.00 1243420   17984   0.45     132      16      0.00      0.00      0.00       0  |__containerd-shim
05:39:18    65535      9311         -    0.00    0.00    0.00    0.00    0.00     0      0.00      0.00     972     512   0.01     132      12      0.00      0.00      0.00       0  pause
05:39:18    65535         -      9311    0.00    0.00    0.00    0.00    0.00     0      0.00      0.00     972     512   0.01     132      12      0.00      0.00      0.00       0  |__pause
05:39:18        0      9336         -    0.00    0.00    0.00    0.00    0.00     1      0.00      0.00    2684     128   0.00     132       8      0.00      0.00      0.00       0  tini
05:39:18        0         -      9336    0.00    0.00    0.00    0.00    0.00     1      0.00      0.00    2684     128   0.00     132       8      0.00      0.00      0.00       0  |__tini
05:39:18        0      9401         -    0.50    0.50    0.00    0.00    1.00     0      0.00      0.00 1634640  224960   5.61     132      16      0.00      0.00      0.00       0  agent
05:39:18        0         -      9401    0.00    0.00    0.00    0.00    0.00     0      0.00      0.00 1634640  224960   5.61     132      16      0.00      0.00      0.00       0  |__agent
05:39:18        0         -      9402    0.00    0.50    0.00    1.49    0.50     0      0.00      0.00 1634640  224960   5.61     132      16      0.00      0.00      0.00       0  |__agent
05:39:18        0         -      9403    0.00    0.00    0.00    0.00    0.00     0      0.00      0.00 1634640  224960   5.61     132      16      0.00      0.00      0.00       0  |__agent
05:39:18        0         -      9404    0.00    0.00    0.00    0.00    0.00     1      0.00      0.00 1634640  224960   5.61     132      16      0.00      0.00      0.00       0  |__agent
05:39:18        0         -      9405    0.00    0.00    0.00    0.00    0.00     1      0.00      0.00 1634640  224960   5.61     132      16      0.00      0.00      0.00       0  |__agent
05:39:18        0         -      9414    0.00    0.00    0.00    0.00    0.00     0      0.00      0.00 1634640  224960   5.61     132      16      0.00      0.00      0.00       0  |__agent
05:39:18        0         -      9415    0.00    0.00    0.00    0.50    0.00     0      0.00      0.00 1634640  224960   5.61     132      16      0.00      0.00      0.00       0  |__agent
05:39:18        0         -      9416    0.00    0.00    0.00    0.00    0.00     0      0.00      0.00 1634640  224960   5.61     132      16      0.00      0.00      0.00       0  |__agent
05:39:18        0         -      9553    0.50    0.00    0.00    0.50    0.50     0      0.00      0.00 1634640  224960   5.61     132      16      0.00      0.00      0.00       0  |__agent
05:39:18        0         -      9554    0.00    0.00    0.00    1.00    0.00     0      0.00      0.00 1634640  224960   5.61     132      16      0.00      0.00      0.00       0  |__agent
05:39:18        0      9690         -    0.00    0.00    0.00    0.00    0.00     0     11.94      0.00 1243164   17708   0.44     132      16      0.00      0.00      0.00       0  containerd-shim
05:39:18        0         -      9690    0.00    0.00    0.00    0.00    0.00     0      0.00      0.00 1243164   17708   0.44     132      16      0.00      0.00      0.00       0  |__containerd-shim
05:39:18        0         -      9691    0.50    0.00    0.00    0.00    0.50     1      0.00      0.00 1243164   17708   0.44     132      16      0.00      0.00      0.00       0  |__containerd-shim
05:39:18        0         -      9692    0.00    0.00    0.00    0.00    0.00     1      0.00      0.00 1243164   17708   0.44     132      16      0.00      0.00      0.00       0  |__containerd-shim
05:39:18        0         -      9693    0.00    0.00    0.00    0.00    0.00     1      0.00      0.00 1243164   17708   0.44     132      16      0.00      0.00      0.00       0  |__containerd-shim
05:39:18        0         -      9694    0.00    0.00    0.00    0.00    0.00     1      0.00      0.00 1243164   17708   0.44     132      16      0.00      0.00      0.00       0  |__containerd-shim
05:39:18        0         -      9695    0.00    0.00    0.00    0.00    0.00     1      0.00      0.00 1243164   17708   0.44     132      16      0.00      0.00      0.00       0  |__containerd-shim
05:39:18        0         -      9696    0.00    0.00    0.00    0.00    0.00     1      0.00      0.00 1243164   17708   0.44     132      16      0.00      0.00      0.00       0  |__containerd-shim
05:39:18        0         -      9697    0.00    0.00    0.00    0.00    0.00     1      0.00      0.00 1243164   17708   0.44     132      16      0.00      0.00      0.00       0  |__containerd-shim
05:39:18        0         -      9698    0.00    0.00    0.00    0.00    0.00     0      0.00      0.00 1243164   17708   0.44     132      16      0.00      0.00      0.00       0  |__containerd-shim
05:39:18        0         -      9724    0.00    0.00    0.00    0.00    0.00     1      0.00      0.00 1243164   17708   0.44     132      16      0.00      0.00      0.00       0  |__containerd-shim
05:39:18        0         -      9725    0.00    0.00    0.00    0.00    0.00     1      5.97      0.00 1243164   17708   0.44     132      16      0.00      0.00      0.00       0  |__containerd-shim
05:39:18        0         -      9894    0.00    0.00    0.00    0.00    0.00     0      0.00      0.00 1243164   17708   0.44     132      16      0.00      0.00      0.00       0  |__containerd-shim
05:39:18        0         -      9895    0.00    0.00    0.00    0.00    0.00     0      5.97      0.00 1243164   17708   0.44     132      16      0.00      0.00      0.00       0  |__containerd-shim
05:39:18    65535      9713         -    0.00    0.00    0.00    0.00    0.00     1      0.00      0.00     972     512   0.01     132      16      0.00      0.00      0.00       0  pause
05:39:18    65535         -      9713    0.00    0.00    0.00    0.00    0.00     1      0.00      0.00     972     512   0.01     132      16      0.00      0.00      0.00       0  |__pause
05:39:18     1000      9799         -    0.00    0.00    0.00    0.00    0.00     1      0.00      0.00 1285008   60876   1.52     132       4      0.00      0.00      0.00       0  webhook
05:39:18     1000         -      9799    0.00    0.00    0.00    0.00    0.00     1      0.00      0.00 1285008   60876   1.52     132       4      0.00      0.00      0.00       0  |__webhook
05:39:18     1000         -      9811    0.00    0.00    0.00    0.00    0.00     1      0.00      0.00 1285008   60876   1.52     132       4      0.00      0.00      0.00       0  |__webhook
05:39:18     1000         -      9812    0.00    0.00    0.00    0.00    0.00     1      0.00      0.00 1285008   60876   1.52     132       4      0.00      0.00      0.00       0  |__webhook
05:39:18     1000         -      9813    0.00    0.00    0.00    0.00    0.00     1      0.00      0.00 1285008   60876   1.52     132       4      0.00      0.00      0.00       0  |__webhook
05:39:18     1000         -      9814    0.00    0.00    0.00    0.00    0.00     0      0.00      0.00 1285008   60876   1.52     132       4      0.00      0.00      0.00       0  |__webhook
05:39:18     1000         -      9815    0.00    0.00    0.00    0.00    0.00     0      0.00      0.00 1285008   60876   1.52     132       4      0.00      0.00      0.00       0  |__webhook
05:39:18     1000         -      9816    0.00    0.00    0.00    0.00    0.00     1      0.00      0.00 1285008   60876   1.52     132       4      0.00      0.00      0.00       0  |__webhook
05:39:18     1000         -      9817    0.00    0.00    0.00    0.00    0.00     1      0.00      0.00 1285008   60876   1.52     132       4      0.00      0.00      0.00       0  |__webhook
05:39:18        0     10450         -    0.00    0.00    0.00    0.00    0.00     1      8.46      0.00 1243420   17920   0.45     132      16      0.00      0.00      0.00       0  containerd-shim
05:39:18        0         -     10450    0.00    0.00    0.00    0.00    0.00     1      0.00      0.00 1243420   17920   0.45     132      16      0.00      0.00      0.00       0  |__containerd-shim
05:39:18        0         -     10452    0.00    0.00    0.00    0.00    0.00     1      0.00      0.00 1243420   17920   0.45     132      16      0.00      0.00      0.00       0  |__containerd-shim
05:39:18        0         -     10453    0.00    0.00    0.00    0.00    0.00     1      0.00      0.00 1243420   17920   0.45     132      16      0.00      0.00      0.00       0  |__containerd-shim
05:39:18        0         -     10454    0.00    0.00    0.00    0.00    0.00     1      0.00      0.00 1243420   17920   0.45     132      16      0.00      0.00      0.00       0  |__containerd-shim
05:39:18        0         -     10455    0.00    0.00    0.00    0.00    0.00     0      0.00      0.00 1243420   17920   0.45     132      16      0.00      0.00      0.00       0  |__containerd-shim
05:39:18        0         -     10456    0.00    0.00    0.00    0.00    0.00     1      0.00      0.00 1243420   17920   0.45     132      16      0.00      0.00      0.00       0  |__containerd-shim
05:39:18        0         -     10457    0.00    0.00    0.00    0.00    0.00     0      0.00      0.00 1243420   17920   0.45     132      16      0.00      0.00      0.00       0  |__containerd-shim
05:39:18        0         -     10458    0.00    0.00    0.00    0.00    0.00     0      0.00      0.00 1243420   17920   0.45     132      16      0.00      0.00      0.00       0  |__containerd-shim
05:39:18        0         -     10459    0.00    0.00    0.00    0.00    0.00     0      0.00      0.00 1243420   17920   0.45     132      16      0.00      0.00      0.00       0  |__containerd-shim
05:39:18        0         -     10460    0.00    0.00    0.00    0.00    0.00     0      0.00      0.00 1243420   17920   0.45     132      16      0.00      0.00      0.00       0  |__containerd-shim
05:39:18        0         -     10623    0.00    0.00    0.00    0.00    0.00     0      8.46      0.00 1243420   17920   0.45     132      16      0.00      0.00      0.00       0  |__containerd-shim
05:39:18        0         -     11272    0.00    0.00    0.00    0.00    0.00     1      0.00      0.00 1243420   17920   0.45     132      16      0.00      0.00      0.00       0  |__containerd-shim
05:39:18        0         -     13434    0.00    0.00    0.00    0.00    0.00     0      0.00      0.00 1243420   17920   0.45     132      16      0.00      0.00      0.00       0  |__containerd-shim
05:39:18    65535     10476         -    0.00    0.00    0.00    0.00    0.00     0      0.00      0.00     972     512   0.01     132       8      0.00      0.00      0.00       0  pause
05:39:18    65535         -     10476    0.00    0.00    0.00    0.00    0.00     0      0.00      0.00     972     512   0.01     132       8      0.00      0.00      0.00       0  |__pause
05:39:18    65534     10609         -    0.00    0.00    0.00    0.00    0.00     0      0.00      0.00 1276068   48352   1.21     132      16      0.00      0.00      0.00       0  system-upgrade-
05:39:18    65534         -     10609    0.00    0.00    0.00    0.00    0.00     0      0.00      0.00 1276068   48352   1.21     132      16      0.00      0.00      0.00       0  |__system-upgrade-
05:39:18    65534         -     10624    0.00    0.00    0.00    0.50    0.00     0      0.00      0.00 1276068   48352   1.21     132      16      0.00      0.00      0.00       0  |__system-upgrade-
05:39:18    65534         -     10625    0.00    0.00    0.00    0.00    0.00     0      0.00      0.00 1276068   48352   1.21     132      16      0.00      0.00      0.00       0  |__system-upgrade-
05:39:18    65534         -     10626    0.00    0.00    0.00    0.00    0.00     0      0.00      0.00 1276068   48352   1.21     132      16      0.00      0.00      0.00       0  |__system-upgrade-
05:39:18    65534         -     10627    0.00    0.00    0.00    0.00    0.00     1      0.00      0.00 1276068   48352   1.21     132      16      0.00      0.00      0.00       0  |__system-upgrade-
05:39:18    65534         -     10628    0.00    0.00    0.00    0.00    0.00     1      0.00      0.00 1276068   48352   1.21     132      16      0.00      0.00      0.00       0  |__system-upgrade-
05:39:18    65534         -     10629    0.00    0.00    0.00    0.00    0.00     1      0.00      0.00 1276068   48352   1.21     132      16      0.00      0.00      0.00       0  |__system-upgrade-
05:39:18    65534         -     10630    0.00    0.00    0.00    0.00    0.00     0      0.00      0.00 1276068   48352   1.21     132      16      0.00      0.00      0.00       0  |__system-upgrade-
05:39:18    65534         -     10631    0.00    0.00    0.00    0.00    0.00     1      0.00      0.00 1276068   48352   1.21     132      16      0.00      0.00      0.00       0  |__system-upgrade-
05:39:18        0     11033         -    0.00    0.00    0.00    0.00    0.00     0      0.00      0.00 1284552   38408   0.96     132      16      0.00      0.00      0.00       0  rancher-system-
05:39:18        0         -     11033    0.00    0.00    0.00    0.00    0.00     0      0.00      0.00 1284552   38408   0.96     132      16      0.00      0.00      0.00       0  |__rancher-system-
05:39:18        0         -     11036    0.00    0.00    0.00    0.00    0.00     0      0.00      0.00 1284552   38408   0.96     132      16      0.00      0.00      0.00       0  |__rancher-system-
05:39:18        0         -     11037    0.00    0.00    0.00    0.00    0.00     1      0.00      0.00 1284552   38408   0.96     132      16      0.00      0.00      0.00       0  |__rancher-system-
05:39:18        0         -     11038    0.00    0.00    0.00    0.00    0.00     0      0.00      0.00 1284552   38408   0.96     132      16      0.00      0.00      0.00       0  |__rancher-system-
05:39:18        0         -     11045    0.00    0.00    0.00    0.00    0.00     0      0.00      0.00 1284552   38408   0.96     132      16      0.00      0.00      0.00       0  |__rancher-system-
05:39:18        0         -     11058    0.00    0.00    0.00    0.00    0.00     1      0.00      0.00 1284552   38408   0.96     132      16      0.00      0.00      0.00       0  |__rancher-system-
05:39:18        0         -     11059    0.00    0.00    0.00    0.00    0.00     0      0.00      0.00 1284552   38408   0.96     132      16      0.00      0.00      0.00       0  |__rancher-system-
05:39:18        0         -     11062    0.00    0.00    0.00    0.00    0.00     1      0.00      0.00 1284552   38408   0.96     132      16      0.00      0.00      0.00       0  |__rancher-system-
05:39:18        0         -     14858    0.00    0.00    0.00    0.00    0.00     0      0.00      0.00 1284552   38408   0.96     132      16      0.00      0.00      0.00       0  |__rancher-system-
05:39:18        0     11440         -    0.00    0.00    0.00    0.00    0.00     1      0.00      0.00       0       0   0.00       0       0      0.00      0.00      0.00       0  psimon
05:39:18        0         -     11440    0.00    0.00    0.00    0.00    0.00     1      0.00      0.00       0       0   0.00       0       0      0.00      0.00      0.00       0  |__psimon
05:39:18        0     14766         -    0.00    0.00    0.00    0.00    0.00     1      0.00      0.00       0       0   0.00       0       0      0.00      0.00      0.00       0  kworker/u6:0-events_power_efficient
05:39:18        0         -     14766    0.00    0.00    0.00    0.00    0.00     1      0.00      0.00       0       0   0.00       0       0      0.00      0.00      0.00       0  |__kworker/u6:0-events_power_efficient
05:39:18        0     17634         -    0.00    0.00    0.00    0.00    0.00     1      0.00      0.00       0       0   0.00       0       0      0.00      0.00      0.00       0  kworker/1:1-events
05:39:18        0         -     17634    0.00    0.00    0.00    0.00    0.00     1      0.00      0.00       0       0   0.00       0       0      0.00      0.00      0.00       0  |__kworker/1:1-events
05:39:18        0     17998         -    0.00    0.00    0.00    0.00    0.00     1      0.00      0.00   12020    8064   0.20     132      44      0.00      0.00      0.00       0  sshd
05:39:18        0         -     17998    0.00    0.00    0.00    0.00    0.00     1      0.00      0.00   12020    8064   0.20     132      44      0.00      0.00      0.00       0  |__sshd
05:39:18        0     17999         -    0.00    0.00    0.00    0.00    0.00     0      0.00      0.00   14972   10368   0.26     272     272      0.00      0.00      0.00       0  sshd
05:39:18        0         -     17999    0.00    0.00    0.00    0.00    0.00     0      0.00      0.00   14972   10368   0.26     272     272      0.00      0.00      0.00       0  |__sshd
05:39:18        0     18003         -    0.00    0.00    0.00    0.00    0.00     0      0.00      0.00       0       0   0.00       0       0      0.00      0.00      0.00       0  kworker/u6:1-writeback
05:39:18        0         -     18003    0.00    0.00    0.00    0.00    0.00     0      0.00      0.00       0       0   0.00       0       0      0.00      0.00      0.00       0  |__kworker/u6:1-writeback
05:39:18        0     18004         -    0.00    0.00    0.00    0.00    0.00     0      0.00      0.00   20812   11392   0.28     132      24      0.00      0.00      0.00       0  systemd
05:39:18        0         -     18004    0.00    0.00    0.00    0.00    0.00     0      0.00      0.00   20812   11392   0.28     132      24      0.00      0.00      0.00       0  |__systemd
05:39:18        0     18006         -    0.00    0.00    0.00    0.00    0.00     0      0.00      0.00   21156    3376   0.08     276      12      0.00      0.00      0.00       0  (sd-pam)
05:39:18        0         -     18006    0.00    0.00    0.00    0.00    0.00     0      0.00      0.00   21156    3376   0.08     276      12      0.00      0.00      0.00       0  |__(sd-pam)
05:39:18        0     18011         -    0.00    0.00    0.00    0.00    0.00     1      0.00      0.00       0       0   0.00       0       0      0.00      0.00      0.00       0  psimon
05:39:18        0         -     18011    0.00    0.00    0.00    0.00    0.00     1      0.00      0.00       0       0   0.00       0       0      0.00      0.00      0.00       0  |__psimon
05:39:18        0     18187         -    0.00    0.00    0.00    0.00    0.00     0      0.00      0.00    9192    5376   0.13     132     112      0.00      0.00      0.00       0  bash
05:39:18        0         -     18187    0.00    0.00    0.00    0.00    0.00     0      0.00      0.00    9192    5376   0.13     132     112      0.00      0.00      0.00       0  |__bash
05:39:18        0     19879         -    0.00    0.50    0.00    0.00    0.50     0      0.00      0.00       0       0   0.00       0       0      0.00      0.00      0.00       0  kworker/0:1-events
05:39:18        0         -     19879    0.00    0.50    0.00    0.00    0.50     0      0.00      0.00       0       0   0.00       0       0      0.00      0.00      0.00       0  |__kworker/0:1-events
05:39:18        0     24389         -    0.00    0.00    0.00    0.00    0.00     1      0.00      0.00       0       0   0.00       0       0      0.00      0.00      0.00       0  kworker/u6:3-writeback
05:39:18        0         -     24389    0.00    0.00    0.00    0.00    0.00     1      0.00      0.00       0       0   0.00       0       0      0.00      0.00      0.00       0  |__kworker/u6:3-writeback
05:39:18        0     25859         -    0.00    0.00    0.00    0.00    0.00     1      0.00      0.00       0       0   0.00       0       0      0.00      0.00      0.00       0  kworker/1:0-events
05:39:18        0         -     25859    0.00    0.00    0.00    0.00    0.00     1      0.00      0.00       0       0   0.00       0       0      0.00      0.00      0.00       0  |__kworker/1:0-events
05:39:18        0     25863         -    0.00    0.00    0.00    0.00    0.00     0      0.00      0.00       0       0   0.00       0       0      0.00      0.00      0.00       0  kworker/0:0-events
05:39:18        0         -     25863    0.00    0.00    0.00    0.00    0.00     0      0.00      0.00       0       0   0.00       0       0      0.00      0.00      0.00       0  |__kworker/0:0-events
05:39:18        0     26191         -    0.00    0.00    0.00    0.00    0.00     0      0.00      0.00       0       0   0.00       0       0      0.00      0.00      0.00       0  kworker/u5:3-events_power_efficient
05:39:18        0         -     26191    0.00    0.00    0.00    0.00    0.00     0      0.00      0.00       0       0   0.00       0       0      0.00      0.00      0.00       0  |__kworker/u5:3-events_power_efficient
05:39:18        0     27143         -    0.00    0.00    0.00    0.00    0.00     0      0.00      0.00       0       0   0.00       0       0      0.00      0.00      0.00       0  kworker/u5:4-flush-253:0
05:39:18        0         -     27143    0.00    0.00    0.00    0.00    0.00     0      0.00      0.00       0       0   0.00       0       0      0.00      0.00      0.00       0  |__kworker/u5:4-flush-253:0
05:39:18        0     27359         -    0.00    0.00    0.00    0.00    0.00     1      0.00      0.00    8944    4736   0.12     132      24      0.00      0.00      0.00       0  bash
05:39:18        0         -     27359    0.00    0.00    0.00    0.00    0.00     1      0.00      0.00    8944    4736   0.12     132      24      0.00      0.00      0.00       0  |__bash
05:39:18        0     27587         -    4.48   23.38    0.00    1.00   27.86     1      0.00      0.00   10168    9216   0.23     132      20      0.00     77.61      0.00       0  pidstat
05:39:18        0         -     27587    4.48   23.38    0.00    1.00   27.86     1      0.00      0.00   10168    9216   0.23     132      20      0.00     77.61      0.00       0  |__pidstat

# Time        UID      TGID       TID    %usr %system  %guest   %wait    %CPU   CPU  minflt/s  majflt/s     VSZ     RSS   %MEM StkSize  StkRef   kB_rd/s   kB_wr/s kB_ccwr/s iodelay  Command
05:39:20        0         1         -    0.00    0.00    0.00    0.00    0.00     1      0.00      0.00   23608   12776   0.32     132      52      0.00      0.00      0.00       0  systemd
05:39:20        0         -         1    0.00    0.00    0.00    0.00    0.00     1      0.00      0.00   23608   12776   0.32     132      52      0.00      0.00      0.00       0  |__systemd
05:39:20        0         2         -    0.00    0.00    0.00    0.00    0.00     0      0.00      0.00       0       0   0.00       0       0      0.00      0.00      0.00       0  kthreadd
05:39:20        0         -         2    0.00    0.00    0.00    0.00    0.00     0      0.00      0.00       0       0   0.00       0       0      0.00      0.00      0.00       0  |__kthreadd
05:39:20        0         3         -    0.00    0.00    0.00    0.00    0.00     0      0.00      0.00       0       0   0.00       0       0      0.00      0.00      0.00       0  pool_workqueue_release
05:39:20        0         -         3    0.00    0.00    0.00    0.00    0.00     0      0.00      0.00       0       0   0.00       0       0      0.00      0.00      0.00       0  |__pool_workqueue_release
05:39:20        0         4         -    0.00    0.00    0.00    0.00    0.00     0      0.00      0.00       0       0   0.00       0       0      0.00      0.00      0.00       0  kworker/R-rcu_g
05:39:20        0         -         4    0.00    0.00    0.00    0.00    0.00     0      0.00      0.00       0       0   0.00       0       0      0.00      0.00      0.00       0  |__kworker/R-rcu_g
05:39:20        0         5         -    0.00    0.00    0.00    0.00    0.00     0      0.00      0.00       0       0   0.00       0       0      0.00      0.00      0.00       0  kworker/R-rcu_p
05:39:20        0         -         5    0.00    0.00    0.00    0.00    0.00     0      0.00      0.00       0       0   0.00       0       0      0.00      0.00      0.00       0  |__kworker/R-rcu_p
05:39:20        0         6         -    0.00    0.00    0.00    0.00    0.00     0      0.00      0.00       0       0   0.00       0       0      0.00      0.00      0.00       0  kworker/R-slub_
05:39:20        0         -         6    0.00    0.00    0.00    0.00    0.00     0      0.00      0.00       0       0   0.00       0       0      0.00      0.00      0.00       0  |__kworker/R-slub_
05:39:20        0         7         -    0.00    0.00    0.00    0.00    0.00     0      0.00      0.00       0       0   0.00       0       0      0.00      0.00      0.00       0  kworker/R-netns
05:39:20        0         -         7    0.00    0.00    0.00    0.00    0.00     0      0.00      0.00       0       0   0.00       0       0      0.00      0.00      0.00       0  |__kworker/R-netns
05:39:20        0         9         -    0.00    0.00    0.00    0.00    0.00     0      0.00      0.00       0       0   0.00       0       0      0.00      0.00      0.00       0  kworker/0:0H-events_highpri
05:39:20        0         -         9    0.00    0.00    0.00    0.00    0.00     0      0.00      0.00       0       0   0.00       0       0      0.00      0.00      0.00       0  |__kworker/0:0H-events_highpri
05:39:20        0        11         -    0.00    0.00    0.00    0.00    0.00     0      0.00      0.00       0       0   0.00       0       0      0.00      0.00      0.00       0  kworker/u4:0-ext4-rsv-conversion
05:39:20        0         -        11    0.00    0.00    0.00    0.00    0.00     0      0.00      0.00       0       0   0.00       0       0      0.00      0.00      0.00       0  |__kworker/u4:0-ext4-rsv-conversion
05:39:20        0        12         -    0.00    0.00    0.00    0.00    0.00     0      0.00      0.00       0       0   0.00       0       0      0.00      0.00      0.00       0  kworker/R-mm_pe
05:39:20        0         -        12    0.00    0.00    0.00    0.00    0.00     0      0.00      0.00       0       0   0.00       0       0      0.00      0.00      0.00       0  |__kworker/R-mm_pe
05:39:20        0        13         -    0.00    0.00    0.00    0.00    0.00     0      0.00      0.00       0       0   0.00       0       0      0.00      0.00      0.00       0  rcu_tasks_kthread
05:39:20        0         -        13    0.00    0.00    0.00    0.00    0.00     0      0.00      0.00       0       0   0.00       0       0      0.00      0.00      0.00       0  |__rcu_tasks_kthread
05:39:20        0        14         -    0.00    0.00    0.00    0.00    0.00     0      0.00      0.00       0       0   0.00       0       0      0.00      0.00      0.00       0  rcu_tasks_rude_kthread
05:39:20        0         -        14    0.00    0.00    0.00    0.00    0.00     0      0.00      0.00       0       0   0.00       0       0      0.00      0.00      0.00       0  |__rcu_tasks_rude_kthread
05:39:20        0        15         -    0.00    0.00    0.00    0.00    0.00     1      0.00      0.00       0       0   0.00       0       0      0.00      0.00      0.00       0  rcu_tasks_trace_kthread
05:39:20        0         -        15    0.00    0.00    0.00    0.00    0.00     1      0.00      0.00       0       0   0.00       0       0      0.00      0.00      0.00       0  |__rcu_tasks_trace_kthread
05:39:20        0        16         -    0.00    0.00    0.00    0.00    0.00     0      0.00      0.00       0       0   0.00       0       0      0.00      0.00      0.00       0  ksoftirqd/0
05:39:20        0         -        16    0.00    0.00    0.00    0.00    0.00     0      0.00      0.00       0       0   0.00       0       0      0.00      0.00      0.00       0  |__ksoftirqd/0
05:39:20        0        17         -    0.00    0.00    0.00    0.00    0.00     0      0.00      0.00       0       0   0.00       0       0      0.00      0.00      0.00       0  rcu_preempt
05:39:20        0         -        17    0.00    0.50    0.00    0.00    0.50     0      0.00      0.00       0       0   0.00       0       0      0.00      0.00      0.00       0  |__rcu_preempt
05:39:20        0        18         -    0.00    0.00    0.00    0.00    0.00     0      0.00      0.00       0       0   0.00       0       0      0.00      0.00      0.00       0  migration/0
05:39:20        0         -        18    0.00    0.00    0.00    0.00    0.00     0      0.00      0.00       0       0   0.00       0       0      0.00      0.00      0.00       0  |__migration/0
05:39:20        0        19         -    0.00    0.00    0.00    0.00    0.00     0      0.00      0.00       0       0   0.00       0       0      0.00      0.00      0.00       0  idle_inject/0
05:39:20        0         -        19    0.00    0.00    0.00    0.00    0.00     0      0.00      0.00       0       0   0.00       0       0      0.00      0.00      0.00       0  |__idle_inject/0
05:39:20        0        20         -    0.00    0.00    0.00    0.00    0.00     0      0.00      0.00       0       0   0.00       0       0      0.00      0.00      0.00       0  cpuhp/0
05:39:20        0         -        20    0.00    0.00    0.00    0.00    0.00     0      0.00      0.00       0       0   0.00       0       0      0.00      0.00      0.00       0  |__cpuhp/0
05:39:20        0        21         -    0.00    0.00    0.00    0.00    0.00     1      0.00      0.00       0       0   0.00       0       0      0.00      0.00      0.00       0  cpuhp/1
05:39:20        0         -        21    0.00    0.00    0.00    0.00    0.00     1      0.00      0.00       0       0   0.00       0       0      0.00      0.00      0.00       0  |__cpuhp/1
05:39:20        0        22         -    0.00    0.00    0.00    0.00    0.00     1      0.00      0.00       0       0   0.00       0       0      0.00      0.00      0.00       0  idle_inject/1
05:39:20        0         -        22    0.00    0.00    0.00    0.00    0.00     1      0.00      0.00       0       0   0.00       0       0      0.00      0.00      0.00       0  |__idle_inject/1
05:39:20        0        23         -    0.00    0.00    0.00    0.00    0.00     1      0.00      0.00       0       0   0.00       0       0      0.00      0.00      0.00       0  migration/1
05:39:20        0         -        23    0.00    0.00    0.00    0.00    0.00     1      0.00      0.00       0       0   0.00       0       0      0.00      0.00      0.00       0  |__migration/1
05:39:20        0        24         -    0.00    0.00    0.00    0.00    0.00     1      0.00      0.00       0       0   0.00       0       0      0.00      0.00      0.00       0  ksoftirqd/1
05:39:20        0         -        24    0.00    0.00    0.00    0.00    0.00     1      0.00      0.00       0       0   0.00       0       0      0.00      0.00      0.00       0  |__ksoftirqd/1
05:39:20        0        26         -    0.00    0.00    0.00    0.00    0.00     1      0.00      0.00       0       0   0.00       0       0      0.00      0.00      0.00       0  kworker/1:0H-kblockd
05:39:20        0         -        26    0.00    0.00    0.00    0.00    0.00     1      0.00      0.00       0       0   0.00       0       0      0.00      0.00      0.00       0  |__kworker/1:0H-kblockd
05:39:20        0        27         -    0.00    0.00    0.00    0.00    0.00     1      0.00      0.00       0       0   0.00       0       0      0.00      0.00      0.00       0  kworker/u5:0-events_power_efficient
05:39:20        0         -        27    0.00    0.00    0.00    0.00    0.00     1      0.00      0.00       0       0   0.00       0       0      0.00      0.00      0.00       0  |__kworker/u5:0-events_power_efficient
05:39:20        0        29         -    0.00    0.00    0.00    0.00    0.00     0      0.00      0.00       0       0   0.00       0       0      0.00      0.00      0.00       0  kdevtmpfs
05:39:20        0         -        29    0.00    0.00    0.00    0.00    0.00     0      0.00      0.00       0       0   0.00       0       0      0.00      0.00      0.00       0  |__kdevtmpfs
05:39:20        0        30         -    0.00    0.00    0.00    0.00    0.00     1      0.00      0.00       0       0   0.00       0       0      0.00      0.00      0.00       0  kworker/R-inet_
05:39:20        0         -        30    0.00    0.00    0.00    0.00    0.00     1      0.00      0.00       0       0   0.00       0       0      0.00      0.00      0.00       0  |__kworker/R-inet_
05:39:20        0        31         -    0.00    0.00    0.00    0.00    0.00     0      0.00      0.00       0       0   0.00       0       0      0.00      0.00      0.00       0  kworker/u5:1-events_power_efficient
05:39:20        0         -        31    0.00    0.00    0.00    0.00    0.00     0      0.00      0.00       0       0   0.00       0       0      0.00      0.00      0.00       0  |__kworker/u5:1-events_power_efficient
05:39:20        0        32         -    0.00    0.00    0.00    0.00    0.00     1      0.00      0.00       0       0   0.00       0       0      0.00      0.00      0.00       0  kauditd
05:39:20        0         -        32    0.00    0.00    0.00    0.00    0.00     1      0.00      0.00       0       0   0.00       0       0      0.00      0.00      0.00       0  |__kauditd
05:39:20        0        33         -    0.00    0.00    0.00    0.00    0.00     1      0.00      0.00       0       0   0.00       0       0      0.00      0.00      0.00       0  khungtaskd
05:39:20        0         -        33    0.00    0.00    0.00    0.00    0.00     1      0.00      0.00       0       0   0.00       0       0      0.00      0.00      0.00       0  |__khungtaskd
05:39:20        0        34         -    0.00    0.00    0.00    0.00    0.00     0      0.00      0.00       0       0   0.00       0       0      0.00      0.00      0.00       0  oom_reaper
05:39:20        0         -        34    0.00    0.00    0.00    0.00    0.00     0      0.00      0.00       0       0   0.00       0       0      0.00      0.00      0.00       0  |__oom_reaper
05:39:20        0        35         -    0.00    0.00    0.00    0.00    0.00     0      0.00      0.00       0       0   0.00       0       0      0.00      0.00      0.00       0  kworker/u5:2-events_power_efficient
05:39:20        0         -        35    0.00    0.00    0.00    0.00    0.00     0      0.00      0.00       0       0   0.00       0       0      0.00      0.00      0.00       0  |__kworker/u5:2-events_power_efficient
05:39:20        0        36         -    0.00    0.00    0.00    0.00    0.00     0      0.00      0.00       0       0   0.00       0       0      0.00      0.00      0.00       0  kworker/R-write
05:39:20        0         -        36    0.00    0.00    0.00    0.00    0.00     0      0.00      0.00       0       0   0.00       0       0      0.00      0.00      0.00       0  |__kworker/R-write
05:39:20        0        37         -    0.00    0.00    0.00    0.00    0.00     0      0.00      0.00       0       0   0.00       0       0      0.00      0.00      0.00       0  kcompactd0
05:39:20        0         -        37    0.00    0.00    0.00    0.00    0.00     0      0.00      0.00       0       0   0.00       0       0      0.00      0.00      0.00       0  |__kcompactd0
05:39:20        0        38         -    0.00    0.00    0.00    0.00    0.00     0      0.00      0.00       0       0   0.00       0       0      0.00      0.00      0.00       0  ksmd
05:39:20        0         -        38    0.00    0.00    0.00    0.00    0.00     0      0.00      0.00       0       0   0.00       0       0      0.00      0.00      0.00       0  |__ksmd
05:39:20        0        39         -    0.00    0.00    0.00    0.00    0.00     0      0.00      0.00       0       0   0.00       0       0      0.00      0.00      0.00       0  khugepaged
05:39:20        0         -        39    0.00    0.00    0.00    0.00    0.00     0      0.00      0.00       0       0   0.00       0       0      0.00      0.00      0.00       0  |__khugepaged
05:39:20        0        40         -    0.00    0.00    0.00    0.00    0.00     0      0.00      0.00       0       0   0.00       0       0      0.00      0.00      0.00       0  kworker/R-kinte
05:39:20        0         -        40    0.00    0.00    0.00    0.00    0.00     0      0.00      0.00       0       0   0.00       0       0      0.00      0.00      0.00       0  |__kworker/R-kinte
05:39:20        0        41         -    0.00    0.00    0.00    0.00    0.00     0      0.00      0.00       0       0   0.00       0       0      0.00      0.00      0.00       0  kworker/R-kbloc
05:39:20        0         -        41    0.00    0.00    0.00    0.00    0.00     0      0.00      0.00       0       0   0.00       0       0      0.00      0.00      0.00       0  |__kworker/R-kbloc
05:39:20        0        42         -    0.00    0.00    0.00    0.00    0.00     0      0.00      0.00       0       0   0.00       0       0      0.00      0.00      0.00       0  kworker/R-blkcg
05:39:20        0         -        42    0.00    0.00    0.00    0.00    0.00     0      0.00      0.00       0       0   0.00       0       0      0.00      0.00      0.00       0  |__kworker/R-blkcg
05:39:20        0        43         -    0.00    0.00    0.00    0.00    0.00     1      0.00      0.00       0       0   0.00       0       0      0.00      0.00      0.00       0  irq/9-acpi
05:39:20        0         -        43    0.00    0.00    0.00    0.00    0.00     1      0.00      0.00       0       0   0.00       0       0      0.00      0.00      0.00       0  |__irq/9-acpi
05:39:20        0        44         -    0.00    0.00    0.00    0.00    0.00     1      0.00      0.00       0       0   0.00       0       0      0.00      0.00      0.00       0  kworker/R-tpm_d
05:39:20        0         -        44    0.00    0.00    0.00    0.00    0.00     1      0.00      0.00       0       0   0.00       0       0      0.00      0.00      0.00       0  |__kworker/R-tpm_d
05:39:20        0        45         -    0.00    0.00    0.00    0.00    0.00     1      0.00      0.00       0       0   0.00       0       0      0.00      0.00      0.00       0  kworker/R-ata_s
05:39:20        0         -        45    0.00    0.00    0.00    0.00    0.00     1      0.00      0.00       0       0   0.00       0       0      0.00      0.00      0.00       0  |__kworker/R-ata_s
05:39:20        0        46         -    0.00    0.00    0.00    0.00    0.00     1      0.00      0.00       0       0   0.00       0       0      0.00      0.00      0.00       0  kworker/R-md
05:39:20        0         -        46    0.00    0.00    0.00    0.00    0.00     1      0.00      0.00       0       0   0.00       0       0      0.00      0.00      0.00       0  |__kworker/R-md
05:39:20        0        47         -    0.00    0.00    0.00    0.00    0.00     1      0.00      0.00       0       0   0.00       0       0      0.00      0.00      0.00       0  kworker/R-md_bi
05:39:20        0         -        47    0.00    0.00    0.00    0.00    0.00     1      0.00      0.00       0       0   0.00       0       0      0.00      0.00      0.00       0  |__kworker/R-md_bi
05:39:20        0        48         -    0.00    0.00    0.00    0.00    0.00     1      0.00      0.00       0       0   0.00       0       0      0.00      0.00      0.00       0  kworker/R-edac-
05:39:20        0         -        48    0.00    0.00    0.00    0.00    0.00     1      0.00      0.00       0       0   0.00       0       0      0.00      0.00      0.00       0  |__kworker/R-edac-
05:39:20        0        49         -    0.00    0.00    0.00    0.00    0.00     1      0.00      0.00       0       0   0.00       0       0      0.00      0.00      0.00       0  kworker/R-devfr
05:39:20        0         -        49    0.00    0.00    0.00    0.00    0.00     1      0.00      0.00       0       0   0.00       0       0      0.00      0.00      0.00       0  |__kworker/R-devfr
05:39:20        0        50         -    0.00    0.00    0.00    0.00    0.00     1      0.00      0.00       0       0   0.00       0       0      0.00      0.00      0.00       0  watchdogd
05:39:20        0         -        50    0.00    0.00    0.00    0.00    0.00     1      0.00      0.00       0       0   0.00       0       0      0.00      0.00      0.00       0  |__watchdogd
05:39:20        0        52         -    0.00    0.00    0.00    0.00    0.00     0      0.00      0.00       0       0   0.00       0       0      0.00      0.00      0.00       0  kworker/0:1H-kblockd
05:39:20        0         -        52    0.00    0.00    0.00    0.00    0.00     0      0.00      0.00       0       0   0.00       0       0      0.00      0.00      0.00       0  |__kworker/0:1H-kblockd
05:39:20        0        53         -    0.00    0.00    0.00    0.00    0.00     1      0.00      0.00       0       0   0.00       0       0      0.00      0.00      0.00       0  kswapd0
05:39:20        0         -        53    0.00    0.00    0.00    0.00    0.00     1      0.00      0.00       0       0   0.00       0       0      0.00      0.00      0.00       0  |__kswapd0
05:39:20        0        54         -    0.00    0.00    0.00    0.00    0.00     1      0.00      0.00       0       0   0.00       0       0      0.00      0.00      0.00       0  ecryptfs-kthread
05:39:20        0         -        54    0.00    0.00    0.00    0.00    0.00     1      0.00      0.00       0       0   0.00       0       0      0.00      0.00      0.00       0  |__ecryptfs-kthread
05:39:20        0        55         -    0.00    0.00    0.00    0.00    0.00     1      0.00      0.00       0       0   0.00       0       0      0.00      0.00      0.00       0  kworker/R-kthro
05:39:20        0         -        55    0.00    0.00    0.00    0.00    0.00     1      0.00      0.00       0       0   0.00       0       0      0.00      0.00      0.00       0  |__kworker/R-kthro
05:39:20        0        56         -    0.00    0.00    0.00    0.00    0.00     1      0.00      0.00       0       0   0.00       0       0      0.00      0.00      0.00       0  kworker/R-acpi_
05:39:20        0         -        56    0.00    0.00    0.00    0.00    0.00     1      0.00      0.00       0       0   0.00       0       0      0.00      0.00      0.00       0  |__kworker/R-acpi_
05:39:20        0        58         -    0.00    0.00    0.00    0.00    0.00     1      0.00      0.00       0       0   0.00       0       0      0.00      0.00      0.00       0  kworker/1:1H-kblockd
05:39:20        0         -        58    0.00    0.00    0.00    0.00    0.00     1      0.00      0.00       0       0   0.00       0       0      0.00      0.00      0.00       0  |__kworker/1:1H-kblockd
05:39:20        0        59         -    0.00    0.00    0.00    0.00    0.00     0      0.00      0.00       0       0   0.00       0       0      0.00      0.00      0.00       0  scsi_eh_0
05:39:20        0         -        59    0.00    0.00    0.00    0.00    0.00     0      0.00      0.00       0       0   0.00       0       0      0.00      0.00      0.00       0  |__scsi_eh_0
05:39:20        0        60         -    0.00    0.00    0.00    0.00    0.00     0      0.00      0.00       0       0   0.00       0       0      0.00      0.00      0.00       0  kworker/R-scsi_
05:39:20        0         -        60    0.00    0.00    0.00    0.00    0.00     0      0.00      0.00       0       0   0.00       0       0      0.00      0.00      0.00       0  |__kworker/R-scsi_
05:39:20        0        61         -    0.00    0.00    0.00    0.00    0.00     0      0.00      0.00       0       0   0.00       0       0      0.00      0.00      0.00       0  scsi_eh_1
05:39:20        0         -        61    0.00    0.00    0.00    0.00    0.00     0      0.00      0.00       0       0   0.00       0       0      0.00      0.00      0.00       0  |__scsi_eh_1
05:39:20        0        62         -    0.00    0.00    0.00    0.00    0.00     0      0.00      0.00       0       0   0.00       0       0      0.00      0.00      0.00       0  kworker/R-scsi_
05:39:20        0         -        62    0.00    0.00    0.00    0.00    0.00     0      0.00      0.00       0       0   0.00       0       0      0.00      0.00      0.00       0  |__kworker/R-scsi_
05:39:20        0        63         -    0.00    0.00    0.00    0.00    0.00     1      0.00      0.00       0       0   0.00       0       0      0.00      0.00      0.00       0  scsi_eh_2
05:39:20        0         -        63    0.00    0.00    0.00    0.00    0.00     1      0.00      0.00       0       0   0.00       0       0      0.00      0.00      0.00       0  |__scsi_eh_2
05:39:20        0        64         -    0.00    0.00    0.00    0.00    0.00     0      0.00      0.00       0       0   0.00       0       0      0.00      0.00      0.00       0  kworker/R-scsi_
05:39:20        0         -        64    0.00    0.00    0.00    0.00    0.00     0      0.00      0.00       0       0   0.00       0       0      0.00      0.00      0.00       0  |__kworker/R-scsi_
05:39:20        0        65         -    0.00    0.00    0.00    0.00    0.00     1      0.00      0.00       0       0   0.00       0       0      0.00      0.00      0.00       0  kworker/u6:2-events_power_efficient
05:39:20        0         -        65    0.00    0.00    0.00    0.00    0.00     1      0.00      0.00       0       0   0.00       0       0      0.00      0.00      0.00       0  |__kworker/u6:2-events_power_efficient
05:39:20        0        67         -    0.00    0.00    0.00    0.00    0.00     0      0.00      0.00       0       0   0.00       0       0      0.00      0.00      0.00       0  kworker/R-mld
05:39:20        0         -        67    0.00    0.00    0.00    0.00    0.00     0      0.00      0.00       0       0   0.00       0       0      0.00      0.00      0.00       0  |__kworker/R-mld
05:39:20        0        68         -    0.00    0.00    0.00    0.00    0.00     0      0.00      0.00       0       0   0.00       0       0      0.00      0.00      0.00       0  kworker/R-ipv6_
05:39:20        0         -        68    0.00    0.00    0.00    0.00    0.00     0      0.00      0.00       0       0   0.00       0       0      0.00      0.00      0.00       0  |__kworker/R-ipv6_
05:39:20        0        75         -    0.00    0.00    0.00    0.00    0.00     1      0.00      0.00       0       0   0.00       0       0      0.00      0.00      0.00       0  kworker/R-kstrp
05:39:20        0         -        75    0.00    0.00    0.00    0.00    0.00     1      0.00      0.00       0       0   0.00       0       0      0.00      0.00      0.00       0  |__kworker/R-kstrp
05:39:20        0        77         -    0.00    0.00    0.00    0.00    0.00     0      0.00      0.00       0       0   0.00       0       0      0.00      0.00      0.00       0  kworker/u7:0
05:39:20        0         -        77    0.00    0.00    0.00    0.00    0.00     0      0.00      0.00       0       0   0.00       0       0      0.00      0.00      0.00       0  |__kworker/u7:0
05:39:20        0        78         -    0.00    0.00    0.00    0.00    0.00     0      0.00      0.00       0       0   0.00       0       0      0.00      0.00      0.00       0  kworker/u8:0
05:39:20        0         -        78    0.00    0.00    0.00    0.00    0.00     0      0.00      0.00       0       0   0.00       0       0      0.00      0.00      0.00       0  |__kworker/u8:0
05:39:20        0        79         -    0.00    0.00    0.00    0.00    0.00     1      0.00      0.00       0       0   0.00       0       0      0.00      0.00      0.00       0  kworker/u9:0
05:39:20        0         -        79    0.00    0.00    0.00    0.00    0.00     1      0.00      0.00       0       0   0.00       0       0      0.00      0.00      0.00       0  |__kworker/u9:0
05:39:20        0        84         -    0.00    0.00    0.00    0.00    0.00     0      0.00      0.00       0       0   0.00       0       0      0.00      0.00      0.00       0  kworker/R-crypt
05:39:20        0         -        84    0.00    0.00    0.00    0.00    0.00     0      0.00      0.00       0       0   0.00       0       0      0.00      0.00      0.00       0  |__kworker/R-crypt
05:39:20        0        85         -    0.00    0.00    0.00    0.00    0.00     1      0.00      0.00       0       0   0.00       0       0      0.00      0.00      0.00       0  kworker/1:2-events
05:39:20        0         -        85    0.00    0.00    0.00    0.00    0.00     1      0.00      0.00       0       0   0.00       0       0      0.00      0.00      0.00       0  |__kworker/1:2-events
05:39:20        0        94         -    0.00    0.00    0.00    0.00    0.00     1      0.00      0.00       0       0   0.00       0       0      0.00      0.00      0.00       0  kworker/R-charg
05:39:20        0         -        94    0.00    0.00    0.00    0.00    0.00     1      0.00      0.00       0       0   0.00       0       0      0.00      0.00      0.00       0  |__kworker/R-charg
05:39:20        0       143         -    0.00    0.00    0.00    0.00    0.00     0      0.00      0.00       0       0   0.00       0       0      0.00      0.00      0.00       0  kworker/0:2-events
05:39:20        0         -       143    0.00    0.00    0.00    0.00    0.00     0      0.00      0.00       0       0   0.00       0       0      0.00      0.00      0.00       0  |__kworker/0:2-events
05:39:20        0       188         -    0.00    0.00    0.00    0.00    0.00     0      0.00      0.00       0       0   0.00       0       0      0.00      0.00      0.00       0  kworker/R-raid5
05:39:20        0         -       188    0.00    0.00    0.00    0.00    0.00     0      0.00      0.00       0       0   0.00       0       0      0.00      0.00      0.00       0  |__kworker/R-raid5
05:39:20        0       225         -    0.00    0.00    0.00    0.00    0.00     0      0.00      0.00       0       0   0.00       0       0      0.00      0.00      0.00       0  jbd2/vda1-8
05:39:20        0         -       225    0.00    0.00    0.00    0.00    0.00     0      0.00      0.00       0       0   0.00       0       0      0.00      0.00      0.00       0  |__jbd2/vda1-8
05:39:20        0       226         -    0.00    0.00    0.00    0.00    0.00     1      0.00      0.00       0       0   0.00       0       0      0.00      0.00      0.00       0  kworker/R-ext4-
05:39:20        0         -       226    0.00    0.00    0.00    0.00    0.00     1      0.00      0.00       0       0   0.00       0       0      0.00      0.00      0.00       0  |__kworker/R-ext4-
05:39:20        0       298         -    0.00    0.00    0.00    0.00    0.00     1      0.00      0.00   34396    8584   0.21     132      12      0.00      0.00      0.00       0  systemd-journal
05:39:20        0         -       298    0.00    0.00    0.00    0.00    0.00     1      0.00      0.00   34396    8584   0.21     132      12      0.00      0.00      0.00       0  |__systemd-journal
05:39:20        0       318         -    0.00    0.00    0.00    0.00    0.00     0      0.00      0.00       0       0   0.00       0       0      0.00      0.00      0.00       0  kworker/R-kmpat
05:39:20        0         -       318    0.00    0.00    0.00    0.00    0.00     0      0.00      0.00       0       0   0.00       0       0      0.00      0.00      0.00       0  |__kworker/R-kmpat
05:39:20        0       319         -    0.00    0.00    0.00    0.00    0.00     1      0.00      0.00       0       0   0.00       0       0      0.00      0.00      0.00       0  kworker/R-kmpat
05:39:20        0         -       319    0.00    0.00    0.00    0.00    0.00     1      0.00      0.00       0       0   0.00       0       0      0.00      0.00      0.00       0  |__kworker/R-kmpat
05:39:20        0       353         -    0.00    0.00    0.00    0.00    0.00     0      0.00      0.00  288952   27136   0.68     132     120      0.00      0.00      0.00       0  multipathd
05:39:20        0         -       353    0.00    0.00    0.00    0.00    0.00     0      0.00      0.00  288952   27136   0.68     132     120      0.00      0.00      0.00       0  |__multipathd
05:39:20        0         -       365    0.00    0.00    0.00    0.00    0.00     0      0.00      0.00  288952   27136   0.68     132     120      0.00      0.00      0.00       0  |__multipathd
05:39:20        0         -       366    0.00    0.00    0.00    0.00    0.00     0      0.00      0.00  288952   27136   0.68     132     120      0.00      0.00      0.00       0  |__multipathd
05:39:20        0         -       367    0.00    0.00    0.00    0.00    0.00     0      0.00      0.00  288952   27136   0.68     132     120      0.00      0.00      0.00       0  |__multipathd
05:39:20        0         -       368    0.00    0.00    0.00    0.00    0.00     0      0.00      0.00  288952   27136   0.68     132     120      0.00      0.00      0.00       0  |__multipathd
05:39:20        0         -       369    0.00    0.00    0.00    0.00    0.00     1      0.00      0.00  288952   27136   0.68     132     120      0.00      0.00      0.00       0  |__multipathd
05:39:20        0         -       370    0.00    0.00    0.00    0.00    0.00     1      0.00      0.00  288952   27136   0.68     132     120      0.00      0.00      0.00       0  |__multipathd
05:39:20        0       354         -    0.00    0.00    0.00    0.00    0.00     1      0.00      0.00       0       0   0.00       0       0      0.00      0.00      0.00       0  kworker/u4:1-ext4-rsv-conversion
05:39:20        0         -       354    0.00    0.00    0.00    0.00    0.00     1      0.00      0.00       0       0   0.00       0       0      0.00      0.00      0.00       0  |__kworker/u4:1-ext4-rsv-conversion
05:39:20        0       435         -    0.00    0.00    0.00    0.00    0.00     0      0.00      0.00       0       0   0.00       0       0      0.00      0.00      0.00       0  jbd2/vda16-8
05:39:20        0         -       435    0.00    0.00    0.00    0.00    0.00     0      0.00      0.00       0       0   0.00       0       0      0.00      0.00      0.00       0  |__jbd2/vda16-8
05:39:20        0       436         -    0.00    0.00    0.00    0.00    0.00     1      0.00      0.00       0       0   0.00       0       0      0.00      0.00      0.00       0  kworker/R-ext4-
05:39:20        0         -       436    0.00    0.00    0.00    0.00    0.00     1      0.00      0.00       0       0   0.00       0       0      0.00      0.00      0.00       0  |__kworker/R-ext4-
05:39:20      996       504         -    0.00    0.00    0.00    0.00    0.00     0      0.00      0.00   91024    6400   0.16     132      16      0.00      0.00      0.00       0  systemd-timesyn
05:39:20      996         -       504    0.00    0.00    0.00    0.00    0.00     0      0.00      0.00   91024    6400   0.16     132      16      0.00      0.00      0.00       0  |__systemd-timesyn
05:39:20      996         -       541    0.00    0.00    0.00    0.00    0.00     0      0.00      0.00   91024    6400   0.16     132      16      0.00      0.00      0.00       0  |__sd-resolve
05:39:20      998       676         -    0.00    0.00    0.00    0.00    0.00     1      0.00      0.00   22428    7040   0.18     132      40      0.00      0.00      0.00       0  systemd-network
05:39:20      998         -       676    0.00    0.00    0.00    0.00    0.00     1      0.00      0.00   22428    7040   0.18     132      40      0.00      0.00      0.00       0  |__systemd-network
05:39:20      991       711         -    0.00    0.00    0.00    0.00    0.00     0      0.00      0.00   21724    8192   0.20     132      36      0.00      0.00      0.00       0  systemd-resolve
05:39:20      991         -       711    0.00    0.00    0.00    0.00    0.00     0      0.00      0.00   21724    8192   0.20     132      36      0.00      0.00      0.00       0  |__systemd-resolve
05:39:20        0       737         -    0.00    0.00    0.00    0.00    0.00     0      0.00      0.00   26056    6628   0.17     132      12      0.00      0.00      0.00       0  systemd-udevd
05:39:20        0         -       737    0.00    0.00    0.00    0.00    0.00     0      0.00      0.00   26056    6628   0.17     132      12      0.00      0.00      0.00       0  |__systemd-udevd
05:39:20        0       738         -    0.00    0.00    0.00    0.00    0.00     0      0.00      0.00       0       0   0.00       0       0      0.00      0.00      0.00       0  psimon
05:39:20        0         -       738    0.00    0.00    0.00    0.00    0.00     0      0.00      0.00       0       0   0.00       0       0      0.00      0.00      0.00       0  |__psimon
05:39:20        0       861         -    0.00    0.00    0.00    0.00    0.00     1      0.00      0.00    7224    2688   0.07     132      40      0.00      0.00      0.00       0  cron
05:39:20        0         -       861    0.00    0.00    0.00    0.00    0.00     1      0.00      0.00    7224    2688   0.07     132      40      0.00      0.00      0.00       0  |__cron
05:39:20      101       862         -    0.00    0.00    0.00    0.00    0.00     1      0.00      0.00    9900    4864   0.12     132       8      0.00      0.00      0.00       0  dbus-daemon
05:39:20      101         -       862    0.00    0.00    0.00    0.00    0.00     1      0.00      0.00    9900    4864   0.12     132       8      0.00      0.00      0.00       0  |__dbus-daemon
05:39:20      989       867         -    0.00    0.00    0.00    0.00    0.00     0      0.00      0.00  308164    5760   0.14     132      16      0.00      0.00      0.00       0  polkitd
05:39:20      989         -       867    0.00    0.00    0.00    0.00    0.00     0      0.00      0.00  308164    5760   0.14     132      16      0.00      0.00      0.00       0  |__polkitd
05:39:20      989         -       939    0.00    0.00    0.00    0.00    0.00     1      0.00      0.00  308164    5760   0.14     132      16      0.00      0.00      0.00       0  |__gmain
05:39:20      989         -       940    0.00    0.00    0.00    0.00    0.00     0      0.00      0.00  308164    5760   0.14     132      16      0.00      0.00      0.00       0  |__pool-spawner
05:39:20      989         -       941    0.00    0.00    0.00    0.00    0.00     0      0.00      0.00  308164    5760   0.14     132      16      0.00      0.00      0.00       0  |__gdbus
05:39:20        0       874         -    0.00    0.00    0.00    0.00    0.00     1      0.00      0.00   17984    7296   0.18     132      16      0.00      0.00      0.00       0  systemd-logind
05:39:20        0         -       874    0.00    0.00    0.00    0.00    0.00     1      0.00      0.00   17984    7296   0.18     132      16      0.00      0.00      0.00       0  |__systemd-logind
05:39:20        0       886         -    0.00    0.00    0.00    0.00    0.00     0      0.00      0.00  468952    8576   0.21     132      28      0.00      0.00      0.00       0  udisksd
05:39:20        0         -       886    0.00    0.00    0.00    0.00    0.00     0      0.00      0.00  468952    8576   0.21     132      28      0.00      0.00      0.00       0  |__udisksd
05:39:20        0         -       891    0.00    0.00    0.00    0.00    0.00     1      0.00      0.00  468952    8576   0.21     132      28      0.00      0.00      0.00       0  |__gmain
05:39:20        0         -       892    0.00    0.00    0.00    0.00    0.00     1      0.00      0.00  468952    8576   0.21     132      28      0.00      0.00      0.00       0  |__pool-spawner
05:39:20        0         -       894    0.00    0.00    0.00    0.00    0.00     0      0.00      0.00  468952    8576   0.21     132      28      0.00      0.00      0.00       0  |__gdbus
05:39:20        0         -       972    0.00    0.00    0.00    0.00    0.00     0      0.00      0.00  468952    8576   0.21     132      28      0.00      0.00      0.00       0  |__probing-thread
05:39:20        0         -       991    0.00    0.00    0.00    0.00    0.00     0      0.00      0.00  468952    8576   0.21     132      28      0.00      0.00      0.00       0  |__cleanup
05:39:20        0       917         -    0.00    0.00    0.00    0.00    0.00     1      0.00      0.00  110000   13952   0.35     132      84      0.00      0.00      0.00       0  unattended-upgr
05:39:20        0         -       917    0.00    0.00    0.00    0.00    0.00     1      0.00      0.00  110000   13952   0.35     132      84      0.00      0.00      0.00       0  |__unattended-upgr
05:39:20        0         -      1021    0.00    0.00    0.00    0.00    0.00     0      0.00      0.00  110000   13952   0.35     132      84      0.00      0.00      0.00       0  |__gmain
05:39:20      102       922         -    0.00    0.00    0.00    0.00    0.00     1      0.00      0.00  222508    4992   0.12     132      56      0.00      0.00      0.00       0  rsyslogd
05:39:20      102         -       922    0.00    0.00    0.00    0.00    0.00     1      0.00      0.00  222508    4992   0.12     132      56      0.00      0.00      0.00       0  |__rsyslogd
05:39:20      102         -      1010    0.00    0.00    0.00    0.00    0.00     1      0.00      0.00  222508    4992   0.12     132      56      0.00      0.00      0.00       0  |__in:imuxsock
05:39:20      102         -      1011    0.00    0.00    0.00    0.00    0.00     1      0.00      0.00  222508    4992   0.12     132      56      0.00      0.00      0.00       0  |__in:imklog
05:39:20      102         -      1012    0.00    0.00    0.00    0.00    0.00     1      0.00      0.00  222508    4992   0.12     132      56      0.00      0.00      0.00       0  |__rs:main Q:Reg
05:39:20        0       978         -    0.00    0.00    0.00    0.00    0.00     0      0.00      0.00  392088    7040   0.18     132      12      0.00      0.00      0.00       0  ModemManager
05:39:20        0         -       978    0.00    0.00    0.00    0.00    0.00     0      0.00      0.00  392088    7040   0.18     132      12      0.00      0.00      0.00       0  |__ModemManager
05:39:20        0         -       993    0.00    0.00    0.00    0.00    0.00     1      0.00      0.00  392088    7040   0.18     132      12      0.00      0.00      0.00       0  |__gmain
05:39:20        0         -       994    0.00    0.00    0.00    0.00    0.00     1      0.00      0.00  392088    7040   0.18     132      12      0.00      0.00      0.00       0  |__pool-spawner
05:39:20        0         -       997    0.00    0.00    0.00    0.00    0.00     0      0.00      0.00  392088    7040   0.18     132      12      0.00      0.00      0.00       0  |__gdbus
05:39:20        0       989         -    0.00    0.00    0.00    0.00    0.00     1      0.00      0.00    6148    2048   0.05     132      20      0.00      0.00      0.00       0  agetty
05:39:20        0         -       989    0.00    0.00    0.00    0.00    0.00     1      0.00      0.00    6148    2048   0.05     132      20      0.00      0.00      0.00       0  |__agetty
05:39:20        0      1020         -    0.00    0.00    0.00    0.00    0.00     0      0.00      0.00    6104    1920   0.05     132      20      0.00      0.00      0.00       0  agetty
05:39:20        0         -      1020    0.00    0.00    0.00    0.00    0.00     0      0.00      0.00    6104    1920   0.05     132      20      0.00      0.00      0.00       0  |__agetty
05:39:20        0      1192         -    0.00    0.00    0.00    0.00    0.00     1      0.00      0.00       0       0   0.00       0       0      0.00      0.00      0.00       0  kworker/R-tls-s
05:39:20        0         -      1192    0.00    0.00    0.00    0.00    0.00     1      0.00      0.00       0       0   0.00       0       0      0.00      0.00      0.00       0  |__kworker/R-tls-s
05:39:20        0      1765         -    0.00    0.00    0.00    0.00    0.00     0      0.00      0.00 1239988    2432   0.06     132      16      0.00      0.00      0.00       0  droplet-agent
05:39:20        0         -      1765    0.00    0.00    0.00    0.00    0.00     0      0.00      0.00 1239988    2432   0.06     132      16      0.00      0.00      0.00       0  |__droplet-agent
05:39:20        0         -      1768    0.00    0.00    0.00    0.00    0.00     1      0.00      0.00 1239988    2432   0.06     132      16      0.00      0.00      0.00       0  |__droplet-agent
05:39:20        0         -      1769    0.00    0.00    0.00    0.00    0.00     0      0.00      0.00 1239988    2432   0.06     132      16      0.00      0.00      0.00       0  |__droplet-agent
05:39:20        0         -      1770    0.00    0.00    0.00    0.00    0.00     0      0.00      0.00 1239988    2432   0.06     132      16      0.00      0.00      0.00       0  |__droplet-agent
05:39:20        0         -      1772    0.00    0.00    0.00    0.00    0.00     0      0.00      0.00 1239988    2432   0.06     132      16      0.00      0.00      0.00       0  |__droplet-agent
05:39:20        0         -      1773    0.00    0.00    0.00    0.00    0.00     1      0.00      0.00 1239988    2432   0.06     132      16      0.00      0.00      0.00       0  |__droplet-agent
05:39:20        0         -      1774    0.00    0.00    0.00    0.00    0.00     1      0.00      0.00 1239988    2432   0.06     132      16      0.00      0.00      0.00       0  |__droplet-agent
05:39:20        0         -      1775    0.00    0.00    0.00    0.00    0.00     0      0.00      0.00 1239988    2432   0.06     132      16      0.00      0.00      0.00       0  |__droplet-agent
05:39:20        0         -      1776    0.00    0.00    0.00    0.00    0.00     1      0.00      0.00 1239988    2432   0.06     132      16      0.00      0.00      0.00       0  |__droplet-agent
05:39:20        0      2208         -    0.50    0.50    0.00    0.00    1.01     0      0.00      0.00 1617716   69408   1.73     132      12      2.01      2.01      0.00       0  rke2
05:39:20        0         -      2208    0.00    0.00    0.00    0.00    0.00     0      0.00      0.00 1617716   69408   1.73     132      12      0.00      0.00      0.00       0  |__rke2
05:39:20        0         -      2209    0.00    0.50    0.00    0.50    0.50     1      0.00      0.00 1617716   69408   1.73     132      12      0.00      0.00      0.00       0  |__rke2
05:39:20        0         -      2210    0.00    0.00    0.00    0.00    0.00     0      0.00      0.00 1617716   69408   1.73     132      12      2.01      2.01      0.00       0  |__rke2
05:39:20        0         -      2211    0.00    0.00    0.00    0.00    0.00     1      0.00      0.00 1617716   69408   1.73     132      12      0.00      0.00      0.00       0  |__rke2
05:39:20        0         -      2212    0.00    0.00    0.00    0.00    0.00     1      0.00      0.00 1617716   69408   1.73     132      12      0.00      0.00      0.00       0  |__rke2
05:39:20        0         -      2213    0.00    0.00    0.00    0.00    0.00     1      0.00      0.00 1617716   69408   1.73     132      12      0.00      0.00      0.00       0  |__rke2
05:39:20        0         -      2214    0.00    0.00    0.00    0.50    0.00     1      0.00      0.00 1617716   69408   1.73     132      12      0.00      0.00      0.00       0  |__rke2
05:39:20        0         -      2232    0.00    0.00    0.00    0.00    0.00     1      0.00      0.00 1617716   69408   1.73     132      12      0.00      0.00      0.00       0  |__rke2
05:39:20        0         -      2289    0.00    0.00    0.00    0.00    0.00     1      0.00      0.00 1617716   69408   1.73     132      12      0.00      0.00      0.00       0  |__rke2
05:39:20        0         -      2456    0.00    0.00    0.00    0.00    0.00     0      0.00      0.00 1617716   69408   1.73     132      12      0.00      0.00      0.00       0  |__rke2
05:39:20        0         -      2515    0.00    0.00    0.00    0.00    0.00     1      0.00      0.00 1617716   69408   1.73     132      12      0.00      0.00      0.00       0  |__rke2
05:39:20        0      2233         -    1.01    0.50    0.00    0.00    1.51     1      0.00      0.00 1303816   63592   1.59     132      16      0.00      0.00      0.00       0  containerd
05:39:20        0         -      2233    0.00    0.00    0.00    0.00    0.00     1      0.00      0.00 1303816   63592   1.59     132      16      0.00      0.00      0.00       0  |__containerd
05:39:20        0         -      2234    0.00    0.00    0.00    0.50    0.00     0      0.00      0.00 1303816   63592   1.59     132      16      0.00      0.00      0.00       0  |__containerd
05:39:20        0         -      2237    0.00    0.00    0.00    0.00    0.00     1      0.00      0.00 1303816   63592   1.59     132      16      0.00      0.00      0.00       0  |__containerd
05:39:20        0         -      2252    0.00    0.00    0.00    0.00    0.00     0      0.00      0.00 1303816   63592   1.59     132      16      0.00      0.00      0.00       0  |__containerd
05:39:20        0         -      5453    0.00    0.00    0.00    0.50    0.00     1      0.00      0.00 1303816   63592   1.59     132      16      0.00      0.00      0.00       0  |__containerd
05:39:20        0         -      7819    0.00    0.00    0.00    0.00    0.00     1      0.00      0.00 1303816   63592   1.59     132      16      0.00      0.00      0.00       0  |__containerd
05:39:20        0         -      7933    0.50    0.00    0.00    1.01    0.50     1      0.00      0.00 1303816   63592   1.59     132      16      0.00      0.00      0.00       0  |__containerd
05:39:20        0         -      7968    0.50    0.00    0.00    0.50    0.50     0      0.00      0.00 1303816   63592   1.59     132      16      0.00      0.00      0.00       0  |__containerd
05:39:20        0         -      9234    0.00    0.00    0.00    0.00    0.00     0      0.00      0.00 1303816   63592   1.59     132      16      0.00      0.00      0.00       0  |__containerd
05:39:20        0         -      9241    0.00    0.00    0.00    0.00    0.00     1      0.00      0.00 1303816   63592   1.59     132      16      0.00      0.00      0.00       0  |__containerd
05:39:20        0         -     10596    0.00    0.00    0.00    0.00    0.00     1      0.00      0.00 1303816   63592   1.59     132      16      0.00      0.00      0.00       0  |__containerd
05:39:20        0      2254         -    3.52    0.50    0.00    0.00    4.02     1      0.00      0.00 1312772   80060   2.00     132      12      0.00      0.00      0.00       0  kubelet
05:39:20        0         -      2254    0.00    0.00    0.00    0.00    0.00     1      0.00      0.00 1312772   80060   2.00     132      12      0.00      0.00      0.00       0  |__kubelet
05:39:20        0         -      2255    0.00    0.00    0.00    1.51    0.00     1      0.00      0.00 1312772   80060   2.00     132      12      0.00      0.00      0.00       0  |__kubelet
05:39:20        0         -      2256    0.00    0.00    0.00    0.00    0.00     0      0.00      0.00 1312772   80060   2.00     132      12      0.00      0.00      0.00       0  |__kubelet
05:39:20        0         -      2257    0.00    0.00    0.00    0.00    0.00     0      0.00      0.00 1312772   80060   2.00     132      12      0.00      0.00      0.00       0  |__kubelet
05:39:20        0         -      2258    0.00    0.00    0.00    0.00    0.00     1      0.00      0.00 1312772   80060   2.00     132      12      0.00      0.00      0.00       0  |__kubelet
05:39:20        0         -      2259    0.00    0.00    0.00    0.00    0.00     0      0.00      0.00 1312772   80060   2.00     132      12      0.00      0.00      0.00       0  |__kubelet
05:39:20        0         -      2262    1.51    0.00    0.00    1.01    1.51     1      0.00      0.00 1312772   80060   2.00     132      12      0.00      0.00      0.00       0  |__kubelet
05:39:20        0         -      2275    1.01    0.00    0.00    0.50    1.01     0      0.00      0.00 1312772   80060   2.00     132      12      0.00      0.00      0.00       0  |__kubelet
05:39:20        0         -      2276    0.00    0.00    0.00    0.00    0.00     1      0.00      0.00 1312772   80060   2.00     132      12      0.00      0.00      0.00       0  |__kubelet
05:39:20        0         -      2277    1.01    0.00    0.00    1.01    1.01     1      0.00      0.00 1312772   80060   2.00     132      12      0.00      0.00      0.00       0  |__kubelet
05:39:20        0         -      3023    0.00    0.00    0.00    0.00    0.00     0      0.00      0.00 1312772   80060   2.00     132      12      0.00      0.00      0.00       0  |__kubelet
05:39:20        0         -      3053    0.00    0.00    0.00    0.00    0.00     0      0.00      0.00 1312772   80060   2.00     132      12      0.00      0.00      0.00       0  |__kubelet
05:39:20        0      2303         -    0.00    0.00    0.00    0.00    0.00     0      0.00      0.00 1243560   17672   0.44     132      16      0.00      0.00      0.00       0  containerd-shim
05:39:20        0         -      2303    0.00    0.00    0.00    0.00    0.00     0      0.00      0.00 1243560   17672   0.44     132      16      0.00      0.00      0.00       0  |__containerd-shim
05:39:20        0         -      2307    0.00    0.00    0.00    0.00    0.00     1      0.00      0.00 1243560   17672   0.44     132      16      0.00      0.00      0.00       0  |__containerd-shim
05:39:20        0         -      2308    0.00    0.00    0.00    0.00    0.00     0      0.00      0.00 1243560   17672   0.44     132      16      0.00      0.00      0.00       0  |__containerd-shim
05:39:20        0         -      2309    0.00    0.00    0.00    0.00    0.00     1      0.00      0.00 1243560   17672   0.44     132      16      0.00      0.00      0.00       0  |__containerd-shim
05:39:20        0         -      2310    0.00    0.00    0.00    0.00    0.00     1      0.00      0.00 1243560   17672   0.44     132      16      0.00      0.00      0.00       0  |__containerd-shim
05:39:20        0         -      2312    0.00    0.00    0.00    0.00    0.00     0      0.00      0.00 1243560   17672   0.44     132      16      0.00      0.00      0.00       0  |__containerd-shim
05:39:20        0         -      2314    0.00    0.00    0.00    0.00    0.00     0      0.00      0.00 1243560   17672   0.44     132      16      0.00      0.00      0.00       0  |__containerd-shim
05:39:20        0         -      2316    0.00    0.00    0.00    0.00    0.00     1      0.00      0.00 1243560   17672   0.44     132      16      0.00      0.00      0.00       0  |__containerd-shim
05:39:20        0         -      2317    0.00    0.00    0.00    0.00    0.00     0      0.00      0.00 1243560   17672   0.44     132      16      0.00      0.00      0.00       0  |__containerd-shim
05:39:20        0         -      2323    0.00    0.00    0.00    0.00    0.00     1      0.00      0.00 1243560   17672   0.44     132      16      0.00      0.00      0.00       0  |__containerd-shim
05:39:20        0         -      2435    0.00    0.00    0.00    0.00    0.00     0      0.00      0.00 1243560   17672   0.44     132      16      0.00      0.00      0.00       0  |__containerd-shim
05:39:20        0         -      5956    0.00    0.00    0.00    0.00    0.00     0      0.00      0.00 1243560   17672   0.44     132      16      0.00      0.00      0.00       0  |__containerd-shim
05:39:20        0         -      5957    0.00    0.00    0.00    0.00    0.00     0      0.00      0.00 1243560   17672   0.44     132      16      0.00      0.00      0.00       0  |__containerd-shim
05:39:20        0         -     26803    0.00    0.00    0.00    0.00    0.00     1      0.00      0.00 1243560   17672   0.44     132      16      0.00      0.00      0.00       0  |__containerd-shim
05:39:20        0      2311         -    0.00    0.00    0.00    0.00    0.00     0      0.00      0.00 1243164   17656   0.44     132      16      0.00      0.00      0.00       0  containerd-shim
05:39:20        0         -      2311    0.00    0.00    0.00    0.00    0.00     0      0.00      0.00 1243164   17656   0.44     132      16      0.00      0.00      0.00       0  |__containerd-shim
05:39:20        0         -      2315    0.00    0.00    0.00    0.00    0.00     1      0.00      0.00 1243164   17656   0.44     132      16      0.00      0.00      0.00       0  |__containerd-shim
05:39:20        0         -      2318    0.00    0.00    0.00    0.00    0.00     0      0.00      0.00 1243164   17656   0.44     132      16      0.00      0.00      0.00       0  |__containerd-shim
05:39:20        0         -      2319    0.00    0.00    0.00    0.00    0.00     1      0.00      0.00 1243164   17656   0.44     132      16      0.00      0.00      0.00       0  |__containerd-shim
05:39:20        0         -      2320    0.00    0.00    0.00    0.00    0.00     0      0.00      0.00 1243164   17656   0.44     132      16      0.00      0.00      0.00       0  |__containerd-shim
05:39:20        0         -      2321    0.00    0.00    0.00    0.00    0.00     0      0.00      0.00 1243164   17656   0.44     132      16      0.00      0.00      0.00       0  |__containerd-shim
05:39:20        0         -      2325    0.00    0.00    0.00    0.00    0.00     0      0.00      0.00 1243164   17656   0.44     132      16      0.00      0.00      0.00       0  |__containerd-shim
05:39:20        0         -      2326    0.00    0.00    0.00    0.00    0.00     1      0.00      0.00 1243164   17656   0.44     132      16      0.00      0.00      0.00       0  |__containerd-shim
05:39:20        0         -      2327    0.00    0.00    0.00    0.00    0.00     0      0.00      0.00 1243164   17656   0.44     132      16      0.00      0.00      0.00       0  |__containerd-shim
05:39:20        0         -      2328    0.00    0.00    0.00    0.00    0.00     1      0.00      0.00 1243164   17656   0.44     132      16      0.00      0.00      0.00       0  |__containerd-shim
05:39:20        0         -      2440    0.00    0.00    0.00    0.00    0.00     1      0.00      0.00 1243164   17656   0.44     132      16      0.00      0.00      0.00       0  |__containerd-shim
05:39:20        0         -      2535    0.00    0.00    0.00    0.00    0.00     0      0.00      0.00 1243164   17656   0.44     132      16      0.00      0.00      0.00       0  |__containerd-shim
05:39:20        0         -      5958    0.00    0.00    0.00    0.00    0.00     1      0.00      0.00 1243164   17656   0.44     132      16      0.00      0.00      0.00       0  |__containerd-shim
05:39:20    65535      2354         -    0.00    0.00    0.00    0.00    0.00     1      0.00      0.00     972     512   0.01     132       8      0.00      0.00      0.00       0  pause
05:39:20    65535         -      2354    0.00    0.00    0.00    0.00    0.00     1      0.00      0.00     972     512   0.01     132       8      0.00      0.00      0.00       0  |__pause
05:39:20    65535      2361         -    0.00    0.00    0.00    0.00    0.00     1      0.00      0.00     972     512   0.01     132      12      0.00      0.00      0.00       0  pause
05:39:20    65535         -      2361    0.00    0.00    0.00    0.00    0.00     1      0.00      0.00     972     512   0.01     132      12      0.00      0.00      0.00       0  |__pause
05:39:20        0      2402         -    0.00    0.00    0.00    0.00    0.00     1      0.00      0.00 1299988   29724   0.74     132      16      0.00      0.00      0.00       0  kube-proxy
05:39:20        0         -      2402    0.00    0.00    0.00    0.00    0.00     1      0.00      0.00 1299988   29724   0.74     132      16      0.00      0.00      0.00       0  |__kube-proxy
05:39:20        0         -      2436    0.00    0.00    0.00    0.00    0.00     0      0.00      0.00 1299988   29724   0.74     132      16      0.00      0.00      0.00       0  |__kube-proxy
05:39:20        0         -      2437    0.00    0.00    0.00    0.00    0.00     0      0.00      0.00 1299988   29724   0.74     132      16      0.00      0.00      0.00       0  |__kube-proxy
05:39:20        0         -      2438    0.00    0.00    0.00    0.00    0.00     1      0.00      0.00 1299988   29724   0.74     132      16      0.00      0.00      0.00       0  |__kube-proxy
05:39:20        0         -      2439    0.00    0.00    0.00    0.00    0.00     0      0.00      0.00 1299988   29724   0.74     132      16      0.00      0.00      0.00       0  |__kube-proxy
05:39:20        0         -      2442    0.00    0.00    0.00    0.00    0.00     1      0.00      0.00 1299988   29724   0.74     132      16      0.00      0.00      0.00       0  |__kube-proxy
05:39:20        0         -      2445    0.00    0.00    0.00    0.00    0.00     0      0.00      0.00 1299988   29724   0.74     132      16      0.00      0.00      0.00       0  |__kube-proxy
05:39:20        0      2414         -    1.51    1.51    0.00    1.51    3.02     1      1.01      0.00 11809520  114428   2.85     132      16      0.00    148.74      0.00       0  etcd
05:39:20        0         -      2414    0.50    0.50    0.00    1.51    1.01     1      0.00      0.00 11809520  114428   2.85     132      16      0.00     74.37      0.00       0  |__etcd
05:39:20        0         -      2441    0.50    0.00    0.00    2.51    0.50     1      0.00      0.00 11809520  114428   2.85     132      16      0.00      0.00      0.00       0  |__etcd
05:39:20        0         -      2443    0.00    0.50    0.00    1.01    0.50     0      0.00      0.00 11809520  114428   2.85     132      16      0.00     38.19      0.00       0  |__etcd
05:39:20        0         -      2444    0.00    0.00    0.00    0.00    0.00     0      0.00      0.00 11809520  114428   2.85     132      16      0.00      0.00      0.00       0  |__etcd
05:39:20        0         -      2446    0.00    0.00    0.00    0.00    0.00     0      0.00      0.00 11809520  114428   2.85     132      16      0.00      0.00      0.00       0  |__etcd
05:39:20        0         -      2447    0.00    0.00    0.00    0.00    0.00     0      0.00      0.00 11809520  114428   2.85     132      16      0.00      0.00      0.00       0  |__etcd
05:39:20        0         -      2455    0.00    0.00    0.00    0.00    0.00     0      0.00      0.00 11809520  114428   2.85     132      16      0.00      0.00      0.00       0  |__etcd
05:39:20        0         -      2533    0.00    0.00    0.00    0.00    0.00     1      0.00      0.00 11809520  114428   2.85     132      16      0.00      0.00      0.00       0  |__etcd
05:39:20        0         -      2534    0.00    0.00    0.00    1.01    0.00     0      1.01      0.00 11809520  114428   2.85     132      16      0.00     34.17      0.00       0  |__etcd
05:39:20        0         -      4399    0.50    0.00    0.00    0.50    0.50     0      0.00      0.00 11809520  114428   2.85     132      16      0.00      2.01      0.00       0  |__etcd
05:39:20        0      2465         -    0.50    0.50    0.00    0.00    1.01     1      2.51      0.00 1243816   19032   0.47     132      12      2.01      4.02      4.02       0  containerd-shim
05:39:20        0         -      2465    0.00    0.00    0.00    0.00    0.00     1      0.00      0.00 1243816   19032   0.47     132      12      0.00      0.00      0.00       0  |__containerd-shim
05:39:20        0         -      2466    0.00    0.00    0.00    0.00    0.00     1      0.00      0.00 1243816   19032   0.47     132      12      0.00      0.00      0.00       0  |__containerd-shim
05:39:20        0         -      2467    0.00    0.00    0.00    0.00    0.00     0      0.00      0.00 1243816   19032   0.47     132      12      0.00      0.00      0.00       0  |__containerd-shim
05:39:20        0         -      2468    0.00    0.00    0.00    0.00    0.00     1      0.00      0.00 1243816   19032   0.47     132      12      0.00      0.00      0.00       0  |__containerd-shim
05:39:20        0         -      2469    0.00    0.00    0.00    0.50    0.00     1      0.00      0.00 1243816   19032   0.47     132      12      0.00      0.00      0.00       0  |__containerd-shim
05:39:20        0         -      2470    0.00    0.00    0.00    0.00    0.00     1      0.00      0.00 1243816   19032   0.47     132      12      0.00      0.00      0.00       0  |__containerd-shim
05:39:20        0         -      2471    0.00    0.00    0.00    0.00    0.00     1      0.00      0.00 1243816   19032   0.47     132      12      0.00      0.00      0.00       0  |__containerd-shim
05:39:20        0         -      2472    0.00    0.00    0.00    0.00    0.00     1      0.00      0.00 1243816   19032   0.47     132      12      0.00      0.00      0.00       0  |__containerd-shim
05:39:20        0         -      2473    0.00    0.00    0.00    0.00    0.00     1      0.00      0.00 1243816   19032   0.47     132      12      0.00      0.00      0.00       0  |__containerd-shim
05:39:20        0         -      2474    0.00    0.00    0.00    0.00    0.00     0      0.00      0.00 1243816   19032   0.47     132      12      0.00      0.00      0.00       0  |__containerd-shim
05:39:20        0         -      2966    0.00    0.00    0.00    0.00    0.00     1      1.01      0.00 1243816   19032   0.47     132      12      0.00      4.02      4.02       0  |__containerd-shim
05:39:20        0         -      2967    0.50    0.00    0.00    0.00    0.50     1      0.50      0.00 1243816   19032   0.47     132      12      0.00      0.00      0.00       0  |__containerd-shim
05:39:20        0         -      2968    0.00    0.00    0.00    0.50    0.00     1      0.50      0.00 1243816   19032   0.47     132      12      0.00      0.00      0.00       0  |__containerd-shim
05:39:20        0         -     11864    0.00    0.00    0.00    0.00    0.00     1      0.50      0.00 1243816   19032   0.47     132      12      0.00      0.00      0.00       0  |__containerd-shim
05:39:20    65535      2489         -    0.00    0.00    0.00    0.00    0.00     1      0.00      0.00     972     512   0.01     132      12      0.00      0.00      0.00       0  pause
05:39:20    65535         -      2489    0.00    0.00    0.00    0.00    0.00     1      0.00      0.00     972     512   0.01     132      12      0.00      0.00      0.00       0  |__pause
05:39:20        0      2514         -    4.02    2.51    0.00    0.00    6.53     1      0.50      0.00 2073196  760884  18.97     132      16      0.00      0.00      0.00       0  kube-apiserver
05:39:20        0         -      2514    0.00    0.00    0.00    0.00    0.00     1      0.00      0.00 2073196  760884  18.97     132      16      0.00      0.00      0.00       0  |__kube-apiserver
05:39:20        0         -      2526    0.00    1.51    0.00    4.02    1.51     1      0.00      0.00 2073196  760884  18.97     132      16      0.00      0.00      0.00       0  |__kube-apiserver
05:39:20        0         -      2527    0.00    0.00    0.00    0.00    0.00     0      0.00      0.00 2073196  760884  18.97     132      16      0.00      0.00      0.00       0  |__kube-apiserver
05:39:20        0         -      2528    1.01    0.50    0.00    1.51    1.51     1      0.00      0.00 2073196  760884  18.97     132      16      0.00      0.00      0.00       0  |__kube-apiserver
05:39:20        0         -      2529    0.00    0.00    0.00    0.00    0.00     1      0.00      0.00 2073196  760884  18.97     132      16      0.00      0.00      0.00       0  |__kube-apiserver
05:39:20        0         -      2530    0.00    0.00    0.00    0.00    0.00     1      0.00      0.00 2073196  760884  18.97     132      16      0.00      0.00      0.00       0  |__kube-apiserver
05:39:20        0         -      2531    0.00    0.00    0.00    0.50    0.00     0      0.00      0.00 2073196  760884  18.97     132      16      0.00      0.00      0.00       0  |__kube-apiserver
05:39:20        0         -      2532    0.00    0.00    0.00    0.00    0.00     1      0.00      0.00 2073196  760884  18.97     132      16      0.00      0.00      0.00       0  |__kube-apiserver
05:39:20        0         -      2690    1.51    0.50    0.00    2.51    2.01     1      0.50      0.00 2073196  760884  18.97     132      16      0.00      0.00      0.00       0  |__kube-apiserver
05:39:20        0         -      2767    2.01    0.50    0.00    4.02    2.51     1      0.00      0.00 2073196  760884  18.97     132      16      0.00      0.00      0.00       0  |__kube-apiserver
05:39:20        0         -      3840    0.00    0.00    0.00    0.00    0.00     1      0.00      0.00 2073196  760884  18.97     132      16      0.00      0.00      0.00       0  |__kube-apiserver
05:39:20        0      2549         -    0.00    0.00    0.00    0.00    0.00     0      0.00      0.00 1243676   17744   0.44     132      16      0.00      0.00      0.00       0  containerd-shim
05:39:20        0         -      2549    0.00    0.00    0.00    0.00    0.00     0      0.00      0.00 1243676   17744   0.44     132      16      0.00      0.00      0.00       0  |__containerd-shim
05:39:20        0         -      2550    0.00    0.00    0.00    0.00    0.00     1      0.00      0.00 1243676   17744   0.44     132      16      0.00      0.00      0.00       0  |__containerd-shim
05:39:20        0         -      2551    0.00    0.00    0.00    0.00    0.00     1      0.00      0.00 1243676   17744   0.44     132      16      0.00      0.00      0.00       0  |__containerd-shim
05:39:20        0         -      2552    0.00    0.00    0.00    0.00    0.00     0      0.00      0.00 1243676   17744   0.44     132      16      0.00      0.00      0.00       0  |__containerd-shim
05:39:20        0         -      2553    0.00    0.00    0.00    0.00    0.00     0      0.00      0.00 1243676   17744   0.44     132      16      0.00      0.00      0.00       0  |__containerd-shim
05:39:20        0         -      2554    0.00    0.00    0.00    0.00    0.00     1      0.00      0.00 1243676   17744   0.44     132      16      0.00      0.00      0.00       0  |__containerd-shim
05:39:20        0         -      2555    0.00    0.00    0.00    0.00    0.00     1      0.00      0.00 1243676   17744   0.44     132      16      0.00      0.00      0.00       0  |__containerd-shim
05:39:20        0         -      2556    0.00    0.00    0.00    0.00    0.00     0      0.00      0.00 1243676   17744   0.44     132      16      0.00      0.00      0.00       0  |__containerd-shim
05:39:20        0         -      2557    0.00    0.00    0.00    0.00    0.00     0      0.00      0.00 1243676   17744   0.44     132      16      0.00      0.00      0.00       0  |__containerd-shim
05:39:20        0         -      2558    0.00    0.00    0.00    0.00    0.00     1      0.00      0.00 1243676   17744   0.44     132      16      0.00      0.00      0.00       0  |__containerd-shim
05:39:20        0         -      2625    0.00    0.00    0.00    0.00    0.00     0      0.00      0.00 1243676   17744   0.44     132      16      0.00      0.00      0.00       0  |__containerd-shim
05:39:20        0         -      2970    0.00    0.00    0.00    0.00    0.00     0      0.00      0.00 1243676   17744   0.44     132      16      0.00      0.00      0.00       0  |__containerd-shim
05:39:20        0         -     13819    0.00    0.00    0.00    0.00    0.00     1      0.00      0.00 1243676   17744   0.44     132      16      0.00      0.00      0.00       0  |__containerd-shim
05:39:20        0      2563         -    0.00    0.00    0.00    0.00    0.00     0      0.00      0.00 1243676   17772   0.44     132      16      0.00      0.00      0.00       0  containerd-shim
05:39:20        0         -      2563    0.00    0.00    0.00    0.00    0.00     0      0.00      0.00 1243676   17772   0.44     132      16      0.00      0.00      0.00       0  |__containerd-shim
05:39:20        0         -      2566    0.00    0.00    0.00    0.00    0.00     1      0.00      0.00 1243676   17772   0.44     132      16      0.00      0.00      0.00       0  |__containerd-shim
05:39:20        0         -      2567    0.00    0.00    0.00    0.00    0.00     0      0.00      0.00 1243676   17772   0.44     132      16      0.00      0.00      0.00       0  |__containerd-shim
05:39:20        0         -      2568    0.00    0.00    0.00    0.00    0.00     1      0.00      0.00 1243676   17772   0.44     132      16      0.00      0.00      0.00       0  |__containerd-shim
05:39:20        0         -      2569    0.00    0.00    0.00    0.00    0.00     1      0.00      0.00 1243676   17772   0.44     132      16      0.00      0.00      0.00       0  |__containerd-shim
05:39:20        0         -      2570    0.00    0.00    0.00    0.00    0.00     1      0.00      0.00 1243676   17772   0.44     132      16      0.00      0.00      0.00       0  |__containerd-shim
05:39:20        0         -      2582    0.00    0.00    0.00    0.00    0.00     1      0.00      0.00 1243676   17772   0.44     132      16      0.00      0.00      0.00       0  |__containerd-shim
05:39:20        0         -      2583    0.00    0.00    0.00    0.00    0.00     1      0.00      0.00 1243676   17772   0.44     132      16      0.00      0.00      0.00       0  |__containerd-shim
05:39:20        0         -      2584    0.00    0.00    0.00    0.00    0.00     0      0.00      0.00 1243676   17772   0.44     132      16      0.00      0.00      0.00       0  |__containerd-shim
05:39:20        0         -      2585    0.00    0.00    0.00    0.00    0.00     1      0.00      0.00 1243676   17772   0.44     132      16      0.00      0.00      0.00       0  |__containerd-shim
05:39:20        0         -      2620    0.00    0.00    0.00    0.00    0.00     1      0.00      0.00 1243676   17772   0.44     132      16      0.00      0.00      0.00       0  |__containerd-shim
05:39:20        0         -      2965    0.00    0.00    0.00    0.00    0.00     0      0.00      0.00 1243676   17772   0.44     132      16      0.00      0.00      0.00       0  |__containerd-shim
05:39:20        0         -      5391    0.00    0.00    0.00    0.00    0.00     0      0.00      0.00 1243676   17772   0.44     132      16      0.00      0.00      0.00       0  |__containerd-shim
05:39:20    65535      2594         -    0.00    0.00    0.00    0.00    0.00     1      0.00      0.00     972     512   0.01     132      12      0.00      0.00      0.00       0  pause
05:39:20    65535         -      2594    0.00    0.00    0.00    0.00    0.00     1      0.00      0.00     972     512   0.01     132      12      0.00      0.00      0.00       0  |__pause
05:39:20    65535      2606         -    0.00    0.00    0.00    0.00    0.00     1      0.00      0.00     972     512   0.01     132      12      0.00      0.00      0.00       0  pause
05:39:20    65535         -      2606    0.00    0.00    0.00    0.00    0.00     1      0.00      0.00     972     512   0.01     132      12      0.00      0.00      0.00       0  |__pause
05:39:20        0      2645         -    0.50    0.50    0.00    0.50    1.01     0      0.00      0.00 1299860   45824   1.14     132      16      0.00      0.00      0.00       0  kube-scheduler
05:39:20        0         -      2645    0.00    0.00    0.00    0.50    0.00     0      0.00      0.00 1299860   45824   1.14     132      16      0.00      0.00      0.00       0  |__kube-scheduler
05:39:20        0         -      2672    0.00    0.00    0.00    1.01    0.00     0      0.00      0.00 1299860   45824   1.14     132      16      0.00      0.00      0.00       0  |__kube-scheduler
05:39:20        0         -      2673    0.00    0.00    0.00    0.50    0.00     1      0.00      0.00 1299860   45824   1.14     132      16      0.00      0.00      0.00       0  |__kube-scheduler
05:39:20        0         -      2674    0.00    0.00    0.00    0.00    0.00     1      0.00      0.00 1299860   45824   1.14     132      16      0.00      0.00      0.00       0  |__kube-scheduler
05:39:20        0         -      2675    0.00    0.00    0.00    0.00    0.00     1      0.00      0.00 1299860   45824   1.14     132      16      0.00      0.00      0.00       0  |__kube-scheduler
05:39:20        0         -      2681    0.00    0.00    0.00    0.00    0.00     1      0.00      0.00 1299860   45824   1.14     132      16      0.00      0.00      0.00       0  |__kube-scheduler
05:39:20        0         -      2686    0.00    0.00    0.00    0.00    0.00     0      0.00      0.00 1299860   45824   1.14     132      16      0.00      0.00      0.00       0  |__kube-scheduler
05:39:20        0         -      2687    0.00    0.00    0.00    0.00    0.00     0      0.00      0.00 1299860   45824   1.14     132      16      0.00      0.00      0.00       0  |__kube-scheduler
05:39:20        0         -      8556    0.00    0.00    0.00    0.50    0.00     0      0.00      0.00 1299860   45824   1.14     132      16      0.00      0.00      0.00       0  |__kube-scheduler
05:39:20        0      2657         -    1.01    0.50    0.00    1.01    1.51     0      0.00      0.00 1387092  106524   2.66     132      20      0.00      0.00      0.00       0  kube-controller
05:39:20        0         -      2657    0.50    0.00    0.00    1.01    0.50     0      0.00      0.00 1387092  106524   2.66     132      20      0.00      0.00      0.00       0  |__kube-controller
05:39:20        0         -      2682    0.00    0.50    0.00    1.51    0.50     1      0.00      0.00 1387092  106524   2.66     132      20      0.00      0.00      0.00       0  |__kube-controller
05:39:20        0         -      2683    0.00    0.00    0.00    0.00    0.00     1      0.00      0.00 1387092  106524   2.66     132      20      0.00      0.00      0.00       0  |__kube-controller
05:39:20        0         -      2684    0.50    0.00    0.00    0.50    0.50     0      0.00      0.00 1387092  106524   2.66     132      20      0.00      0.00      0.00       0  |__kube-controller
05:39:20        0         -      2685    0.00    0.00    0.00    0.00    0.00     1      0.00      0.00 1387092  106524   2.66     132      20      0.00      0.00      0.00       0  |__kube-controller
05:39:20        0         -      2688    0.50    0.00    0.00    1.01    0.50     1      0.00      0.00 1387092  106524   2.66     132      20      0.00      0.00      0.00       0  |__kube-controller
05:39:20        0         -      2689    0.00    0.00    0.00    0.00    0.00     1      0.00      0.00 1387092  106524   2.66     132      20      0.00      0.00      0.00       0  |__kube-controller
05:39:20        0      2699         -    0.00    0.00    0.00    0.00    0.00     0      0.00      0.00 1243740   17792   0.44     132      16      0.00      0.00      0.00       0  containerd-shim
05:39:20        0         -      2699    0.00    0.00    0.00    0.00    0.00     0      0.00      0.00 1243740   17792   0.44     132      16      0.00      0.00      0.00       0  |__containerd-shim
05:39:20        0         -      2701    0.00    0.00    0.00    0.00    0.00     1      0.00      0.00 1243740   17792   0.44     132      16      0.00      0.00      0.00       0  |__containerd-shim
05:39:20        0         -      2702    0.00    0.00    0.00    0.00    0.00     1      0.00      0.00 1243740   17792   0.44     132      16      0.00      0.00      0.00       0  |__containerd-shim
05:39:20        0         -      2703    0.00    0.00    0.00    0.00    0.00     0      0.00      0.00 1243740   17792   0.44     132      16      0.00      0.00      0.00       0  |__containerd-shim
05:39:20        0         -      2704    0.00    0.00    0.00    0.00    0.00     1      0.00      0.00 1243740   17792   0.44     132      16      0.00      0.00      0.00       0  |__containerd-shim
05:39:20        0         -      2705    0.00    0.00    0.00    0.00    0.00     0      0.00      0.00 1243740   17792   0.44     132      16      0.00      0.00      0.00       0  |__containerd-shim
05:39:20        0         -      2706    0.00    0.00    0.00    0.00    0.00     1      0.00      0.00 1243740   17792   0.44     132      16      0.00      0.00      0.00       0  |__containerd-shim
05:39:20        0         -      2707    0.00    0.00    0.00    0.00    0.00     0      0.00      0.00 1243740   17792   0.44     132      16      0.00      0.00      0.00       0  |__containerd-shim
05:39:20        0         -      2708    0.00    0.00    0.00    0.00    0.00     1      0.00      0.00 1243740   17792   0.44     132      16      0.00      0.00      0.00       0  |__containerd-shim
05:39:20        0         -      2728    0.00    0.00    0.00    0.00    0.00     0      0.00      0.00 1243740   17792   0.44     132      16      0.00      0.00      0.00       0  |__containerd-shim
05:39:20        0         -      2760    0.00    0.00    0.00    0.00    0.00     1      0.00      0.00 1243740   17792   0.44     132      16      0.00      0.00      0.00       0  |__containerd-shim
05:39:20        0         -      2976    0.00    0.00    0.00    0.00    0.00     1      0.00      0.00 1243740   17792   0.44     132      16      0.00      0.00      0.00       0  |__containerd-shim
05:39:20        0         -     10082    0.00    0.00    0.00    0.00    0.00     0      0.00      0.00 1243740   17792   0.44     132      16      0.00      0.00      0.00       0  |__containerd-shim
05:39:20    65535      2722         -    0.00    0.00    0.00    0.00    0.00     0      0.00      0.00     972     512   0.01     132      12      0.00      0.00      0.00       0  pause
05:39:20    65535         -      2722    0.00    0.00    0.00    0.00    0.00     0      0.00      0.00     972     512   0.01     132      12      0.00      0.00      0.00       0  |__pause
05:39:20        0      2746         -    0.00    0.00    0.00    0.00    0.00     0      0.00      0.00 1307632   31980   0.80     132      16      0.00      0.00      0.00       0  cloud-controlle
05:39:20        0         -      2746    0.00    0.00    0.00    0.00    0.00     0      0.00      0.00 1307632   31980   0.80     132      16      0.00      0.00      0.00       0  |__cloud-controlle
05:39:20        0         -      2761    0.00    0.00    0.00    0.50    0.00     1      0.00      0.00 1307632   31980   0.80     132      16      0.00      0.00      0.00       0  |__cloud-controlle
05:39:20        0         -      2762    0.00    0.00    0.00    0.00    0.00     0      0.00      0.00 1307632   31980   0.80     132      16      0.00      0.00      0.00       0  |__cloud-controlle
05:39:20        0         -      2763    0.00    0.00    0.00    0.50    0.00     1      0.00      0.00 1307632   31980   0.80     132      16      0.00      0.00      0.00       0  |__cloud-controlle
05:39:20        0         -      2764    0.00    0.00    0.00    0.00    0.00     0      0.00      0.00 1307632   31980   0.80     132      16      0.00      0.00      0.00       0  |__cloud-controlle
05:39:20        0         -      2765    0.00    0.00    0.00    0.00    0.00     1      0.00      0.00 1307632   31980   0.80     132      16      0.00      0.00      0.00       0  |__cloud-controlle
05:39:20        0         -      2766    0.00    0.00    0.00    0.00    0.00     0      0.00      0.00 1307632   31980   0.80     132      16      0.00      0.00      0.00       0  |__cloud-controlle
05:39:20        0      3719         -    0.00    0.00    0.00    0.00    0.00     1      0.00      0.00 1243164   17600   0.44     132       8      0.00      0.00      0.00       0  containerd-shim
05:39:20        0         -      3719    0.00    0.00    0.00    0.00    0.00     1      0.00      0.00 1243164   17600   0.44     132       8      0.00      0.00      0.00       0  |__containerd-shim
05:39:20        0         -      3720    0.00    0.00    0.00    0.00    0.00     0      0.00      0.00 1243164   17600   0.44     132       8      0.00      0.00      0.00       0  |__containerd-shim
05:39:20        0         -      3721    0.00    0.00    0.00    0.00    0.00     0      0.00      0.00 1243164   17600   0.44     132       8      0.00      0.00      0.00       0  |__containerd-shim
05:39:20        0         -      3722    0.00    0.00    0.00    0.00    0.00     1      0.00      0.00 1243164   17600   0.44     132       8      0.00      0.00      0.00       0  |__containerd-shim
05:39:20        0         -      3723    0.00    0.00    0.00    0.00    0.00     0      0.00      0.00 1243164   17600   0.44     132       8      0.00      0.00      0.00       0  |__containerd-shim
05:39:20        0         -      3724    0.00    0.00    0.00    0.00    0.00     0      0.00      0.00 1243164   17600   0.44     132       8      0.00      0.00      0.00       0  |__containerd-shim
05:39:20        0         -      3725    0.00    0.00    0.00    0.00    0.00     1      0.00      0.00 1243164   17600   0.44     132       8      0.00      0.00      0.00       0  |__containerd-shim
05:39:20        0         -      3726    0.00    0.00    0.00    0.00    0.00     0      0.00      0.00 1243164   17600   0.44     132       8      0.00      0.00      0.00       0  |__containerd-shim
05:39:20        0         -      3727    0.00    0.00    0.00    0.00    0.00     1      0.00      0.00 1243164   17600   0.44     132       8      0.00      0.00      0.00       0  |__containerd-shim
05:39:20        0         -      3728    0.00    0.00    0.00    0.00    0.00     0      0.00      0.00 1243164   17600   0.44     132       8      0.00      0.00      0.00       0  |__containerd-shim
05:39:20        0         -      3888    0.00    0.00    0.00    0.00    0.00     0      0.00      0.00 1243164   17600   0.44     132       8      0.00      0.00      0.00       0  |__containerd-shim
05:39:20        0         -      4277    0.00    0.00    0.00    0.00    0.00     0      0.00      0.00 1243164   17600   0.44     132       8      0.00      0.00      0.00       0  |__containerd-shim
05:39:20        0         -      4278    0.00    0.00    0.00    0.00    0.00     1      0.00      0.00 1243164   17600   0.44     132       8      0.00      0.00      0.00       0  |__containerd-shim
05:39:20    65535      3743         -    0.00    0.00    0.00    0.00    0.00     0      0.00      0.00     972     512   0.01     132      12      0.00      0.00      0.00       0  pause
05:39:20    65535         -      3743    0.00    0.00    0.00    0.00    0.00     0      0.00      0.00     972     512   0.01     132      12      0.00      0.00      0.00       0  |__pause
05:39:20    10001      3874         -    0.00    0.00    0.00    0.00    0.00     1      0.00      0.00 1903772   56448   1.41     132      16      0.00      0.00      0.00       0  operator
05:39:20    10001         -      3874    0.00    0.00    0.00    0.00    0.00     1      0.00      0.00 1903772   56448   1.41     132      16      0.00      0.00      0.00       0  |__operator
05:39:20    10001         -      3889    0.00    0.00    0.00    0.50    0.00     1      0.00      0.00 1903772   56448   1.41     132      16      0.00      0.00      0.00       0  |__operator
05:39:20    10001         -      3890    0.00    0.00    0.00    0.50    0.00     0      0.00      0.00 1903772   56448   1.41     132      16      0.00      0.00      0.00       0  |__operator
05:39:20    10001         -      3891    0.00    0.00    0.00    0.00    0.00     1      0.00      0.00 1903772   56448   1.41     132      16      0.00      0.00      0.00       0  |__operator
05:39:20    10001         -      3892    0.00    0.00    0.00    0.00    0.00     0      0.00      0.00 1903772   56448   1.41     132      16      0.00      0.00      0.00       0  |__operator
05:39:20    10001         -      3893    0.00    0.00    0.00    0.00    0.00     0      0.00      0.00 1903772   56448   1.41     132      16      0.00      0.00      0.00       0  |__operator
05:39:20    10001         -      3894    0.50    0.00    0.00    0.50    0.50     0      0.00      0.00 1903772   56448   1.41     132      16      0.00      0.00      0.00       0  |__operator
05:39:20    10001         -      3895    0.00    0.00    0.00    0.00    0.00     0      0.00      0.00 1903772   56448   1.41     132      16      0.00      0.00      0.00       0  |__operator
05:39:20    10001         -      3896    0.00    0.00    0.00    0.00    0.00     1      0.00      0.00 1903772   56448   1.41     132      16      0.00      0.00      0.00       0  |__operator
05:39:20        0      3914         -    0.50    0.00    0.00    0.00    0.50     1      0.00      0.00 1243420   18380   0.46     132      12      0.00      0.00      0.00       0  containerd-shim
05:39:20        0         -      3914    0.00    0.00    0.00    0.00    0.00     1      0.00      0.00 1243420   18380   0.46     132      12      0.00      0.00      0.00       0  |__containerd-shim
05:39:20        0         -      3915    0.00    0.00    0.00    0.00    0.00     0      0.00      0.00 1243420   18380   0.46     132      12      0.00      0.00      0.00       0  |__containerd-shim
05:39:20        0         -      3916    0.00    0.00    0.00    0.00    0.00     1      0.00      0.00 1243420   18380   0.46     132      12      0.00      0.00      0.00       0  |__containerd-shim
05:39:20        0         -      3917    0.00    0.00    0.00    0.00    0.00     1      0.00      0.00 1243420   18380   0.46     132      12      0.00      0.00      0.00       0  |__containerd-shim
05:39:20        0         -      3918    0.00    0.00    0.00    0.00    0.00     1      0.00      0.00 1243420   18380   0.46     132      12      0.00      0.00      0.00       0  |__containerd-shim
05:39:20        0         -      3919    0.00    0.00    0.00    0.00    0.00     0      0.00      0.00 1243420   18380   0.46     132      12      0.00      0.00      0.00       0  |__containerd-shim
05:39:20        0         -      3920    0.00    0.00    0.00    0.00    0.00     1      0.00      0.00 1243420   18380   0.46     132      12      0.00      0.00      0.00       0  |__containerd-shim
05:39:20        0         -      3921    0.00    0.00    0.00    0.50    0.00     1      0.00      0.00 1243420   18380   0.46     132      12      0.00      0.00      0.00       0  |__containerd-shim
05:39:20        0         -      3922    0.00    0.00    0.00    0.00    0.00     1      0.00      0.00 1243420   18380   0.46     132      12      0.00      0.00      0.00       0  |__containerd-shim
05:39:20        0         -      3923    0.00    0.00    0.00    0.00    0.00     0      0.00      0.00 1243420   18380   0.46     132      12      0.00      0.00      0.00       0  |__containerd-shim
05:39:20        0         -      4106    0.50    0.00    0.00    0.50    0.50     0      0.00      0.00 1243420   18380   0.46     132      12      0.00      0.00      0.00       0  |__containerd-shim
05:39:20        0         -      4107    0.00    0.00    0.00    0.00    0.00     0      0.00      0.00 1243420   18380   0.46     132      12      0.00      0.00      0.00       0  |__containerd-shim
05:39:20        0         -      6822    0.00    0.00    0.00    0.00    0.00     1      0.00      0.00 1243420   18380   0.46     132      12      0.00      0.00      0.00       0  |__containerd-shim
05:39:20    65535      3938         -    0.00    0.00    0.00    0.00    0.00     0      0.00      0.00     972     512   0.01     132      12      0.00      0.00      0.00       0  pause
05:39:20    65535         -      3938    0.00    0.00    0.00    0.00    0.00     0      0.00      0.00     972     512   0.01     132      12      0.00      0.00      0.00       0  |__pause
05:39:20        0      4418         -    0.00    0.00    0.00    0.00    0.00     1      0.00      0.00    4480    1152   0.03     132      12      0.00      0.00      0.00       0  runsvdir
05:39:20        0         -      4418    0.00    0.00    0.00    0.00    0.00     1      0.00      0.00    4480    1152   0.03     132      12      0.00      0.00      0.00       0  |__runsvdir
05:39:20        0      4530         -    0.50    0.00    0.00    0.00    0.50     0      4.02      0.00 1243420   17644   0.44     132      16      0.00      0.00      0.00       0  containerd-shim
05:39:20        0         -      4530    0.00    0.00    0.00    0.00    0.00     0      0.00      0.00 1243420   17644   0.44     132      16      0.00      0.00      0.00       0  |__containerd-shim
05:39:20        0         -      4533    0.00    0.00    0.00    0.00    0.00     1      0.00      0.00 1243420   17644   0.44     132      16      0.00      0.00      0.00       0  |__containerd-shim
05:39:20        0         -      4534    0.00    0.00    0.00    0.00    0.00     0      0.00      0.00 1243420   17644   0.44     132      16      0.00      0.00      0.00       0  |__containerd-shim
05:39:20        0         -      4535    0.00    0.00    0.00    0.00    0.00     1      0.00      0.00 1243420   17644   0.44     132      16      0.00      0.00      0.00       0  |__containerd-shim
05:39:20        0         -      4536    0.00    0.00    0.00    0.00    0.00     1      0.00      0.00 1243420   17644   0.44     132      16      0.00      0.00      0.00       0  |__containerd-shim
05:39:20        0         -      4537    0.00    0.00    0.00    0.00    0.00     0      0.00      0.00 1243420   17644   0.44     132      16      0.00      0.00      0.00       0  |__containerd-shim
05:39:20        0         -      4539    0.00    0.00    0.00    0.00    0.00     0      0.00      0.00 1243420   17644   0.44     132      16      0.00      0.00      0.00       0  |__containerd-shim
05:39:20        0         -      4540    0.00    0.00    0.00    0.00    0.00     0      0.00      0.00 1243420   17644   0.44     132      16      0.00      0.00      0.00       0  |__containerd-shim
05:39:20        0         -      4541    0.00    0.00    0.00    0.00    0.00     0      0.00      0.00 1243420   17644   0.44     132      16      0.00      0.00      0.00       0  |__containerd-shim
05:39:20        0         -      4543    0.00    0.00    0.00    0.00    0.00     0      0.00      0.00 1243420   17644   0.44     132      16      0.00      0.00      0.00       0  |__containerd-shim
05:39:20        0         -      4610    0.00    0.00    0.00    0.00    0.00     0      4.02      0.00 1243420   17644   0.44     132      16      0.00      0.00      0.00       0  |__containerd-shim
05:39:20        0         -      5674    0.00    0.00    0.00    0.00    0.00     0      0.00      0.00 1243420   17644   0.44     132      16      0.00      0.00      0.00       0  |__containerd-shim
05:39:20        0         -      6826    0.00    0.00    0.00    0.00    0.00     1      0.00      0.00 1243420   17644   0.44     132      16      0.00      0.00      0.00       0  |__containerd-shim
05:39:20    65535      4574         -    0.00    0.00    0.00    0.00    0.00     0      0.00      0.00     972     512   0.01     132      12      0.00      0.00      0.00       0  pause
05:39:20    65535         -      4574    0.00    0.00    0.00    0.00    0.00     0      0.00      0.00     972     512   0.01     132      12      0.00      0.00      0.00       0  |__pause
05:39:20        0      4698         -    0.00    0.00    0.00    0.00    0.00     0      0.00      0.00    4328    1152   0.03     132      12      0.00      0.00      0.00       0  runsv
05:39:20        0         -      4698    0.00    0.00    0.00    0.00    0.00     0      0.00      0.00    4328    1152   0.03     132      12      0.00      0.00      0.00       0  |__runsv
05:39:20        0      4699         -    0.00    0.00    0.00    0.00    0.00     1      0.00      0.00    4328    1152   0.03     132      12      0.00      0.00      0.00       0  runsv
05:39:20        0         -      4699    0.00    0.00    0.00    0.00    0.00     1      0.00      0.00    4328    1152   0.03     132      12      0.00      0.00      0.00       0  |__runsv
05:39:20        0      4700         -    0.00    0.00    0.00    0.00    0.00     0      0.00      0.00    4328    1152   0.03     132      16      0.00      0.00      0.00       0  runsv
05:39:20        0         -      4700    0.00    0.00    0.00    0.00    0.00     0      0.00      0.00    4328    1152   0.03     132      16      0.00      0.00      0.00       0  |__runsv
05:39:20        0      4701         -    0.00    0.00    0.00    0.00    0.00     0      0.00      0.00    4328    1152   0.03     132      12      0.00      0.00      0.00       0  runsv
05:39:20        0         -      4701    0.00    0.00    0.00    0.00    0.00     0      0.00      0.00    4328    1152   0.03     132      12      0.00      0.00      0.00       0  |__runsv
05:39:20        0      4702         -    0.00    0.00    0.00    0.00    0.00     0      0.00      0.00    4328    1152   0.03     132      12      0.00      0.00      0.00       0  runsv
05:39:20        0         -      4702    0.00    0.00    0.00    0.00    0.00     0      0.00      0.00    4328    1152   0.03     132      12      0.00      0.00      0.00       0  |__runsv
05:39:20        0      4703         -    0.00    0.00    0.00    0.00    0.00     1      0.00      0.00    4328    1152   0.03     132      16      0.00      0.00      0.00       0  runsv
05:39:20        0         -      4703    0.00    0.00    0.00    0.00    0.00     1      0.00      0.00    4328    1152   0.03     132      16      0.00      0.00      0.00       0  |__runsv
05:39:20        0      4704         -    0.00    0.00    0.00    0.00    0.00     1      0.00      0.00    4472    1152   0.03     132      12      0.00      0.00      0.00       0  svlogd
05:39:20        0         -      4704    0.00    0.00    0.00    0.00    0.00     1      0.00      0.00    4472    1152   0.03     132      12      0.00      0.00      0.00       0  |__svlogd
05:39:20        0      4705         -    0.00    0.00    0.00    0.00    0.00     1      0.00      0.00 1753800   53112   1.32     132      16      0.00      0.00      0.00       0  calico-node
05:39:20        0         -      4705    0.00    0.00    0.00    0.00    0.00     1      0.00      0.00 1753800   53112   1.32     132      16      0.00      0.00      0.00       0  |__calico-node
05:39:20        0         -      4747    0.00    0.00    0.00    0.00    0.00     0      0.00      0.00 1753800   53112   1.32     132      16      0.00      0.00      0.00       0  |__calico-node
05:39:20        0         -      4748    0.00    0.00    0.00    0.00    0.00     1      0.00      0.00 1753800   53112   1.32     132      16      0.00      0.00      0.00       0  |__calico-node
05:39:20        0         -      4749    0.00    0.00    0.00    0.00    0.00     0      0.00      0.00 1753800   53112   1.32     132      16      0.00      0.00      0.00       0  |__calico-node
05:39:20        0         -      4750    0.00    0.00    0.00    0.00    0.00     0      0.00      0.00 1753800   53112   1.32     132      16      0.00      0.00      0.00       0  |__calico-node
05:39:20        0         -      4765    0.00    0.00    0.00    0.00    0.00     1      0.00      0.00 1753800   53112   1.32     132      16      0.00      0.00      0.00       0  |__calico-node
05:39:20        0      4706         -    0.00    0.00    0.00    0.00    0.00     0      0.00      0.00   12004    1792   0.04     132      12      0.00      0.00      0.00       0  run
05:39:20        0         -      4706    0.00    0.00    0.00    0.00    0.00     0      0.00      0.00   12004    1792   0.04     132      12      0.00      0.00      0.00       0  |__run
05:39:20        0      4707         -    0.00    0.00    0.00    0.00    0.00     0      0.00      0.00   12004    1792   0.04     132      12      0.00      0.00      0.00       0  run
05:39:20        0         -      4707    0.00    0.00    0.00    0.00    0.00     0      0.00      0.00   12004    1792   0.04     132      12      0.00      0.00      0.00       0  |__run
05:39:20        0      4709         -    0.00    0.00    0.00    0.00    0.00     1      0.00      0.00   12004    1920   0.05     132      12      0.00      0.00      0.00       0  run
05:39:20        0         -      4709    0.00    0.00    0.00    0.00    0.00     1      0.00      0.00   12004    1920   0.05     132      12      0.00      0.00      0.00       0  |__run
05:39:20        0      4710         -    0.00    0.00    0.00    0.00    0.00     1      0.00      0.00 1827276   47596   1.19     132      16      0.00      0.00      0.00       0  calico-node
05:39:20        0         -      4710    0.00    0.00    0.00    0.00    0.00     1      0.00      0.00 1827276   47596   1.19     132      16      0.00      0.00      0.00       0  |__calico-node
05:39:20        0         -      4753    0.00    0.00    0.00    0.00    0.00     1      0.00      0.00 1827276   47596   1.19     132      16      0.00      0.00      0.00       0  |__calico-node
05:39:20        0         -      4754    0.00    0.00    0.00    0.00    0.00     0      0.00      0.00 1827276   47596   1.19     132      16      0.00      0.00      0.00       0  |__calico-node
05:39:20        0         -      4755    0.00    0.00    0.00    0.00    0.00     1      0.00      0.00 1827276   47596   1.19     132      16      0.00      0.00      0.00       0  |__calico-node
05:39:20        0         -      4759    0.00    0.00    0.00    0.00    0.00     1      0.00      0.00 1827276   47596   1.19     132      16      0.00      0.00      0.00       0  |__calico-node
05:39:20        0         -      4761    0.00    0.00    0.00    0.00    0.00     1      0.00      0.00 1827276   47596   1.19     132      16      0.00      0.00      0.00       0  |__calico-node
05:39:20        0         -      4763    0.00    0.00    0.00    0.00    0.00     1      0.00      0.00 1827276   47596   1.19     132      16      0.00      0.00      0.00       0  |__calico-node
05:39:20        0      4711         -    0.00    0.00    0.00    0.00    0.00     1      0.00      0.00   12004    1920   0.05     132      16      0.00      0.00      0.00       0  run
05:39:20        0         -      4711    0.00    0.00    0.00    0.00    0.00     1      0.00      0.00   12004    1920   0.05     132      16      0.00      0.00      0.00       0  |__run
05:39:20        0      4713         -    0.00    0.00    0.00    0.00    0.00     1      0.00      0.00 1827532   48240   1.20     132      20      0.00      0.00      0.00       0  calico-node
05:39:20        0         -      4713    0.00    0.00    0.00    0.00    0.00     1      0.00      0.00 1827532   48240   1.20     132      20      0.00      0.00      0.00       0  |__calico-node
05:39:20        0         -      4731    0.00    0.00    0.00    0.00    0.00     1      0.00      0.00 1827532   48240   1.20     132      20      0.00      0.00      0.00       0  |__calico-node
05:39:20        0         -      4732    0.00    0.00    0.00    0.00    0.00     1      0.00      0.00 1827532   48240   1.20     132      20      0.00      0.00      0.00       0  |__calico-node
05:39:20        0         -      4733    0.00    0.00    0.00    0.00    0.00     0      0.00      0.00 1827532   48240   1.20     132      20      0.00      0.00      0.00       0  |__calico-node
05:39:20        0         -      4734    0.00    0.00    0.00    0.00    0.00     0      0.00      0.00 1827532   48240   1.20     132      20      0.00      0.00      0.00       0  |__calico-node
05:39:20        0         -      4762    0.00    0.00    0.00    0.00    0.00     1      0.00      0.00 1827532   48240   1.20     132      20      0.00      0.00      0.00       0  |__calico-node
05:39:20        0         -      4764    0.00    0.00    0.00    0.00    0.00     1      0.00      0.00 1827532   48240   1.20     132      20      0.00      0.00      0.00       0  |__calico-node
05:39:20        0      4736         -    0.00    0.00    0.00    0.00    0.00     0      0.00      0.00   12004     912   0.02     132      12      0.00      0.00      0.00       0  run
05:39:20        0         -      4736    0.00    0.00    0.00    0.00    0.00     0      0.00      0.00   12004     912   0.02     132      12      0.00      0.00      0.00       0  |__run
05:39:20        0      4737         -    0.00    0.00    0.00    0.00    0.00     0      0.00      0.00   23148    1920   0.05     132      16      0.00      0.00      0.00       0  tee
05:39:20        0         -      4737    0.00    0.00    0.00    0.00    0.00     0      0.00      0.00   23148    1920   0.05     132      16      0.00      0.00      0.00       0  |__tee
05:39:20        0      4738         -    0.00    0.00    0.00    0.00    0.00     0      0.00      0.00    4472    1024   0.03     132      12      0.00      0.00      0.00       0  svlogd
05:39:20        0         -      4738    0.00    0.00    0.00    0.00    0.00     0      0.00      0.00    4472    1024   0.03     132      12      0.00      0.00      0.00       0  |__svlogd
05:39:20        0      4739         -    0.00    0.00    0.00    0.00    0.00     1      0.00      0.00   12004    1040   0.03     132      12      0.00      0.00      0.00       0  run
05:39:20        0         -      4739    0.00    0.00    0.00    0.00    0.00     1      0.00      0.00   12004    1040   0.03     132      12      0.00      0.00      0.00       0  |__run
05:39:20        0      4740         -    0.00    0.00    0.00    0.00    0.00     0      0.00      0.00   23148    1536   0.04     132      16      0.00      0.00      0.00       0  tee
05:39:20        0         -      4740    0.00    0.00    0.00    0.00    0.00     0      0.00      0.00   23148    1536   0.04     132      16      0.00      0.00      0.00       0  |__tee
05:39:20        0      4741         -    0.00    0.00    0.00    0.00    0.00     1      0.00      0.00    4472    1152   0.03     132      12      0.00      0.00      0.00       0  svlogd
05:39:20        0         -      4741    0.00    0.00    0.00    0.00    0.00     1      0.00      0.00    4472    1152   0.03     132      12      0.00      0.00      0.00       0  |__svlogd
05:39:20        0      4742         -    0.00    0.00    0.00    0.00    0.00     1      0.00      0.00   12004    1040   0.03     132      12      0.00      0.00      0.00       0  run
05:39:20        0         -      4742    0.00    0.00    0.00    0.00    0.00     1      0.00      0.00   12004    1040   0.03     132      12      0.00      0.00      0.00       0  |__run
05:39:20        0      4743         -    0.00    0.00    0.00    0.00    0.00     1      0.00      0.00   23148    1664   0.04     132      20      0.00      0.00      0.00       0  tee
05:39:20        0         -      4743    0.00    0.00    0.00    0.00    0.00     1      0.00      0.00   23148    1664   0.04     132      20      0.00      0.00      0.00       0  |__tee
05:39:20        0      4744         -    0.00    0.00    0.00    0.00    0.00     1      0.00      0.00   12004    1040   0.03     132      12      0.00      0.00      0.00       0  run
05:39:20        0         -      4744    0.00    0.00    0.00    0.00    0.00     1      0.00      0.00   12004    1040   0.03     132      12      0.00      0.00      0.00       0  |__run
05:39:20        0      4745         -    0.00    0.00    0.00    0.00    0.00     0      0.00      0.00   23148    1792   0.04     132      16      0.00      0.00      0.00       0  tee
05:39:20        0         -      4745    0.00    0.00    0.00    0.00    0.00     0      0.00      0.00   23148    1792   0.04     132      16      0.00      0.00      0.00       0  |__tee
05:39:20        0      4746         -    0.00    0.00    0.00    0.00    0.00     0      0.00      0.00    4472    1152   0.03     132      16      0.00      0.00      0.00       0  svlogd
05:39:20        0         -      4746    0.00    0.00    0.00    0.00    0.00     0      0.00      0.00    4472    1152   0.03     132      16      0.00      0.00      0.00       0  |__svlogd
05:39:20        0      4751         -    0.00    0.00    0.00    0.00    0.00     0      0.00      0.00    4472    1152   0.03     132      12      0.00      0.00      0.00       0  svlogd
05:39:20        0         -      4751    0.00    0.00    0.00    0.00    0.00     0      0.00      0.00    4472    1152   0.03     132      12      0.00      0.00      0.00       0  |__svlogd
05:39:20    10001      4865         -    0.00    0.00    0.00    0.00    0.00     0      0.00      0.00 1285120   41532   1.04     132      16      0.00      0.00      0.00       0  calico-typha
05:39:20    10001         -      4865    0.00    0.00    0.00    0.00    0.00     0      0.00      0.00 1285120   41532   1.04     132      16      0.00      0.00      0.00       0  |__calico-typha
05:39:20    10001         -      4877    0.00    0.00    0.00    0.00    0.00     0      0.00      0.00 1285120   41532   1.04     132      16      0.00      0.00      0.00       0  |__calico-typha
05:39:20    10001         -      4878    0.00    0.00    0.00    0.00    0.00     1      0.00      0.00 1285120   41532   1.04     132      16      0.00      0.00      0.00       0  |__calico-typha
05:39:20    10001         -      4879    0.00    0.00    0.00    0.50    0.00     0      0.00      0.00 1285120   41532   1.04     132      16      0.00      0.00      0.00       0  |__calico-typha
05:39:20    10001         -      4880    0.00    0.00    0.00    0.00    0.00     1      0.00      0.00 1285120   41532   1.04     132      16      0.00      0.00      0.00       0  |__calico-typha
05:39:20    10001         -      4881    0.00    0.50    0.00    0.50    0.50     1      0.00      0.00 1285120   41532   1.04     132      16      0.00      0.00      0.00       0  |__calico-typha
05:39:20    10001         -      4882    0.00    0.00    0.00    0.00    0.00     0      0.00      0.00 1285120   41532   1.04     132      16      0.00      0.00      0.00       0  |__calico-typha
05:39:20    10001         -      4883    0.00    0.00    0.00    0.00    0.00     0      0.00      0.00 1285120   41532   1.04     132      16      0.00      0.00      0.00       0  |__calico-typha
05:39:20    10001         -     10535    0.00    0.00    0.00    0.00    0.00     0      0.00      0.00 1285120   41532   1.04     132      16      0.00      0.00      0.00       0  |__calico-typha
05:39:20        0      4899         -    1.01    0.50    0.00    0.00    1.51     1      0.00      0.00 2049240   67320   1.68     132      16      0.00      0.00      0.00       0  calico-node
05:39:20        0         -      4899    0.00    0.00    0.00    0.00    0.00     1      0.00      0.00 2049240   67320   1.68     132      16      0.00      0.00      0.00       0  |__calico-node
05:39:20        0         -      4900    0.00    0.00    0.00    2.51    0.00     0      0.00      0.00 2049240   67320   1.68     132      16      0.00      0.00      0.00       0  |__calico-node
05:39:20        0         -      4901    0.00    0.00    0.00    0.00    0.00     0      0.00      0.00 2049240   67320   1.68     132      16      0.00      0.00      0.00       0  |__calico-node
05:39:20        0         -      4902    0.00    0.00    0.00    0.00    0.00     1      0.00      0.00 2049240   67320   1.68     132      16      0.00      0.00      0.00       0  |__calico-node
05:39:20        0         -      4903    0.00    0.00    0.00    0.00    0.00     1      0.00      0.00 2049240   67320   1.68     132      16      0.00      0.00      0.00       0  |__calico-node
05:39:20        0         -      4904    0.50    0.50    0.00    3.02    1.01     0      0.00      0.00 2049240   67320   1.68     132      16      0.00      0.00      0.00       0  |__calico-node
05:39:20        0         -      4941    0.00    0.00    0.00    0.00    0.00     0      0.00      0.00 2049240   67320   1.68     132      16      0.00      0.00      0.00       0  |__calico-node
05:39:20        0         -      4945    0.50    0.00    0.00    1.51    0.50     0      0.00      0.00 2049240   67320   1.68     132      16      0.00      0.00      0.00       0  |__calico-node
05:39:20        0         -      4946    0.00    0.00    0.00    0.00    0.00     1      0.00      0.00 2049240   67320   1.68     132      16      0.00      0.00      0.00       0  |__calico-node
05:39:20        0         -      4947    0.00    0.50    0.00    1.51    0.50     0      0.00      0.00 2049240   67320   1.68     132      16      0.00      0.00      0.00       0  |__calico-node
05:39:20        0      4916         -    0.00    0.00    0.00    0.00    0.00     1      0.00      0.00 1753800   49408   1.23     132      12      0.00      0.00      0.00       0  calico-node
05:39:20        0         -      4916    0.00    0.00    0.00    0.00    0.00     1      0.00      0.00 1753800   49408   1.23     132      12      0.00      0.00      0.00       0  |__calico-node
05:39:20        0         -      4918    0.00    0.00    0.00    0.00    0.00     0      0.00      0.00 1753800   49408   1.23     132      12      0.00      0.00      0.00       0  |__calico-node
05:39:20        0         -      4919    0.00    0.00    0.00    0.00    0.00     1      0.00      0.00 1753800   49408   1.23     132      12      0.00      0.00      0.00       0  |__calico-node
05:39:20        0         -      4920    0.00    0.00    0.00    0.00    0.00     1      0.00      0.00 1753800   49408   1.23     132      12      0.00      0.00      0.00       0  |__calico-node
05:39:20        0         -      4921    0.00    0.00    0.00    0.00    0.00     1      0.00      0.00 1753800   49408   1.23     132      12      0.00      0.00      0.00       0  |__calico-node
05:39:20        0         -      4927    0.00    0.00    0.00    0.00    0.00     0      0.00      0.00 1753800   49408   1.23     132      12      0.00      0.00      0.00       0  |__calico-node
05:39:20        0      4917         -    0.00    0.00    0.00    0.00    0.00     0      0.00      0.00 1753800   50168   1.25     132      12      0.00      0.00      0.00       0  calico-node
05:39:20        0         -      4917    0.00    0.00    0.00    0.00    0.00     0      0.00      0.00 1753800   50168   1.25     132      12      0.00      0.00      0.00       0  |__calico-node
05:39:20        0         -      4922    0.00    0.00    0.00    0.00    0.00     0      0.00      0.00 1753800   50168   1.25     132      12      0.00      0.00      0.00       0  |__calico-node
05:39:20        0         -      4923    0.00    0.00    0.00    0.00    0.00     0      0.00      0.00 1753800   50168   1.25     132      12      0.00      0.00      0.00       0  |__calico-node
05:39:20        0         -      4924    0.00    0.00    0.00    0.00    0.00     1      0.00      0.00 1753800   50168   1.25     132      12      0.00      0.00      0.00       0  |__calico-node
05:39:20        0         -      4925    0.00    0.00    0.00    0.00    0.00     0      0.00      0.00 1753800   50168   1.25     132      12      0.00      0.00      0.00       0  |__calico-node
05:39:20        0         -      4926    0.00    0.00    0.00    0.00    0.00     1      0.00      0.00 1753800   50168   1.25     132      12      0.00      0.00      0.00       0  |__calico-node
05:39:20        0      5104         -    0.00    0.00    0.00    0.00    0.00     0      0.00      0.00 1243420   18268   0.46     132      12      0.00      0.00      0.00       0  containerd-shim
05:39:20        0         -      5104    0.00    0.00    0.00    0.00    0.00     0      0.00      0.00 1243420   18268   0.46     132      12      0.00      0.00      0.00       0  |__containerd-shim
05:39:20        0         -      5106    0.00    0.00    0.00    0.00    0.00     0      0.00      0.00 1243420   18268   0.46     132      12      0.00      0.00      0.00       0  |__containerd-shim
05:39:20        0         -      5107    0.00    0.00    0.00    0.00    0.00     0      0.00      0.00 1243420   18268   0.46     132      12      0.00      0.00      0.00       0  |__containerd-shim
05:39:20        0         -      5108    0.00    0.00    0.00    0.00    0.00     1      0.00      0.00 1243420   18268   0.46     132      12      0.00      0.00      0.00       0  |__containerd-shim
05:39:20        0         -      5109    0.00    0.00    0.00    0.00    0.00     1      0.00      0.00 1243420   18268   0.46     132      12      0.00      0.00      0.00       0  |__containerd-shim
05:39:20        0         -      5110    0.00    0.00    0.00    0.00    0.00     0      0.00      0.00 1243420   18268   0.46     132      12      0.00      0.00      0.00       0  |__containerd-shim
05:39:20        0         -      5112    0.00    0.00    0.00    0.00    0.00     0      0.00      0.00 1243420   18268   0.46     132      12      0.00      0.00      0.00       0  |__containerd-shim
05:39:20        0         -      5113    0.00    0.00    0.00    0.00    0.00     0      0.00      0.00 1243420   18268   0.46     132      12      0.00      0.00      0.00       0  |__containerd-shim
05:39:20        0         -      5114    0.00    0.00    0.00    0.00    0.00     0      0.00      0.00 1243420   18268   0.46     132      12      0.00      0.00      0.00       0  |__containerd-shim
05:39:20        0         -      5138    0.00    0.00    0.00    0.00    0.00     0      0.00      0.00 1243420   18268   0.46     132      12      0.00      0.00      0.00       0  |__containerd-shim
05:39:20        0         -      5140    0.00    0.00    0.00    0.00    0.00     0      0.00      0.00 1243420   18268   0.46     132      12      0.00      0.00      0.00       0  |__containerd-shim
05:39:20        0         -      5146    0.00    0.00    0.00    0.00    0.00     1      0.00      0.00 1243420   18268   0.46     132      12      0.00      0.00      0.00       0  |__containerd-shim
05:39:20        0         -      5955    0.00    0.00    0.00    0.00    0.00     1      0.00      0.00 1243420   18268   0.46     132      12      0.00      0.00      0.00       0  |__containerd-shim
05:39:20    65535      5132         -    0.00    0.00    0.00    0.00    0.00     1      0.00      0.00     972     512   0.01     132       8      0.00      0.00      0.00       0  pause
05:39:20    65535         -      5132    0.00    0.00    0.00    0.00    0.00     1      0.00      0.00     972     512   0.01     132       8      0.00      0.00      0.00       0  |__pause
05:39:20        0      5274         -    0.00    0.00    0.00    0.00    0.00     1      0.00      0.00 1243676   17708   0.44     132      12      0.00      0.00      0.00       0  containerd-shim
05:39:20        0         -      5274    0.00    0.00    0.00    0.00    0.00     1      0.00      0.00 1243676   17708   0.44     132      12      0.00      0.00      0.00       0  |__containerd-shim
05:39:20        0         -      5276    0.00    0.00    0.00    0.00    0.00     0      0.00      0.00 1243676   17708   0.44     132      12      0.00      0.00      0.00       0  |__containerd-shim
05:39:20        0         -      5277    0.00    0.00    0.00    0.00    0.00     1      0.00      0.00 1243676   17708   0.44     132      12      0.00      0.00      0.00       0  |__containerd-shim
05:39:20        0         -      5278    0.00    0.00    0.00    0.00    0.00     0      0.00      0.00 1243676   17708   0.44     132      12      0.00      0.00      0.00       0  |__containerd-shim
05:39:20        0         -      5279    0.00    0.00    0.00    0.00    0.00     1      0.00      0.00 1243676   17708   0.44     132      12      0.00      0.00      0.00       0  |__containerd-shim
05:39:20        0         -      5280    0.00    0.00    0.00    0.00    0.00     1      0.00      0.00 1243676   17708   0.44     132      12      0.00      0.00      0.00       0  |__containerd-shim
05:39:20        0         -      5282    0.00    0.00    0.00    0.00    0.00     0      0.00      0.00 1243676   17708   0.44     132      12      0.00      0.00      0.00       0  |__containerd-shim
05:39:20        0         -      5283    0.00    0.00    0.00    0.00    0.00     1      0.00      0.00 1243676   17708   0.44     132      12      0.00      0.00      0.00       0  |__containerd-shim
05:39:20        0         -      5284    0.00    0.00    0.00    0.00    0.00     1      0.00      0.00 1243676   17708   0.44     132      12      0.00      0.00      0.00       0  |__containerd-shim
05:39:20        0         -      5285    0.00    0.00    0.00    0.00    0.00     1      0.00      0.00 1243676   17708   0.44     132      12      0.00      0.00      0.00       0  |__containerd-shim
05:39:20        0         -      5620    0.00    0.00    0.00    0.00    0.00     0      0.00      0.00 1243676   17708   0.44     132      12      0.00      0.00      0.00       0  |__containerd-shim
05:39:20        0         -      5621    0.00    0.00    0.00    0.00    0.00     0      0.00      0.00 1243676   17708   0.44     132      12      0.00      0.00      0.00       0  |__containerd-shim
05:39:20        0         -     14091    0.00    0.00    0.00    0.00    0.00     0      0.00      0.00 1243676   17708   0.44     132      12      0.00      0.00      0.00       0  |__containerd-shim
05:39:20    65535      5309         -    0.00    0.00    0.00    0.00    0.00     0      0.00      0.00     972     512   0.01     132      16      0.00      0.00      0.00       0  pause
05:39:20    65535         -      5309    0.00    0.00    0.00    0.00    0.00     0      0.00      0.00     972     512   0.01     132      16      0.00      0.00      0.00       0  |__pause
05:39:20        0      5368         -    0.00    0.00    0.00    0.00    0.00     0      0.00      0.00 1243164   17772   0.44     132      16      0.00      0.00      0.00       0  containerd-shim
05:39:20        0         -      5368    0.00    0.00    0.00    0.00    0.00     0      0.00      0.00 1243164   17772   0.44     132      16      0.00      0.00      0.00       0  |__containerd-shim
05:39:20        0         -      5369    0.00    0.00    0.00    0.00    0.00     0      0.00      0.00 1243164   17772   0.44     132      16      0.00      0.00      0.00       0  |__containerd-shim
05:39:20        0         -      5370    0.00    0.00    0.00    0.00    0.00     0      0.00      0.00 1243164   17772   0.44     132      16      0.00      0.00      0.00       0  |__containerd-shim
05:39:20        0         -      5371    0.00    0.00    0.00    0.00    0.00     0      0.00      0.00 1243164   17772   0.44     132      16      0.00      0.00      0.00       0  |__containerd-shim
05:39:20        0         -      5372    0.00    0.00    0.00    0.00    0.00     1      0.00      0.00 1243164   17772   0.44     132      16      0.00      0.00      0.00       0  |__containerd-shim
05:39:20        0         -      5373    0.00    0.00    0.00    0.00    0.00     0      0.00      0.00 1243164   17772   0.44     132      16      0.00      0.00      0.00       0  |__containerd-shim
05:39:20        0         -      5375    0.00    0.00    0.00    0.00    0.00     0      0.00      0.00 1243164   17772   0.44     132      16      0.00      0.00      0.00       0  |__containerd-shim
05:39:20        0         -      5376    0.00    0.00    0.00    0.00    0.00     1      0.00      0.00 1243164   17772   0.44     132      16      0.00      0.00      0.00       0  |__containerd-shim
05:39:20        0         -      5377    0.00    0.00    0.00    0.00    0.00     1      0.00      0.00 1243164   17772   0.44     132      16      0.00      0.00      0.00       0  |__containerd-shim
05:39:20        0         -      5428    0.00    0.00    0.00    0.00    0.00     1      0.00      0.00 1243164   17772   0.44     132      16      0.00      0.00      0.00       0  |__containerd-shim
05:39:20        0         -      5430    0.00    0.00    0.00    0.00    0.00     0      0.00      0.00 1243164   17772   0.44     132      16      0.00      0.00      0.00       0  |__containerd-shim
05:39:20        0         -      5720    0.00    0.00    0.00    0.00    0.00     0      0.00      0.00 1243164   17772   0.44     132      16      0.00      0.00      0.00       0  |__containerd-shim
05:39:20        0         -      7324    0.00    0.00    0.00    0.00    0.00     1      0.00      0.00 1243164   17772   0.44     132      16      0.00      0.00      0.00       0  |__containerd-shim
05:39:20    65535      5394         -    0.00    0.00    0.00    0.00    0.00     0      0.00      0.00     972     512   0.01     132       4      0.00      0.00      0.00       0  pause
05:39:20    65535         -      5394    0.00    0.00    0.00    0.00    0.00     0      0.00      0.00     972     512   0.01     132       4      0.00      0.00      0.00       0  |__pause
05:39:20      999      5521         -    0.00    0.00    0.00    0.00    0.00     1      0.00      0.00 1242220    2176   0.05     132      16      0.00      0.00      0.00       0  wrapper
05:39:20      999         -      5521    0.00    0.00    0.00    0.00    0.00     1      0.00      0.00 1242220    2176   0.05     132      16      0.00      0.00      0.00       0  |__wrapper
05:39:20      999         -      5533    0.00    0.00    0.00    0.00    0.00     0      0.00      0.00 1242220    2176   0.05     132      16      0.00      0.00      0.00       0  |__wrapper
05:39:20      999         -      5534    0.00    0.00    0.00    0.00    0.00     0      0.00      0.00 1242220    2176   0.05     132      16      0.00      0.00      0.00       0  |__wrapper
05:39:20      999         -      5535    0.00    0.00    0.00    0.00    0.00     0      0.00      0.00 1242220    2176   0.05     132      16      0.00      0.00      0.00       0  |__wrapper
05:39:20      999         -      5536    0.00    0.00    0.00    0.00    0.00     1      0.00      0.00 1242220    2176   0.05     132      16      0.00      0.00      0.00       0  |__wrapper
05:39:20      999         -      5537    0.00    0.00    0.00    0.00    0.00     1      0.00      0.00 1242220    2176   0.05     132      16      0.00      0.00      0.00       0  |__wrapper
05:39:20      999         -      5538    0.00    0.00    0.00    0.00    0.00     1      0.00      0.00 1242220    2176   0.05     132      16      0.00      0.00      0.00       0  |__wrapper
05:39:20      999      5540         -    0.00    0.00    0.00    0.00    0.00     1      0.00      0.00 1288820   30988   0.77     132      16      0.00      0.00      0.00       0  kube-controller
05:39:20      999         -      5540    0.00    0.00    0.00    0.00    0.00     1      0.00      0.00 1288820   30988   0.77     132      16      0.00      0.00      0.00       0  |__kube-controller
05:39:20      999         -      5541    0.00    0.00    0.00    0.50    0.00     1      0.00      0.00 1288820   30988   0.77     132      16      0.00      0.00      0.00       0  |__kube-controller
05:39:20      999         -      5542    0.00    0.00    0.00    0.00    0.00     0      0.00      0.00 1288820   30988   0.77     132      16      0.00      0.00      0.00       0  |__kube-controller
05:39:20      999         -      5543    0.00    0.00    0.00    0.00    0.00     1      0.00      0.00 1288820   30988   0.77     132      16      0.00      0.00      0.00       0  |__kube-controller
05:39:20      999         -      5544    0.00    0.00    0.00    0.00    0.00     1      0.00      0.00 1288820   30988   0.77     132      16      0.00      0.00      0.00       0  |__kube-controller
05:39:20        0      5606         -    0.00    0.00    0.00    0.00    0.00     1      0.00      0.00 1275800   17428   0.43     132      12      0.00      0.00      0.00       0  cluster-proport
05:39:20        0         -      5606    0.00    0.00    0.00    0.00    0.00     1      0.00      0.00 1275800   17428   0.43     132      12      0.00      0.00      0.00       0  |__cluster-proport
05:39:20        0         -      5622    0.00    0.00    0.00    0.00    0.00     0      0.00      0.00 1275800   17428   0.43     132      12      0.00      0.00      0.00       0  |__cluster-proport
05:39:20        0         -      5623    0.00    0.00    0.00    0.00    0.00     0      0.00      0.00 1275800   17428   0.43     132      12      0.00      0.00      0.00       0  |__cluster-proport
05:39:20        0         -      5624    0.00    0.00    0.00    0.00    0.00     0      0.00      0.00 1275800   17428   0.43     132      12      0.00      0.00      0.00       0  |__cluster-proport
05:39:20        0         -      5625    0.00    0.00    0.00    0.00    0.00     1      0.00      0.00 1275800   17428   0.43     132      12      0.00      0.00      0.00       0  |__cluster-proport
05:39:20        0         -      5626    0.00    0.00    0.00    0.00    0.00     0      0.00      0.00 1275800   17428   0.43     132      12      0.00      0.00      0.00       0  |__cluster-proport
05:39:20        0      5640         -    0.50    0.50    0.00    0.00    1.01     1      0.00      0.00 1305692   23936   0.60     132      16      0.00      0.00      0.00       0  coredns
05:39:20        0         -      5640    0.00    0.00    0.00    0.00    0.00     1      0.00      0.00 1305692   23936   0.60     132      16      0.00      0.00      0.00       0  |__coredns
05:39:20        0         -      5651    0.00    0.00    0.00    0.00    0.00     1      0.00      0.00 1305692   23936   0.60     132      16      0.00      0.00      0.00       0  |__coredns
05:39:20        0         -      5652    0.00    0.00    0.00    0.00    0.00     0      0.00      0.00 1305692   23936   0.60     132      16      0.00      0.00      0.00       0  |__coredns
05:39:20        0         -      5653    0.00    0.00    0.00    0.00    0.00     0      0.00      0.00 1305692   23936   0.60     132      16      0.00      0.00      0.00       0  |__coredns
05:39:20        0         -      5654    0.00    0.00    0.00    0.00    0.00     0      0.00      0.00 1305692   23936   0.60     132      16      0.00      0.00      0.00       0  |__coredns
05:39:20        0         -      5655    0.00    0.00    0.00    0.00    0.00     0      0.00      0.00 1305692   23936   0.60     132      16      0.00      0.00      0.00       0  |__coredns
05:39:20        0         -      6319    0.00    0.00    0.00    0.00    0.00     1      0.00      0.00 1305692   23936   0.60     132      16      0.00      0.00      0.00       0  |__coredns
05:39:20        0      8231         -    0.00    0.00    0.00    0.00    0.00     0      0.00      0.00 1243420   17684   0.44     132      16      0.00      0.00      0.00       0  containerd-shim
05:39:20        0         -      8231    0.00    0.00    0.00    0.00    0.00     0      0.00      0.00 1243420   17684   0.44     132      16      0.00      0.00      0.00       0  |__containerd-shim
05:39:20        0         -      8232    0.00    0.00    0.00    0.00    0.00     0      0.00      0.00 1243420   17684   0.44     132      16      0.00      0.00      0.00       0  |__containerd-shim
05:39:20        0         -      8233    0.00    0.00    0.00    0.00    0.00     1      0.00      0.00 1243420   17684   0.44     132      16      0.00      0.00      0.00       0  |__containerd-shim
05:39:20        0         -      8234    0.00    0.00    0.00    0.00    0.00     1      0.00      0.00 1243420   17684   0.44     132      16      0.00      0.00      0.00       0  |__containerd-shim
05:39:20        0         -      8235    0.00    0.00    0.00    0.00    0.00     1      0.00      0.00 1243420   17684   0.44     132      16      0.00      0.00      0.00       0  |__containerd-shim
05:39:20        0         -      8236    0.00    0.00    0.00    0.00    0.00     1      0.00      0.00 1243420   17684   0.44     132      16      0.00      0.00      0.00       0  |__containerd-shim
05:39:20        0         -      8240    0.00    0.00    0.00    0.00    0.00     1      0.00      0.00 1243420   17684   0.44     132      16      0.00      0.00      0.00       0  |__containerd-shim
05:39:20        0         -      8241    0.00    0.00    0.00    0.00    0.00     0      0.00      0.00 1243420   17684   0.44     132      16      0.00      0.00      0.00       0  |__containerd-shim
05:39:20        0         -      8242    0.00    0.00    0.00    0.00    0.00     1      0.00      0.00 1243420   17684   0.44     132      16      0.00      0.00      0.00       0  |__containerd-shim
05:39:20        0         -      8269    0.00    0.00    0.00    0.00    0.00     1      0.00      0.00 1243420   17684   0.44     132      16      0.00      0.00      0.00       0  |__containerd-shim
05:39:20        0         -      8295    0.00    0.00    0.00    0.00    0.00     1      0.00      0.00 1243420   17684   0.44     132      16      0.00      0.00      0.00       0  |__containerd-shim
05:39:20        0         -      8296    0.00    0.00    0.00    0.00    0.00     0      0.00      0.00 1243420   17684   0.44     132      16      0.00      0.00      0.00       0  |__containerd-shim
05:39:20        0         -      8527    0.00    0.00    0.00    0.00    0.00     0      0.00      0.00 1243420   17684   0.44     132      16      0.00      0.00      0.00       0  |__containerd-shim
05:39:20    65535      8260         -    0.00    0.00    0.00    0.00    0.00     1      0.00      0.00     972     512   0.01     132      12      0.00      0.00      0.00       0  pause
05:39:20    65535         -      8260    0.00    0.00    0.00    0.00    0.00     1      0.00      0.00     972     512   0.01     132      12      0.00      0.00      0.00       0  |__pause
05:39:20        0      8288         -    0.00    0.00    0.00    0.00    0.00     0      0.00      0.00    2684     256   0.01     132      16      0.00      0.00      0.00       0  tini
05:39:20        0         -      8288    0.00    0.00    0.00    0.00    0.00     0      0.00      0.00    2684     256   0.01     132      16      0.00      0.00      0.00       0  |__tini
05:39:20        0      8352         -    3.02    1.01    0.00    0.00    4.02     0    182.91      0.00 1702968  289436   7.22     132      16      4.02    130.65      0.00       0  agent
05:39:20        0         -      8352    0.00    0.00    0.00    0.00    0.00     0      0.00      0.00 1702968  289436   7.22     132      16      0.00      0.00      0.00       0  |__agent
05:39:20        0         -      8353    0.00    0.00    0.00    4.52    0.00     1      0.00      0.00 1702968  289436   7.22     132      16      0.00      0.00      0.00       0  |__agent
05:39:20        0         -      8354    0.00    0.00    0.00    0.00    0.00     1      0.00      0.00 1702968  289436   7.22     132      16      0.00      0.00      0.00       0  |__agent
05:39:20        0         -      8355    0.00    0.00    0.00    0.00    0.00     1      0.00      0.00 1702968  289436   7.22     132      16      0.00      0.00      0.00       0  |__agent
05:39:20        0         -      8367    1.01    0.50    0.00    3.02    1.51     0     40.20      0.00 1702968  289436   7.22     132      16      0.00      0.00      0.00       0  |__agent
05:39:20        0         -      8368    0.00    0.00    0.00    0.00    0.00     1      0.00      0.00 1702968  289436   7.22     132      16      0.00      0.00      0.00       0  |__agent
05:39:20        0         -      8381    0.00    0.00    0.00    0.00    0.00     1      0.00      0.00 1702968  289436   7.22     132      16      0.00      0.00      0.00       0  |__agent
05:39:20        0         -      8382    0.50    0.50    0.00    2.51    1.01     0     60.30      0.00 1702968  289436   7.22     132      16      2.01     64.32      0.00       0  |__agent
05:39:20        0         -      8530    0.00    0.00    0.00    0.00    0.00     0      0.00      0.00 1702968  289436   7.22     132      16      0.00      0.00      0.00       0  |__agent
05:39:20        0         -      8555    1.51    0.00    0.00    7.04    1.51     1     82.41      0.00 1702968  289436   7.22     132      16      2.01     66.33      0.00       0  |__agent
05:39:20        0         -      8557    0.00    0.00    0.00    0.00    0.00     1      0.00      0.00 1702968  289436   7.22     132      16      0.00      0.00      0.00       0  |__agent
05:39:20        0         -      8558    0.00    0.00    0.00    0.00    0.00     1      0.00      0.00 1702968  289436   7.22     132      16      0.00      0.00      0.00       0  |__agent
05:39:20        0      9277         -    0.00    0.00    0.00    0.00    0.00     0      0.00      0.00 1243420   17984   0.45     132      16      0.00      0.00      0.00       0  containerd-shim
05:39:20        0         -      9277    0.00    0.00    0.00    0.00    0.00     0      0.00      0.00 1243420   17984   0.45     132      16      0.00      0.00      0.00       0  |__containerd-shim
05:39:20        0         -      9280    0.00    0.00    0.00    0.00    0.00     1      0.00      0.00 1243420   17984   0.45     132      16      0.00      0.00      0.00       0  |__containerd-shim
05:39:20        0         -      9281    0.00    0.00    0.00    0.00    0.00     1      0.00      0.00 1243420   17984   0.45     132      16      0.00      0.00      0.00       0  |__containerd-shim
05:39:20        0         -      9283    0.00    0.00    0.00    0.00    0.00     1      0.00      0.00 1243420   17984   0.45     132      16      0.00      0.00      0.00       0  |__containerd-shim
05:39:20        0         -      9284    0.00    0.00    0.00    0.00    0.00     1      0.00      0.00 1243420   17984   0.45     132      16      0.00      0.00      0.00       0  |__containerd-shim
05:39:20        0         -      9285    0.00    0.00    0.00    0.00    0.00     1      0.00      0.00 1243420   17984   0.45     132      16      0.00      0.00      0.00       0  |__containerd-shim
05:39:20        0         -      9287    0.00    0.00    0.00    0.00    0.00     1      0.00      0.00 1243420   17984   0.45     132      16      0.00      0.00      0.00       0  |__containerd-shim
05:39:20        0         -      9288    0.00    0.00    0.00    0.00    0.00     1      0.00      0.00 1243420   17984   0.45     132      16      0.00      0.00      0.00       0  |__containerd-shim
05:39:20        0         -      9289    0.00    0.00    0.00    0.00    0.00     0      0.00      0.00 1243420   17984   0.45     132      16      0.00      0.00      0.00       0  |__containerd-shim
05:39:20        0         -      9290    0.00    0.00    0.00    0.00    0.00     1      0.00      0.00 1243420   17984   0.45     132      16      0.00      0.00      0.00       0  |__containerd-shim
05:39:20        0         -      9318    0.00    0.00    0.00    0.00    0.00     1      0.00      0.00 1243420   17984   0.45     132      16      0.00      0.00      0.00       0  |__containerd-shim
05:39:20        0         -      9349    0.00    0.00    0.00    0.00    0.00     0      0.00      0.00 1243420   17984   0.45     132      16      0.00      0.00      0.00       0  |__containerd-shim
05:39:20        0         -     14954    0.00    0.00    0.00    0.00    0.00     1      0.00      0.00 1243420   17984   0.45     132      16      0.00      0.00      0.00       0  |__containerd-shim
05:39:20    65535      9311         -    0.00    0.00    0.00    0.00    0.00     0      0.00      0.00     972     512   0.01     132      12      0.00      0.00      0.00       0  pause
05:39:20    65535         -      9311    0.00    0.00    0.00    0.00    0.00     0      0.00      0.00     972     512   0.01     132      12      0.00      0.00      0.00       0  |__pause
05:39:20        0      9336         -    0.00    0.00    0.00    0.00    0.00     1      0.00      0.00    2684     128   0.00     132       8      0.00      0.00      0.00       0  tini
05:39:20        0         -      9336    0.00    0.00    0.00    0.00    0.00     1      0.00      0.00    2684     128   0.00     132       8      0.00      0.00      0.00       0  |__tini
05:39:20        0      9401         -    1.01    0.50    0.00    0.00    1.51     0      0.00      0.00 1634640  224960   5.61     132      16      0.00      0.00      0.00       0  agent
05:39:20        0         -      9401    0.00    0.00    0.00    0.00    0.00     0      0.00      0.00 1634640  224960   5.61     132      16      0.00      0.00      0.00       0  |__agent
05:39:20        0         -      9402    0.00    0.00    0.00    4.02    0.00     0      0.00      0.00 1634640  224960   5.61     132      16      0.00      0.00      0.00       0  |__agent
05:39:20        0         -      9403    0.00    0.00    0.00    0.00    0.00     0      0.00      0.00 1634640  224960   5.61     132      16      0.00      0.00      0.00       0  |__agent
05:39:20        0         -      9404    0.00    0.00    0.00    0.00    0.00     1      0.00      0.00 1634640  224960   5.61     132      16      0.00      0.00      0.00       0  |__agent
05:39:20        0         -      9405    0.00    0.00    0.00    0.00    0.00     1      0.00      0.00 1634640  224960   5.61     132      16      0.00      0.00      0.00       0  |__agent
05:39:20        0         -      9414    0.00    0.00    0.00    0.00    0.00     0      0.00      0.00 1634640  224960   5.61     132      16      0.00      0.00      0.00       0  |__agent
05:39:20        0         -      9415    0.50    0.00    0.00    2.01    0.50     1      0.00      0.00 1634640  224960   5.61     132      16      0.00      0.00      0.00       0  |__agent
05:39:20        0         -      9416    0.00    0.00    0.00    0.00    0.00     0      0.00      0.00 1634640  224960   5.61     132      16      0.00      0.00      0.00       0  |__agent
05:39:20        0         -      9553    0.00    0.00    0.00    3.02    0.00     1      0.00      0.00 1634640  224960   5.61     132      16      0.00      0.00      0.00       0  |__agent
05:39:20        0         -      9554    0.50    0.00    0.00    2.01    0.50     0      0.00      0.00 1634640  224960   5.61     132      16      0.00      0.00      0.00       0  |__agent
05:39:20        0      9690         -    0.00    0.00    0.00    0.00    0.00     0      0.00      0.00 1243164   17708   0.44     132      16      0.00      0.00      0.00       0  containerd-shim
05:39:20        0         -      9690    0.00    0.00    0.00    0.00    0.00     0      0.00      0.00 1243164   17708   0.44     132      16      0.00      0.00      0.00       0  |__containerd-shim
05:39:20        0         -      9691    0.00    0.00    0.00    0.00    0.00     1      0.00      0.00 1243164   17708   0.44     132      16      0.00      0.00      0.00       0  |__containerd-shim
05:39:20        0         -      9692    0.00    0.00    0.00    0.00    0.00     1      0.00      0.00 1243164   17708   0.44     132      16      0.00      0.00      0.00       0  |__containerd-shim
05:39:20        0         -      9693    0.00    0.00    0.00    0.00    0.00     1      0.00      0.00 1243164   17708   0.44     132      16      0.00      0.00      0.00       0  |__containerd-shim
05:39:20        0         -      9694    0.00    0.00    0.00    0.00    0.00     1      0.00      0.00 1243164   17708   0.44     132      16      0.00      0.00      0.00       0  |__containerd-shim
05:39:20        0         -      9695    0.00    0.00    0.00    0.00    0.00     1      0.00      0.00 1243164   17708   0.44     132      16      0.00      0.00      0.00       0  |__containerd-shim
05:39:20        0         -      9696    0.00    0.00    0.00    0.00    0.00     1      0.00      0.00 1243164   17708   0.44     132      16      0.00      0.00      0.00       0  |__containerd-shim
05:39:20        0         -      9697    0.00    0.00    0.00    0.00    0.00     1      0.00      0.00 1243164   17708   0.44     132      16      0.00      0.00      0.00       0  |__containerd-shim
05:39:20        0         -      9698    0.00    0.00    0.00    0.00    0.00     0      0.00      0.00 1243164   17708   0.44     132      16      0.00      0.00      0.00       0  |__containerd-shim
05:39:20        0         -      9724    0.00    0.00    0.00    0.00    0.00     1      0.00      0.00 1243164   17708   0.44     132      16      0.00      0.00      0.00       0  |__containerd-shim
05:39:20        0         -      9725    0.00    0.00    0.00    0.00    0.00     1      0.00      0.00 1243164   17708   0.44     132      16      0.00      0.00      0.00       0  |__containerd-shim
05:39:20        0         -      9894    0.00    0.00    0.00    0.00    0.00     0      0.00      0.00 1243164   17708   0.44     132      16      0.00      0.00      0.00       0  |__containerd-shim
05:39:20        0         -      9895    0.00    0.00    0.00    0.00    0.00     0      0.00      0.00 1243164   17708   0.44     132      16      0.00      0.00      0.00       0  |__containerd-shim
05:39:20    65535      9713         -    0.00    0.00    0.00    0.00    0.00     1      0.00      0.00     972     512   0.01     132      16      0.00      0.00      0.00       0  pause
05:39:20    65535         -      9713    0.00    0.00    0.00    0.00    0.00     1      0.00      0.00     972     512   0.01     132      16      0.00      0.00      0.00       0  |__pause
05:39:20     1000      9799         -    0.00    0.00    0.00    0.00    0.00     1      0.00      0.00 1285008   60876   1.52     132       4      0.00      0.00      0.00       0  webhook
05:39:20     1000         -      9799    0.00    0.00    0.00    0.00    0.00     1      0.00      0.00 1285008   60876   1.52     132       4      0.00      0.00      0.00       0  |__webhook
05:39:20     1000         -      9811    0.00    0.50    0.00    0.50    0.50     0      0.00      0.00 1285008   60876   1.52     132       4      0.00      0.00      0.00       0  |__webhook
05:39:20     1000         -      9812    0.50    0.00    0.00    0.00    0.50     1      0.00      0.00 1285008   60876   1.52     132       4      0.00      0.00      0.00       0  |__webhook
05:39:20     1000         -      9813    0.00    0.00    0.00    0.00    0.00     1      0.00      0.00 1285008   60876   1.52     132       4      0.00      0.00      0.00       0  |__webhook
05:39:20     1000         -      9814    0.00    0.00    0.00    0.00    0.00     0      0.00      0.00 1285008   60876   1.52     132       4      0.00      0.00      0.00       0  |__webhook
05:39:20     1000         -      9815    0.00    0.00    0.00    0.00    0.00     0      0.00      0.00 1285008   60876   1.52     132       4      0.00      0.00      0.00       0  |__webhook
05:39:20     1000         -      9816    0.00    0.00    0.00    0.00    0.00     1      0.00      0.00 1285008   60876   1.52     132       4      0.00      0.00      0.00       0  |__webhook
05:39:20     1000         -      9817    0.00    0.00    0.00    0.00    0.00     0      0.00      0.00 1285008   60876   1.52     132       4      0.00      0.00      0.00       0  |__webhook
05:39:20        0     10450         -    0.00    0.00    0.00    0.00    0.00     1      0.00      0.00 1243420   17920   0.45     132      16      0.00      0.00      0.00       0  containerd-shim
05:39:20        0         -     10450    0.00    0.00    0.00    0.00    0.00     1      0.00      0.00 1243420   17920   0.45     132      16      0.00      0.00      0.00       0  |__containerd-shim
05:39:20        0         -     10452    0.00    0.00    0.00    0.00    0.00     1      0.00      0.00 1243420   17920   0.45     132      16      0.00      0.00      0.00       0  |__containerd-shim
05:39:20        0         -     10453    0.00    0.00    0.00    0.00    0.00     1      0.00      0.00 1243420   17920   0.45     132      16      0.00      0.00      0.00       0  |__containerd-shim
05:39:20        0         -     10454    0.00    0.00    0.00    0.00    0.00     1      0.00      0.00 1243420   17920   0.45     132      16      0.00      0.00      0.00       0  |__containerd-shim
05:39:20        0         -     10455    0.00    0.00    0.00    0.00    0.00     0      0.00      0.00 1243420   17920   0.45     132      16      0.00      0.00      0.00       0  |__containerd-shim
05:39:20        0         -     10456    0.00    0.00    0.00    0.00    0.00     1      0.00      0.00 1243420   17920   0.45     132      16      0.00      0.00      0.00       0  |__containerd-shim
05:39:20        0         -     10457    0.00    0.00    0.00    0.00    0.00     0      0.00      0.00 1243420   17920   0.45     132      16      0.00      0.00      0.00       0  |__containerd-shim
05:39:20        0         -     10458    0.00    0.00    0.00    0.00    0.00     0      0.00      0.00 1243420   17920   0.45     132      16      0.00      0.00      0.00       0  |__containerd-shim
05:39:20        0         -     10459    0.00    0.00    0.00    0.00    0.00     0      0.00      0.00 1243420   17920   0.45     132      16      0.00      0.00      0.00       0  |__containerd-shim
05:39:20        0         -     10460    0.00    0.00    0.00    0.00    0.00     0      0.00      0.00 1243420   17920   0.45     132      16      0.00      0.00      0.00       0  |__containerd-shim
05:39:20        0         -     10623    0.00    0.00    0.00    0.00    0.00     0      0.00      0.00 1243420   17920   0.45     132      16      0.00      0.00      0.00       0  |__containerd-shim
05:39:20        0         -     11272    0.00    0.00    0.00    0.00    0.00     1      0.00      0.00 1243420   17920   0.45     132      16      0.00      0.00      0.00       0  |__containerd-shim
05:39:20        0         -     13434    0.00    0.00    0.00    0.00    0.00     0      0.00      0.00 1243420   17920   0.45     132      16      0.00      0.00      0.00       0  |__containerd-shim
05:39:20    65535     10476         -    0.00    0.00    0.00    0.00    0.00     0      0.00      0.00     972     512   0.01     132       8      0.00      0.00      0.00       0  pause
05:39:20    65535         -     10476    0.00    0.00    0.00    0.00    0.00     0      0.00      0.00     972     512   0.01     132       8      0.00      0.00      0.00       0  |__pause
05:39:20    65534     10609         -    0.00    0.00    0.00    0.00    0.00     0      0.00      0.00 1276068   48352   1.21     132      16      0.00      0.00      0.00       0  system-upgrade-
05:39:20    65534         -     10609    0.00    0.00    0.00    0.00    0.00     0      0.00      0.00 1276068   48352   1.21     132      16      0.00      0.00      0.00       0  |__system-upgrade-
05:39:20    65534         -     10624    0.00    0.00    0.00    0.50    0.00     0      0.00      0.00 1276068   48352   1.21     132      16      0.00      0.00      0.00       0  |__system-upgrade-
05:39:20    65534         -     10625    0.00    0.00    0.00    0.00    0.00     0      0.00      0.00 1276068   48352   1.21     132      16      0.00      0.00      0.00       0  |__system-upgrade-
05:39:20    65534         -     10626    0.00    0.00    0.00    0.00    0.00     0      0.00      0.00 1276068   48352   1.21     132      16      0.00      0.00      0.00       0  |__system-upgrade-
05:39:20    65534         -     10627    0.00    0.00    0.00    0.00    0.00     1      0.00      0.00 1276068   48352   1.21     132      16      0.00      0.00      0.00       0  |__system-upgrade-
05:39:20    65534         -     10628    0.00    0.00    0.00    0.00    0.00     1      0.00      0.00 1276068   48352   1.21     132      16      0.00      0.00      0.00       0  |__system-upgrade-
05:39:20    65534         -     10629    0.00    0.00    0.00    0.00    0.00     1      0.00      0.00 1276068   48352   1.21     132      16      0.00      0.00      0.00       0  |__system-upgrade-
05:39:20    65534         -     10630    0.00    0.00    0.00    0.50    0.00     0      0.00      0.00 1276068   48352   1.21     132      16      0.00      0.00      0.00       0  |__system-upgrade-
05:39:20    65534         -     10631    0.00    0.00    0.00    0.50    0.00     1      0.00      0.00 1276068   48352   1.21     132      16      0.00      0.00      0.00       0  |__system-upgrade-
05:39:20        0     11033         -    1.01    0.50    0.00    0.00    1.51     0      1.01      0.00 1284552   36840   0.92     132      16      0.00      2.01      2.01       0  rancher-system-
05:39:20        0         -     11033    0.00    0.00    0.00    0.00    0.00     0      0.00      0.00 1284552   36840   0.92     132      16      0.00      0.00      0.00       0  |__rancher-system-
05:39:20        0         -     11036    0.00    0.00    0.00    0.50    0.00     0      0.00      0.00 1284552   36840   0.92     132      16      0.00      0.00      0.00       0  |__rancher-system-
05:39:20        0         -     11037    0.00    0.00    0.00    0.00    0.00     1      0.00      0.00 1284552   36840   0.92     132      16      0.00      0.00      0.00       0  |__rancher-system-
05:39:20        0         -     11038    0.00    0.00    0.00    0.00    0.00     0      0.00      0.00 1284552   36840   0.92     132      16      0.00      0.00      0.00       0  |__rancher-system-
05:39:20        0         -     11045    0.00    0.00    0.00    0.00    0.00     0      0.00      0.00 1284552   36840   0.92     132      16      0.00      0.00      0.00       0  |__rancher-system-
05:39:20        0         -     11058    0.00    0.00    0.00    0.00    0.00     1      0.00      0.00 1284552   36840   0.92     132      16      0.00      0.00      0.00       0  |__rancher-system-
05:39:20        0         -     11059    0.00    0.00    0.00    0.00    0.00     0      0.00      0.00 1284552   36840   0.92     132      16      0.00      0.00      0.00       0  |__rancher-system-
05:39:20        0         -     11062    0.00    0.00    0.00    0.50    0.00     0      1.01      0.00 1284552   36840   0.92     132      16      0.00      2.01      2.01       0  |__rancher-system-
05:39:20        0         -     14858    0.50    0.00    0.00    0.50    0.50     1      0.00      0.00 1284552   36840   0.92     132      16      0.00      0.00      0.00       0  |__rancher-system-
05:39:20        0     11440         -    0.00    0.00    0.00    0.00    0.00     1      0.00      0.00       0       0   0.00       0       0      0.00      0.00      0.00       0  psimon
05:39:20        0         -     11440    0.00    0.00    0.00    0.00    0.00     1      0.00      0.00       0       0   0.00       0       0      0.00      0.00      0.00       0  |__psimon
05:39:20        0     14766         -    0.00    0.00    0.00    0.00    0.00     1      0.00      0.00       0       0   0.00       0       0      0.00      0.00      0.00       0  kworker/u6:0-events_power_efficient
05:39:20        0         -     14766    0.00    0.00    0.00    0.00    0.00     1      0.00      0.00       0       0   0.00       0       0      0.00      0.00      0.00       0  |__kworker/u6:0-events_power_efficient
05:39:20        0     17634         -    0.00    0.00    0.00    0.00    0.00     1      0.00      0.00       0       0   0.00       0       0      0.00      0.00      0.00       0  kworker/1:1-events
05:39:20        0         -     17634    0.00    0.00    0.00    0.00    0.00     1      0.00      0.00       0       0   0.00       0       0      0.00      0.00      0.00       0  |__kworker/1:1-events
05:39:20        0     17998         -    0.00    0.00    0.00    0.00    0.00     1      0.00      0.00   12020    8064   0.20     132      44      0.00      0.00      0.00       0  sshd
05:39:20        0         -     17998    0.00    0.00    0.00    0.00    0.00     1      0.00      0.00   12020    8064   0.20     132      44      0.00      0.00      0.00       0  |__sshd
05:39:20        0     17999         -    0.00    0.00    0.00    0.00    0.00     0      0.00      0.00   14972   10368   0.26     272     272      0.00      0.00      0.00       0  sshd
05:39:20        0         -     17999    0.00    0.00    0.00    0.00    0.00     0      0.00      0.00   14972   10368   0.26     272     272      0.00      0.00      0.00       0  |__sshd
05:39:20        0     18003         -    0.00    0.00    0.00    0.00    0.00     1      0.00      0.00       0       0   0.00       0       0      0.00      0.00      0.00       0  kworker/u6:1-writeback
05:39:20        0         -     18003    0.00    0.00    0.00    0.00    0.00     1      0.00      0.00       0       0   0.00       0       0      0.00      0.00      0.00       0  |__kworker/u6:1-writeback
05:39:20        0     18004         -    0.00    0.00    0.00    0.00    0.00     0      0.00      0.00   20812   11392   0.28     132      24      0.00      0.00      0.00       0  systemd
05:39:20        0         -     18004    0.00    0.00    0.00    0.00    0.00     0      0.00      0.00   20812   11392   0.28     132      24      0.00      0.00      0.00       0  |__systemd
05:39:20        0     18006         -    0.00    0.00    0.00    0.00    0.00     0      0.00      0.00   21156    3376   0.08     276      12      0.00      0.00      0.00       0  (sd-pam)
05:39:20        0         -     18006    0.00    0.00    0.00    0.00    0.00     0      0.00      0.00   21156    3376   0.08     276      12      0.00      0.00      0.00       0  |__(sd-pam)
05:39:20        0     18011         -    0.00    0.00    0.00    0.00    0.00     1      0.00      0.00       0       0   0.00       0       0      0.00      0.00      0.00       0  psimon
05:39:20        0         -     18011    0.00    0.00    0.00    0.00    0.00     1      0.00      0.00       0       0   0.00       0       0      0.00      0.00      0.00       0  |__psimon
05:39:20        0     18187         -    0.00    0.00    0.00    0.00    0.00     0      0.00      0.00    9192    5376   0.13     132     112      0.00      0.00      0.00       0  bash
05:39:20        0         -     18187    0.00    0.00    0.00    0.00    0.00     0      0.00      0.00    9192    5376   0.13     132     112      0.00      0.00      0.00       0  |__bash
05:39:20        0     19879         -    0.00    0.00    0.00    0.50    0.00     0      0.00      0.00       0       0   0.00       0       0      0.00      0.00      0.00       0  kworker/0:1-events
05:39:20        0         -     19879    0.00    0.00    0.00    0.50    0.00     0      0.00      0.00       0       0   0.00       0       0      0.00      0.00      0.00       0  |__kworker/0:1-events
05:39:20        0     24389         -    0.00    0.00    0.00    0.00    0.00     1      0.00      0.00       0       0   0.00       0       0      0.00      0.00      0.00       0  kworker/u6:3-events_power_efficient
05:39:20        0         -     24389    0.00    0.00    0.00    0.00    0.00     1      0.00      0.00       0       0   0.00       0       0      0.00      0.00      0.00       0  |__kworker/u6:3-events_power_efficient
05:39:20        0     25859         -    0.00    0.00    0.00    0.00    0.00     1      0.00      0.00       0       0   0.00       0       0      0.00      0.00      0.00       0  kworker/1:0-events
05:39:20        0         -     25859    0.00    0.00    0.00    0.00    0.00     1      0.00      0.00       0       0   0.00       0       0      0.00      0.00      0.00       0  |__kworker/1:0-events
05:39:20        0     25863         -    0.00    0.00    0.00    0.00    0.00     0      0.00      0.00       0       0   0.00       0       0      0.00      0.00      0.00       0  kworker/0:0-events
05:39:20        0         -     25863    0.00    0.00    0.00    0.00    0.00     0      0.00      0.00       0       0   0.00       0       0      0.00      0.00      0.00       0  |__kworker/0:0-events
05:39:20        0     26191         -    0.00    0.00    0.00    0.00    0.00     0      0.00      0.00       0       0   0.00       0       0      0.00      0.00      0.00       0  kworker/u5:3-events_power_efficient
05:39:20        0         -     26191    0.00    0.00    0.00    0.00    0.00     0      0.00      0.00       0       0   0.00       0       0      0.00      0.00      0.00       0  |__kworker/u5:3-events_power_efficient
05:39:20        0     27143         -    0.00    0.00    0.00    0.00    0.00     0      0.00      0.00       0       0   0.00       0       0      0.00      0.00      0.00       0  kworker/u5:4-flush-253:0
05:39:20        0         -     27143    0.00    0.00    0.00    0.00    0.00     0      0.00      0.00       0       0   0.00       0       0      0.00      0.00      0.00       0  |__kworker/u5:4-flush-253:0
05:39:20        0     27359         -    0.00    0.00    0.00    0.00    0.00     1      0.00      0.00    8944    4736   0.12     132      24      0.00      0.00      0.00       0  bash
05:39:20        0         -     27359    0.00    0.00    0.00    0.00    0.00     1      0.00      0.00    8944    4736   0.12     132      24      0.00      0.00      0.00       0  |__bash
05:39:20        0     27587         -    4.52   30.15    0.00    7.04   34.67     1      0.00      0.00   10168    9216   0.23     132      20      0.00     78.39      0.00       0  pidstat
05:39:20        0         -     27587    4.52   30.15    0.00    7.04   34.67     1      0.00      0.00   10168    9216   0.23     132      20      0.00     78.39      0.00       0  |__pidstat
